CASE_ID,ACCIDENT_YEAR,PROC_DATE,JURIS,COLLISION_DATE,COLLISION_TIME,OFFICER_ID,REPORTING_DISTRICT,DAY_OF_WEEK,CHP_SHIFT,POPULATION,CNTY_CITY_LOC,SPECIAL_COND,BEAT_TYPE,CHP_BEAT_TYPE,CITY_DIVISION_LAPD,CHP_BEAT_CLASS,BEAT_NUMBER,PRIMARY_RD,SECONDARY_RD,DISTANCE,DIRECTION,INTERSECTION,WEATHER_1,WEATHER_2,STATE_HWY_IND,CALTRANS_COUNTY,CALTRANS_DISTRICT,STATE_ROUTE,ROUTE_SUFFIX,POSTMILE_PREFIX,POSTMILE,LOCATION_TYPE,RAMP_INTERSECTION,SIDE_OF_HWY,TOW_AWAY,COLLISION_SEVERITY,NUMBER_KILLED,NUMBER_INJURED,PARTY_COUNT,PRIMARY_COLL_FACTOR,PCF_CODE_OF_VIOL,PCF_VIOL_CATEGORY,PCF_VIOLATION,PCF_VIOL_SUBSECTION,HIT_AND_RUN,TYPE_OF_COLLISION,MVIW,PED_ACTION,ROAD_SURFACE,ROAD_COND_1,ROAD_COND_2,LIGHTING,CONTROL_DEVICE,CHP_ROAD_TYPE,PEDESTRIAN_ACCIDENT,BICYCLE_ACCIDENT,MOTORCYCLE_ACCIDENT,TRUCK_ACCIDENT,NOT_PRIVATE_PROPERTY,ALCOHOL_INVOLVED,STWD_VEHTYPE_AT_FAULT,CHP_VEHTYPE_AT_FAULT,COUNT_SEVERE_INJ,COUNT_VISIBLE_INJ,COUNT_COMPLAINT_PAIN,COUNT_PED_KILLED,COUNT_PED_INJURED,COUNT_BICYCLIST_KILLED,COUNT_BICYCLIST_INJURED,COUNT_MC_KILLED,COUNT_MC_INJURED,PRIMARY_RAMP,SECONDARY_RAMP,LATITUDE,LONGITUDE,COUNTY,CITY,POINT_X,POINT_Y
9218380,2021,2021-03-17,4116,2021-01-16,1120,28889,50,6,5,5,4116,0,0,0,,0,00D,"COYOTE POINT DR","COYOTE POINT DR 1601",0.00,,Y,A,-,N,,,,,,,,,,N,3,0,1,3,A,-,09,21800,A,N,D,G,A,A,H,-,A,D,0,,Y,,,Y,,-,"- ",0,1,0,0,0,0,1,0,0,"- ","- ",37.588279724121094,-122.32421875,"SAN MATEO","SAN MATEO",,
9270982,2021,2021-06-16,4106,2021-05-02,1030,2063,8,7,5,6,4106,0,0,0,,0,004,"LAKE MERCED BL","JOHN DALY BL",0.00,,Y,A,-,N,,,,,,,,,,Y,3,0,1,2,A,-,08,22107,,N,B,C,A,A,H,-,A,A,0,,,,,Y,,A,01,0,1,0,0,0,0,0,0,0,"- ","- ",,,"SAN MATEO","DALY CITY",-122.48490905761719,37.701442718505859
9382068,2021,2022-02-03,4106,2021-10-24,1807,1262,13A,7,5,6,4106,0,0,0,,0,006,"CALLAN BL","CLARINADA AV",501.00,N,N,C,-,N,,,,,,,,,,N,3,0,1,2,A,-,09,21801,A,N,D,C,A,B,H,-,C,D,0,,,,,Y,,A,01,0,1,0,0,0,0,0,0,0,"- ","- ",37.671211242675781,-122.47524261474609,"SAN MATEO","DALY CITY",-122.47412109375,37.672183990478516
91457395,2021,2021-04-23,9330,2021-04-21,0550,022101,,3,3,4,4104,0,1,2,,2,038,"US-101 N/B",BROADWAY,528.00,N,N,A,-,Y,,,101,,,,,,N,Y,4,0,1,3,A,-,03,22350,,N,C,C,A,A,D,-,A,D,0,,,,,Y,,A,01,0,0,1,0,0,0,0,0,0,"- ","- ",37.591598510742188,-122.36344909667969,"SAN MATEO",BURLINGAME,-122.36344146728516,37.591617584228516
91512947,2021,2021-12-20,9335,2021-06-26,2150,022096,,6,2,5,4117,0,1,1,,2,021,"I-280 S/B","WESTBOROUGH BLVD",1103.00,N,N,B,-,Y,,,280,,,,,,S,Y,4,0,1,1,A,-,08,22107,,N,E,I,A,A,H,-,E,D,0,,,,,Y,,A,07,0,0,1,0,0,0,0,0,0,"- ","- ",37.647991180419922,-122.45152282714844,"SAN MATEO","SOUTH SAN FRANCISCO",-122.45143127441406,37.648040771484375
9241102,2021,2021-03-30,4102,2021-02-27,1718,09650,6CI,6,5,4,4102,0,0,0,,0,003,"RALSTON AV","PULLMAN AV",28.00,E,N,A,-,N,,,,,,,,,,Y,3,0,3,2,A,-,03,22350,,N,C,C,A,A,H,-,B,D,0,,,,,Y,,A,07,0,2,1,0,0,0,0,0,0,"- ","- ",37.511341094970703,-122.29741668701172,"SAN MATEO",BELMONT,-122.29730224609375,37.511360168457031
9375063,2021,2021-12-16,4106,2021-11-12,1255,2154,5,5,5,6,4106,0,0,0,,0,003,"MISSION ST","BISMARK ST",125.00,S,N,A,-,N,,,,,,,,,,N,4,0,4,2,A,-,03,22350,,N,C,C,A,A,H,-,A,D,0,,,,,Y,,A,01,0,0,4,0,0,0,0,0,0,"- ","- ",,,"SAN MATEO","DALY CITY",-122.46475982666016,37.695430755615234
91500570,2021,2021-06-18,9330,2021-06-14,1905,016184,,1,2,9,4100,0,1,3,,2,042,"SR-35 (SKYLINE BLVD.) S/B","BEAR GULCH RD.",528.00,N,N,A,-,Y,,,35,,,,,,S,Y,3,0,1,1,A,-,03,22350,,N,E,I,A,A,H,-,B,D,0,,,,,Y,,A,01,0,1,0,0,0,0,0,0,0,"- ","- ",37.398029327392578,-122.29348754882812,"SAN MATEO",UNINCORPORATED,-122.29346466064453,37.397998809814453
91624985,2021,2021-11-15,9330,2021-08-24,2037,020554,,2,2,4,4127,0,1,2,,2,058,"US-101 S/B","UNIVERSITY AVE.",475.00,N,N,A,-,Y,,,101,,,,,,S,Y,3,0,2,2,A,-,03,22350,,N,C,C,A,A,D,-,D,D,0,,,,,Y,,A,01,0,1,1,0,0,0,0,0,0,"- ","- ",37.461498260498047,-122.14244079589844,"SAN MATEO","EAST PALO ALTO",-122.14254760742188,37.461318969726562
9222822,2021,2021-03-18,4100,2021-01-15,1634,25189,38,5,5,4,4115,0,0,0,,0,053,"CRESTVIEW DR","CRESTVIEW DRIVE PARK",100.00,N,N,A,-,N,,,,,,,,,,Y,3,0,2,2,A,-,21,22106,,N,B,C,A,A,H,-,A,D,0,,,,,Y,,A,01,0,2,0,0,0,0,0,0,0,"- ","- ",,,"SAN MATEO","SAN CARLOS",,
9237851,2021,2021-04-15,4114,2021-02-18,1742,0048,SNB12,4,5,4,4114,0,0,0,,0,002,"LINDEN AV","ELM AV",166.00,E,N,A,-,N,,,,,,,,,,N,2,0,1,1,A,-,21,22106,,N,E,I,A,A,H,-,A,D,0,,,,,Y,,D,22,1,0,0,0,0,0,0,0,0,"- ","- ",,,"SAN MATEO","SAN BRUNO",-122.41802978515625,37.627426147460938
9250168,2021,2021-04-30,4113,2021-04-11,1156,363,3,7,5,5,4113,0,0,0,,0,003,BROADWAY,"CHESTNUT ST",350.00,N,N,A,-,N,,,,,,,,,,Y,3,0,2,2,A,-,09,21804,A,N,D,C,A,A,H,-,A,D,0,,,,,Y,,A,01,0,2,0,0,0,0,0,0,0,"- ","- ",37.487060546875,-122.21720886230469,"SAN MATEO","REDWOOD CITY",-122.21835327148438,37.48699951171875
9285813,2021,2021-07-06,4106,2021-06-04,1734,2139,14,5,5,6,4106,0,0,0,,0,006,"KING DR","CALLAN BL",295.00,W,N,A,-,N,,,,,,,,,,Y,4,0,1,2,A,-,08,22107,,N,H,C,A,A,H,-,A,D,0,,,,,Y,,A,01,0,0,1,0,0,0,0,0,0,"- ","- ",,,"SAN MATEO","DALY CITY",-122.46990966796875,37.649978637695312
9327395,2021,2021-10-13,4116,2021-07-16,1604,27730,12,5,5,5,4116,0,0,0,,0,00A,"5TH AV","S FREMONT ST",70.00,E,N,A,-,N,,,,,,,,,,N,3,0,1,2,A,-,21,22106,,N,D,C,A,A,H,-,A,D,0,,,Y,,Y,,C,02,0,1,0,0,0,0,0,0,1,"- ","- ",37.569450378417969,-122.31300354003906,"SAN MATEO","SAN MATEO",-122.31662750244141,37.567085266113281
9385422,2021,2022-01-12,4127,2021-10-31,1115,2264,4127,7,5,4,4127,0,0,0,,0,002,"BAY RD","FORDHAM AV",35.00,W,N,A,-,N,,,,,,,,,,Y,4,0,1,2,A,-,09,21804,A,N,D,C,A,A,H,-,A,D,0,,,,,Y,,A,01,0,0,1,0,0,0,0,0,0,"- ","- ",,,"SAN MATEO","EAST PALO ALTO",-122.13719177246094,37.471660614013672
81453636,2021,2021-04-19,4109,2021-01-16,1258,145674,29,6,5,4,4109,0,0,0,,0,029,"VALPARAISO AV","ALTSCHUL AV",240.00,W,-,A,-,N,,,,,,,,,,Y,1,1,2,1,A,-,08,22107,,N,E,I,A,A,H,-,A,D,0,,,,,Y,,A,07,1,1,0,0,0,0,0,0,0,"- ","- ",37.432270050048828,-122.20731353759766,"SAN MATEO","MENLO PARK",-122.2078857421875,37.431880950927734
91391945,2021,2021-01-21,9330,2021-01-14,1715,022504,,4,2,5,4113,0,1,2,,2,048,"US-101 S/B","WHIPPLE AVE",2640.00,N,N,A,-,Y,,,101,,,,,,S,Y,4,0,1,2,A,-,08,22107,,N,E,I,A,A,D,-,B,D,0,,,,Y,Y,,A,01,0,0,1,0,0,0,0,0,0,"- ","- ",37.500419616699219,-122.24107360839844,"SAN MATEO","REDWOOD CITY",-122.24103546142578,37.500457763671875
91403316,2021,2021-02-05,9335,2021-02-04,1112,019581,,4,1,2,4103,0,1,2,,2,012,"US-101 N/B","OYSTER POINT BLVD.",1300.00,N,N,A,-,Y,,,101,,,,,,N,Y,4,0,1,2,A,-,03,22350,,F,C,C,A,A,H,-,A,D,0,,,,,Y,,A,07,0,0,1,0,0,0,0,0,0,"- ","- ",37.666538238525391,-122.39572143554688,"SAN MATEO",BRISBANE,-122.39573669433594,37.666557312011719
91413425,2021,2021-02-23,9330,2021-02-15,1830,020207,,1,2,4,4120,0,1,3,,1,035,"SR-92 E/B","FOSTER CITY BLVD",2640.00,E,N,B,-,Y,,,92,,,,,,E,Y,3,0,1,2,A,-,03,22350,,N,C,C,A,A,H,-,D,D,0,,,,,Y,,A,01,0,1,0,0,0,0,0,0,0,"- ","- ",37.573299407958984,-122.26270294189453,"SAN MATEO","FOSTER CITY",-122.26268768310547,37.573291778564453
91615374,2021,2021-11-04,9330,2021-10-26,1520,020954,,2,2,9,4100,0,3,5,,2,203,"ALPINE ROAD","HERITAGE ROAD",528.00,W,N,A,-,N,,,,,,,,,,Y,4,0,1,1,A,-,08,22107,,N,F,A,A,A,H,-,A,D,0,,,,,Y,,D,22,0,0,1,0,0,0,0,0,0,"- ","- ",37.296241760253906,-122.24678802490234,"SAN MATEO",UNINCORPORATED,-122.25196075439453,37.297740936279297
91755251,2021,2022-04-25,9330,2021-10-27,1340,020954,,3,1,9,4100,0,1,3,,2,042,"SR-35 (SKYLINE BOULEVARD)","MOUNTAIN MEADOW ROAD",528.00,S,N,A,-,Y,,,35,,,,,,,Y,4,0,1,1,A,-,08,22107,,N,E,8,A,A,B,-,A,D,0,,,,,Y,,A,01,0,0,1,0,0,0,0,0,0,"- ","- ",37.398788452148438,-122.29315948486328,"SAN MATEO",UNINCORPORATED,-122.29313659667969,37.398796081542969
9237409,2021,2021-03-17,4100,2021-01-13,1728,25294,4100,3,5,4,4115,0,0,0,,0,053,"BRITTAN AV","RODGERS AV",176.00,W,N,A,-,N,,,,,,,,,,Y,3,0,1,1,A,-,08,22107,,N,E,I,A,A,H,-,D,D,0,,,,,Y,,A,07,0,1,0,0,0,0,0,0,0,"- ","- ",,,"SAN MATEO","SAN CARLOS",-122.26668548583984,37.490329742431641
9251740,2021,2021-04-22,4106,2021-03-02,2045,2129,5,2,5,6,4106,0,0,0,,0,003,"VALE ST","MATEO AV",0.00,,Y,A,-,N,,,,,,,,,,N,3,0,1,2,A,-,12,22450,A,F,H,H,B,A,H,-,C,A,0,Y,,,,Y,,B,01,0,1,0,0,1,0,0,0,0,"- ","- ",,,"SAN MATEO","DALY CITY",-122.4669189453125,37.691551208496094
9278068,2021,2021-07-12,4116,2021-05-28,1603,28252,13,5,5,5,4116,0,0,0,,0,0DT,"SOUTH SAN MATEO DR","BALDWIN AV",86.00,S,N,A,G,N,,,,,,,,,,N,3,0,1,2,A,-,21,22106,,N,D,C,A,A,H,-,A,D,0,,,Y,,Y,,C,02,0,1,0,0,0,0,0,0,1,"- ","- ",37.565010070800781,-122.32608032226562,"SAN MATEO","SAN MATEO",-122.32610321044922,37.566371917724609
9378923,2021,2021-12-30,4113,2021-11-29,1537,474,5,1,5,5,4113,0,0,0,,0,005,"WOODSIDE RD","KENTFIELD AV",0.00,,Y,A,-,Y,SM,4,84,-,-,23.710,H,-,S,N,3,0,1,2,A,-,03,22350,,N,C,C,A,A,H,-,A,D,0,,,,,Y,,A,07,0,1,0,0,0,0,0,0,0,"- ","- ",37.462699890136719,-122.22499847412109,"SAN MATEO","REDWOOD CITY",-122.22510528564453,37.462566375732422
9417284,2021,2022-03-21,4127,2021-09-12,2023,2158,4127,7,5,4,4127,0,0,0,,0,001,"UNIVERSITY AV","BELL ST",0.00,,Y,A,-,N,,,,,,,,,,N,3,0,1,2,A,-,10,21950,A,F,G,B,B,A,H,-,C,A,0,Y,,,,Y,,A,01,0,1,0,0,1,0,0,0,0,"- ","- ",,,"SAN MATEO","EAST PALO ALTO",-122.14156341552734,37.465587615966797
81512864,2021,2021-07-05,4117,2021-06-21,1245,21MC03,05AC,1,5,5,4117,0,0,0,,0,001,"SAN MATEO AV","SOUTH LINDEN AV",873.00,N,-,A,-,N,,,,,,,,,,N,3,0,1,2,A,-,09,21804,A,N,D,G,A,A,H,-,A,D,0,,Y,,Y,Y,,F,26,0,1,0,0,0,0,1,0,0,"- ","- ",37.644001007080078,-122.41000366210938,"SAN MATEO","SOUTH SAN FRANCISCO",-122.41056823730469,37.64373779296875
91655826,2021,2021-12-20,9335,2021-12-10,0525,022596,,5,3,5,4117,0,1,2,,2,011,"US-101 S/B TO SFO","SAN BRUNO AVENUE OVERCROSSING",2164.00,N,N,A,-,Y,,,101,,,,R,,S,Y,4,0,1,2,A,-,07,21658,A,N,C,C,A,A,H,-,C,D,0,,,,,Y,,A,01,0,0,1,0,0,0,0,0,0,"- ","- ",37.637279510498047,-122.4046630859375,"SAN MATEO","SOUTH SAN FRANCISCO",-122.4046630859375,37.637279510498047
81559862,2021,2021-08-31,4100,2021-08-31,0906,25187,,2,5,9,4100,0,0,0,,0,,"SR-82 (EL CAMINO REAL)","4TH AV",0.00,,Y,A,-,Y,,,,,,,,,,Y,4,0,1,2,A,-,12,21453,A,N,D,C,A,A,H,-,A,A,0,,,,,Y,,D,22,0,0,1,0,0,0,0,0,0,"- ","- ",37.562221527099609,-122.32524871826172,"SAN MATEO",UNINCORPORATED,-122.32515716552734,37.562274932861328
91490191,2021,2021-06-07,9335,2021-06-05,0125,021754,,6,3,9,4100,0,1,3,,2,040,"SR-1 NB","TOM LANTOS TUNNEL NORTH EDGE",2000.00,N,N,A,-,Y,,,1,,,,,,N,Y,4,0,1,1,A,-,08,22107,,N,E,J,A,A,H,-,D,D,0,,,,,Y,,A,01,0,0,1,0,0,0,0,0,0,"- ","- ",37.585861206054688,-122.50434112548828,"SAN MATEO",UNINCORPORATED,-122.50438690185547,37.585895538330078
91508034,2021,2021-06-28,9335,2021-06-24,0542,019581,,4,3,9,4100,0,1,2,,2,011,"US-101 S/B","SAN BRUNO AVE.",1700.00,N,N,A,-,Y,,,101,,,,,,S,Y,3,0,1,1,C,-,18,,,N,H,A,A,A,H,-,A,D,0,,,,,Y,,-,"- ",0,1,0,0,0,0,0,0,0,"- ","- ",37.634830474853516,-122.40366363525391,"SAN MATEO",UNINCORPORATED,-122.40347290039062,37.634906768798828
91511147,2021,2021-07-01,9330,2021-06-24,1605,022244,,4,2,9,4100,0,3,5,,2,203,"CLOVERDALE ROAD","RANCH ROAD",2112.00,S,N,B,-,N,,,,,,,,,,Y,2,0,1,2,A,-,05,21460,A,N,D,C,A,A,D,-,A,D,0,,,Y,,Y,,C,02,1,0,0,0,0,0,0,0,1,"- ","- ",37.238910675048828,-122.36795043945312,"SAN MATEO",UNINCORPORATED,-122.36782836914062,37.238437652587891
91563569,2021,2021-09-06,9335,2021-08-27,1530,022179,,5,2,9,4100,0,3,5,,2,001,"WESTBOROUGH BLVD","JUNIPERO SERRA BLVD.",1263.00,E,N,A,-,N,,,,,,,,,,Y,3,0,1,1,A,-,08,22107,,N,E,I,A,A,H,-,A,D,0,,,,,Y,,A,01,0,1,0,0,0,0,0,0,0,"- ","- ",37.648208618164062,-122.44486999511719,"SAN MATEO",UNINCORPORATED,-122.44517517089844,37.648246765136719
91597016,2021,2021-10-15,9335,2021-09-12,1630,022241,,7,2,4,4114,0,1,1,,2,020,"I-280 S/B","THE SNEATH LANE OVERCROSSING",53.00,S,N,B,-,Y,,,280,,,,,,S,Y,2,0,1,2,A,-,07,21658,A,F,F,A,A,A,H,-,A,D,0,,,Y,,Y,Y,-,99,1,0,0,0,0,0,0,0,1,"- ","- ",37.630119323730469,-122.43498229980469,"SAN MATEO","SAN BRUNO",-122.43492126464844,37.630203247070312
9250342,2021,2021-04-30,4116,2021-04-13,2232,28669,13,2,5,5,4116,0,0,0,,0,0DT,"SOUTH DELAWARE ST","2ND AV",0.00,,Y,A,-,N,,,,,,,,,,Y,3,0,1,2,A,-,17,21200,,N,D,G,A,A,H,-,C,A,0,,Y,,,Y,,L,04,0,1,0,0,0,0,1,0,0,"- ","- ",37.567558288574219,-122.32095336914062,"SAN MATEO","SAN MATEO",-122.32089233398438,37.567890167236328
9297702,2021,2021-08-16,4113,2021-07-23,1458,1175,3,5,5,5,4113,0,0,0,,0,003,"WOODSIDE RD",BROADWAY,0.00,,Y,A,-,N,,,84,,,,,,,N,3,0,1,2,A,-,03,22350,,N,C,C,A,A,H,-,A,A,0,,,,,Y,,D,22,0,1,0,0,0,0,0,0,0,"- ","- ",37.487049102783203,-122.21421051025391,"SAN MATEO","REDWOOD CITY",-122.21422576904297,37.487052917480469
9318343,2021,2021-09-18,4113,2021-08-16,1155,436,4,1,5,5,4113,0,0,0,,0,004,"MIDDLEFIELD RD","FLYNN AV",117.00,S,N,A,-,N,,,,,,,,,,Y,3,0,1,2,A,-,09,21804,A,N,D,C,A,A,H,-,A,D,0,,,,,Y,,A,01,0,1,0,0,0,0,0,0,0,"- ","- ",37.478858947753906,-122.21439361572266,"SAN MATEO","REDWOOD CITY",-122.21444702148438,37.478702545166016
81442215,2021,2021-04-02,4117,2021-02-23,1730,10SM11,11AB,2,5,5,4117,0,0,0,,0,004,"HILLSIDE BL","CHESTNUT AV",10.00,S,-,A,-,N,,,,,,,,,,N,3,0,1,2,A,-,03,22350,,N,C,C,A,A,H,-,A,A,0,,,,,Y,,A,01,0,1,0,0,0,0,0,0,0,"- ","- ",37.667140960693359,-122.42754364013672,"SAN MATEO","SOUTH SAN FRANCISCO",-122.42747497558594,37.667182922363281
91445303,2021,2021-04-07,9330,2021-03-30,2200,022394,,2,3,5,4116,0,1,2,,2,038,"US-101 NB","PENINSULA AVE",100.00,S,N,A,-,Y,,,101,,,,,,N,N,4,0,3,3,A,-,03,22350,,N,C,C,A,A,H,-,D,D,0,,,,,Y,Y,A,01,0,0,3,0,0,0,0,0,0,"- ","- ",37.583919525146484,-122.32807159423828,"SAN MATEO","SAN MATEO",-122.32804107666016,37.583950042724609
9222071,2021,2021-03-19,4114,2021-02-19,1338,1126,SNB33,5,5,4,4114,0,0,0,,0,003,"SKYLINE BL","SHARP PARK RD",0.00,,Y,E,-,Y,SM,4,35,-,-,26.230,I,5,N,N,4,0,2,2,A,-,12,21453,A,N,D,C,A,A,H,-,A,A,0,,,,,Y,,-,"- ",0,0,2,0,0,0,0,0,0,"- ","- ",,,"SAN MATEO","SAN BRUNO",-122.46406555175781,37.638870239257812
9258255,2021,2021-05-26,4116,2021-04-17,0326,28806,12,6,5,5,4116,0,0,0,,0,00A,"CYPRESS AV","S AMPHPLETT BL",172.00,W,N,A,-,N,,,,,,,,,,Y,3,0,1,2,A,-,08,22107,,M,B,E,A,A,H,-,C,D,0,,,,,Y,,A,01,0,1,0,0,0,0,0,0,0,"- ","- ",37.573169708251953,-122.31764984130859,"SAN MATEO","SAN MATEO",-122.31790924072266,37.573360443115234
9258259,2021,2021-05-04,4116,2021-04-14,1915,27908,11,3,5,5,4116,0,0,0,,0,00A,"NORTH AMPHLETT BL","STATE ST",277.00,N,N,A,-,N,,,,,,,,,,N,3,0,2,2,A,-,03,22350,,N,C,C,A,A,H,-,C,D,0,,,,,Y,,A,01,0,2,0,0,0,0,0,0,0,"- ","- ",37.583148956298828,-122.32814025878906,"SAN MATEO","SAN MATEO",-122.32774353027344,37.583126068115234
91430720,2021,2021-03-19,9330,2021-03-06,1552,021830,,6,2,5,4113,0,1,2,,2,048,"US-101 S/B","MAPLE STREET",97.00,S,N,A,-,Y,,,101,,,,,,S,Y,3,0,1,2,A,-,03,22350,,N,C,C,A,A,H,-,A,D,0,,,,,Y,,A,01,0,1,0,0,0,0,0,0,0,"- ","- ",37.492111206054688,-122.22113037109375,"SAN MATEO","REDWOOD CITY",-122.22109222412109,37.492183685302734
91604935,2021,2021-10-25,9330,2021-10-14,0800,022515,,4,1,4,4127,0,1,2,,2,058,"US-101 N/B","UNIVERSITY AVE",1995.00,S,N,A,-,Y,,,101,,,,,,N,Y,3,0,2,3,A,-,07,21658,A,N,B,C,A,A,H,-,A,D,0,,,,,Y,,D,22,0,1,1,0,0,0,0,0,0,"- ","- ",37.457241058349609,-122.13519287109375,"SAN MATEO","EAST PALO ALTO",-122.13520050048828,37.457225799560547
9254157,2021,2021-04-30,4106,2021-04-03,2245,2178,9,6,5,6,4106,0,0,0,,0,004,"SOUTH MAYFAIR AV","MONTROSE AV",645.00,N,N,A,-,N,,,,,,,,,,Y,3,0,1,4,A,-,00,21352,,M,B,E,A,A,H,-,C,D,0,,,,,Y,Y,A,01,0,1,0,0,0,0,0,0,0,"- ","- ",,,"SAN MATEO","DALY CITY",-122.49110412597656,37.690006256103516
9258179,2021,2021-05-05,4116,2021-04-13,1331,28071,13A,2,5,5,4116,0,0,0,,0,00A,"S HUMBOLDT ST","EAST 4TH AV",0.00,,Y,A,-,N,,,,,,,,,,Y,2,0,1,2,A,-,12,21453,A,N,D,C,A,A,H,-,A,A,0,,,Y,,Y,,C,02,1,0,0,0,0,0,0,0,1,"- ","- ",37.569229125976562,-122.31553649902344,"SAN MATEO","SAN MATEO",-122.3155517578125,37.568916320800781
9353918,2021,2021-11-17,4106,2021-10-17,1511,2154,3,7,5,6,4106,0,0,0,,0,002,"SAN JOSE AV","FLOURNOY ST",0.00,,Y,B,-,N,,,,,,,,,,Y,4,0,2,2,A,-,12,21453,A,N,D,C,A,A,H,-,A,A,0,,,,,Y,,A,08,0,0,2,0,0,0,0,0,0,"- ","- ",37.707328796386719,-122.45993804931641,"SAN MATEO","DALY CITY",-122.45999908447266,37.707370758056641
9369504,2021,2021-12-31,4102,2021-11-25,0249,82350,1PB,4,5,4,4102,0,0,0,,0,001,"RALSTON AV","GRANADA CT",52.00,E,N,A,-,N,,,,,,,,,,N,3,0,1,2,A,-,08,22107,,N,B,C,A,A,H,-,D,A,0,,,Y,,Y,,C,02,0,1,0,0,0,0,0,0,1,"- ","- ",37.522991180419922,-122.27340698242188,"SAN MATEO",BELMONT,-122.27333068847656,37.523059844970703
81638562,2021,2021-11-30,4117,2021-11-24,0746,16AP10,16AA,3,5,5,4117,0,0,0,,0,002,"VALVERDE DR","MARIPOSA DR",75.00,N,-,A,-,N,,,,,,,,,,N,3,0,1,2,A,-,03,22350,,N,B,E,A,A,H,-,A,D,0,,,,,Y,,A,01,0,1,0,0,0,0,0,0,0,"- ","- ",37.641578674316406,-122.44191741943359,"SAN MATEO","SOUTH SAN FRANCISCO",-122.44207000732422,37.641765594482422
81668848,2021,2022-01-03,4117,2021-12-16,0749,18JA13,24AA,4,5,5,4117,0,0,0,,0,004,"GRAND AV","CHESTNUT AV",42.00,W,-,A,-,N,,,,,,,,,,N,3,0,1,2,A,-,03,22350,,F,C,C,A,A,H,-,A,A,0,,,,,Y,,A,01,0,1,0,0,0,0,0,0,0,"- ","- ",37.659618377685547,-122.43016815185547,"SAN MATEO","SOUTH SAN FRANCISCO",-122.43027496337891,37.659641265869141
91434123,2021,2021-03-24,9330,2021-03-16,0730,021942,,2,1,4,4104,0,1,2,,2,038,"US-101 S/B","ANZA BLVD",480.00,S,N,A,-,Y,,,101,,,,,,S,Y,4,0,1,2,A,-,03,22350,,N,C,C,A,A,H,-,A,D,0,,,,,Y,,A,01,0,0,1,0,0,0,0,0,0,"- ","- ",37.587108612060547,-122.34977722167969,"SAN MATEO",BURLINGAME,-122.34978485107422,37.587039947509766
91601053,2021,2021-10-20,9330,2021-10-08,1622,022381,,5,2,5,4116,0,1,3,,2,031,"SR-92 E/B","ALAMEDA DE LAS PULGAS",1584.00,E,N,A,-,Y,,,92,,,,,,E,Y,4,0,2,3,A,-,03,22350,,M,C,C,A,A,H,-,A,D,0,,,,,Y,,A,08,0,0,2,0,0,0,0,0,0,"- ","- ",37.548580169677734,-122.31678009033203,"SAN MATEO","SAN MATEO",-122.3167724609375,37.548553466796875
91605267,2021,2021-10-25,9330,2021-10-14,1215,022515,,4,1,5,4113,0,1,2,,2,058,"US-101 N/B","MARSH ROAD",1742.00,S,N,A,-,Y,,,,,,,,,,Y,4,0,1,3,A,-,03,22350,,N,C,C,A,A,H,-,A,A,0,,,,Y,Y,,F,26,0,0,1,0,0,0,0,0,0,"- ","- ",37.480781555175781,-122.17527008056641,"SAN MATEO","REDWOOD CITY",-122.18293762207031,37.483917236328125
91648778,2021,2021-12-10,9335,2021-11-21,1810,021474,,7,2,9,4100,0,1,3,,2,040,"SR-1 N/B","OLD DEVIL'S SLIDE HWY",1056.00,S,N,A,-,Y,,,1,,,,,,N,Y,3,0,1,1,A,-,03,22350,,N,F,A,A,A,H,-,C,D,0,,,Y,,Y,,C,02,0,1,0,0,0,0,0,0,1,"- ","- ",37.582229614257812,-122.50975036621094,"SAN MATEO",UNINCORPORATED,-122.50978851318359,37.582252502441406
9242637,2021,2021-04-13,4116,2021-03-01,0933,27872,13,1,5,5,4116,0,0,0,,0,0DT,"S HUMBOLDT ST","EAST 3RD AV",0.00,,Y,A,-,N,,,,,,,,,,N,3,0,1,2,A,-,00,21195,A,N,B,B,B,A,H,-,A,A,0,Y,,,,Y,,D,22,0,1,0,0,1,0,0,0,0,"- ","- ",37.56964111328125,-122.31638336181641,"SAN MATEO","SAN MATEO",-122.31637573242188,37.569671630859375
9244892,2021,2021-04-02,4113,2021-01-29,1400,458,5,5,5,5,4113,0,0,0,,0,005,"EL CAMINO REAL","OAKWOOD DR",0.00,,Y,A,-,N,,,82,,,,,,,N,3,0,1,2,A,-,08,22107,,F,C,C,A,A,H,-,A,A,0,,,Y,,Y,,A,07,0,1,0,0,0,0,0,0,1,"- ","- ",37.470428466796875,-122.21407318115234,"SAN MATEO","REDWOOD CITY",-122.2138671875,37.470706939697266