CASE_ID,ACCIDENT_YEAR,PROC_DATE,JURIS,COLLISION_DATE,COLLISION_TIME,OFFICER_ID,REPORTING_DISTRICT,DAY_OF_WEEK,CHP_SHIFT,POPULATION,CNTY_CITY_LOC,SPECIAL_COND,BEAT_TYPE,CHP_BEAT_TYPE,CITY_DIVISION_LAPD,CHP_BEAT_CLASS,BEAT_NUMBER,PRIMARY_RD,SECONDARY_RD,DISTANCE,DIRECTION,INTERSECTION,WEATHER_1,WEATHER_2,STATE_HWY_IND,CALTRANS_COUNTY,CALTRANS_DISTRICT,STATE_ROUTE,ROUTE_SUFFIX,POSTMILE_PREFIX,POSTMILE,LOCATION_TYPE,RAMP_INTERSECTION,SIDE_OF_HWY,TOW_AWAY,COLLISION_SEVERITY,NUMBER_KILLED,NUMBER_INJURED,PARTY_COUNT,PRIMARY_COLL_FACTOR,PCF_CODE_OF_VIOL,PCF_VIOL_CATEGORY,PCF_VIOLATION,PCF_VIOL_SUBSECTION,HIT_AND_RUN,TYPE_OF_COLLISION,MVIW,PED_ACTION,ROAD_SURFACE,ROAD_COND_1,ROAD_COND_2,LIGHTING,CONTROL_DEVICE,CHP_ROAD_TYPE,PEDESTRIAN_ACCIDENT,BICYCLE_ACCIDENT,MOTORCYCLE_ACCIDENT,TRUCK_ACCIDENT,NOT_PRIVATE_PROPERTY,ALCOHOL_INVOLVED,STWD_VEHTYPE_AT_FAULT,CHP_VEHTYPE_AT_FAULT,COUNT_SEVERE_INJ,COUNT_VISIBLE_INJ,COUNT_COMPLAINT_PAIN,COUNT_PED_KILLED,COUNT_PED_INJURED,COUNT_BICYCLIST_KILLED,COUNT_BICYCLIST_INJURED,COUNT_MC_KILLED,COUNT_MC_INJURED,PRIMARY_RAMP,SECONDARY_RAMP,LATITUDE,LONGITUDE,COUNTY,CITY,POINT_X,POINT_Y
9270911,2021,2021-06-30,4114,2021-05-25,1830,0048,SNB1,2,5,4,4114,0,0,0,,0,001,"EAST SAN BRUNO AV","2ND AV",0.00,,Y,A,-,N,,,,,,,,,,N,3,0,1,3,A,-,09,21802,A,N,D,C,A,A,H,-,A,A,0,,,Y,,Y,,A,07,0,1,0,0,0,0,0,0,1,"- ","- ",,,"SAN MATEO","SAN BRUNO",-122.41036987304688,37.630855560302734
9356283,2021,2021-11-02,4113,2021-09-12,0008,483,8,7,5,5,4113,0,0,0,,0,008,"VALOTA RD","SILVER AV",0.00,,Y,A,-,N,,,,,,,,,,Y,2,0,1,2,A,-,03,22350,,N,E,J,A,A,H,-,C,D,0,,,,,Y,,A,,1,0,0,0,0,0,0,0,0,"- ","- ",37.465888977050781,-122.23438262939453,"SAN MATEO","REDWOOD CITY",-122.23419952392578,37.465614318847656
9378696,2021,2021-12-22,4106,2021-11-02,1750,2148,10,2,5,6,4106,0,0,0,,0,004,"SKYLINE BL","JOHN DALY BL",0.00,,Y,A,-,Y,SM,4,35,-,-,30.900,H,-,N,Y,3,0,1,3,A,-,03,22350,,N,C,C,A,A,H,-,A,A,0,,,,,Y,,A,01,0,1,0,0,0,0,0,0,0,"- ","- ",37.698459625244141,-122.49484252929688,"SAN MATEO","DALY CITY",-122.49544525146484,37.699897766113281
81514391,2021,2021-07-07,4100,2021-06-17,1944,25143,MLB,4,5,3,4110,0,0,0,,0,062,"EL CAMINO REAL","MEADOW GLENN",250.00,S,-,A,-,Y,,,,,,,,,,N,4,0,1,1,A,-,03,22350,,N,F,A,A,A,H,-,A,D,0,,,Y,,Y,,C,03,0,0,1,0,0,0,0,0,1,"- ","- ",,,"SAN MATEO",MILLBRAE,-122.39620971679688,37.605392456054688
91534365,2021,2021-08-02,9330,2021-07-22,2305,022394,,4,3,4,4104,0,1,2,,2,038,"US-101 N/B","ANZA BOULEVARD",140.00,S,N,A,-,Y,,,101,,,,,,N,Y,3,0,3,3,A,-,03,22350,,N,C,C,A,A,D,-,C,A,0,,,,,Y,,A,01,0,1,2,0,0,0,0,0,0,"- ","- ",37.587261199951172,-122.3511962890625,"SAN MATEO",BURLINGAME,-122.3511962890625,37.587272644042969
91633002,2021,2021-11-23,9330,2021-09-07,1500,020954,,2,2,9,4100,0,1,3,,2,052,"SR-35 (SKYLINE BOULEVARD)","OLD LA HONDA ROAD",1056.00,N,N,A,-,Y,,,35,,,,,,,Y,2,0,4,2,A,-,08,22107,,N,B,C,A,A,H,-,A,D,0,,,,,Y,,A,08,1,1,2,0,0,0,0,0,0,"- ","- ",37.372108459472656,-122.25688934326172,"SAN MATEO",UNINCORPORATED,-122.25688171386719,37.372138977050781
81535740,2021,2021-08-03,4100,2021-05-12,1553,25274,WDS,3,5,2,4118,0,0,0,,0,030,"SR-84 (WOODSIDE ROAD)","INTERSTATE 280",292.00,N,-,A,-,Y,,,,,,,,,,Y,3,0,1,3,A,-,03,22350,,N,C,C,A,A,H,-,A,A,0,,,,,Y,,J,48,0,1,0,0,0,0,0,0,0,"- ","- ",,,"SAN MATEO",WOODSIDE,-122.24272918701172,37.435649871826172
81548058,2021,2021-08-18,4100,2021-08-15,0950,25274,WDS,7,5,2,4118,0,0,0,,0,030,"CANADA RD","SR-84 (WOODSIDE ROAD)",408.00,N,-,A,-,N,,,,,,,,,,N,2,0,1,1,A,-,03,22350,,N,F,A,A,A,H,-,A,D,0,,Y,,,Y,,L,04,1,0,0,0,0,0,1,0,0,"- ","- ",,,"SAN MATEO",WOODSIDE,,
81564738,2021,2021-09-07,4100,2021-09-04,1005,25242,WDS,6,5,2,4118,0,0,0,,0,030,"SR-84 (LA HONDA RD)","SKYWOOD WY",1056.00,S,-,A,-,Y,,,,,,,,,,Y,3,0,1,1,A,-,03,22350,,N,H,A,A,A,H,-,A,D,0,,,,,Y,,A,01,0,1,0,0,0,0,0,0,0,"- ","- ",,,"SAN MATEO",WOODSIDE,-122.26161193847656,37.390785217285156
81667546,2021,2021-12-31,4117,2021-12-19,0927,19MV02,17BI,7,5,5,4117,0,0,0,,0,002,"WEST ORANGE AV",SR-82,2.00,E,-,B,-,Y,,,,,,,,,,Y,3,0,1,2,A,-,03,22350,,N,D,C,A,A,H,-,A,A,0,,,,,Y,,A,01,0,1,0,0,0,0,0,0,0,"- ","- ",37.650341033935547,-122.43083190917969,"SAN MATEO","SOUTH SAN FRANCISCO",-122.43065643310547,37.650241851806641
91428259,2021,2021-03-16,9330,2021-03-09,0705,022590,,2,1,5,4116,0,1,2,,2,038,"US-101 SOUTHBOUND","POPLAR AVE",1000.00,N,N,B,C,Y,,,101,,,,,,S,N,4,0,1,1,A,-,08,22107,,N,E,I,A,B,H,-,A,D,0,,,,,Y,,A,01,0,0,1,0,0,0,0,0,0,"- ","- ",37.58306884765625,-122.3272705078125,"SAN MATEO","SAN MATEO",-122.32733154296875,37.583000183105469
91465859,2021,2021-05-05,9330,2021-04-26,1615,020954,,1,2,9,4100,0,3,5,,2,002,"PURISSIMA CREEK ROAD","VERDE ROAD",8448.00,E,N,A,-,N,,,,,,,,,,Y,2,0,1,1,C,-,18,,,N,F,A,A,A,H,-,A,D,0,,,Y,,Y,,-,"- ",1,0,0,0,0,0,0,0,1,"- ","- ",37.419269561767578,-122.39553833007812,"SAN MATEO",UNINCORPORATED,-122.39476776123047,37.420001983642578
9247640,2021,2021-04-14,4114,2021-03-12,0956,0828,SNB1,5,5,4,4114,0,0,0,,0,001,"SAN BRUNO AV","6TH AV",0.00,,Y,A,-,N,,,,,,,,,,Y,3,0,1,2,A,-,09,21801,A,N,D,C,A,A,H,-,A,D,0,,,,Y,Y,,F,26,0,1,0,0,0,0,0,0,0,"- ","- ",,,"SAN MATEO","SAN BRUNO",-122.40678405761719,37.630889892578125
9389179,2021,2022-01-25,4102,2021-12-09,1230,12775,7CD,4,5,4,4102,0,0,0,,0,003,"CARLMONT DR","ALAMEDA DE LAS PULGAS",0.00,,Y,A,-,N,,,,,,,,,,N,3,0,2,3,A,-,10,21950,A,N,G,B,B,A,H,-,A,A,0,Y,,,,Y,,A,01,0,2,0,0,2,0,0,0,0,"- ","- ",37.51007080078125,-122.29342651367188,"SAN MATEO",BELMONT,-122.29341888427734,37.510055541992188
81543539,2021,2021-08-12,4100,2021-06-27,1744,25037,4100,7,5,4,4115,0,0,0,,0,053,"SAN CARLOS AV","LAUREL ST",0.00,,Y,A,-,N,,,,,,,,,,N,3,0,4,2,A,-,03,22350,,N,C,C,A,A,H,-,A,A,0,,,,,Y,,D,73,0,4,0,0,0,0,0,0,0,"- ","- ",,,"SAN MATEO","SAN CARLOS",-122.26123046875,37.506538391113281
91502139,2021,2021-06-21,9330,2021-06-13,2245,022381,,7,3,5,4116,0,1,2,,2,038,"US-101 NB","PENINSULA AVE",75.00,N,N,A,-,Y,,,101,,,,,,N,Y,3,0,1,1,A,-,08,22107,,N,E,8,A,A,H,-,C,D,0,,,,,Y,,D,22,0,1,0,0,0,0,0,0,0,"- ","- ",37.584770202636719,-122.32868194580078,"SAN MATEO","SAN MATEO",-122.32879638671875,37.584648132324219
91680071,2021,2022-01-18,9330,2021-11-12,0645,022344,,5,1,5,4116,0,1,2,,2,038,"US-101 N/B","3RD AVENUE",1100.00,N,N,A,-,Y,,,101,,,,,,N,N,4,0,1,3,A,-,03,22350,,F,C,C,A,A,D,-,A,D,0,,,,,Y,,-,99,0,0,1,0,0,0,0,0,0,"- ","- ",37.573318481445312,-122.3165283203125,"SAN MATEO","SAN MATEO",-122.31653594970703,37.573314666748047
9370989,2021,2021-11-24,4106,2021-10-31,1520,2083,6,7,5,6,4106,0,0,0,,0,002,"HILLSIDE BL",GAMBETTA,24.00,N,N,A,-,N,,,,,,,,,,Y,4,0,1,2,A,-,08,22107,,N,B,C,A,A,H,-,A,D,0,,,,,Y,,A,07,0,0,1,0,0,0,0,0,0,"- ","- ",37.698841094970703,-122.46209716796875,"SAN MATEO","DALY CITY",-122.46210479736328,37.698894500732422
9373481,2021,2022-01-12,4111,2021-11-11,1905,P5134,P07,4,5,4,4111,0,0,0,,0,0P2,"PALMETTO AV","DAHLBERG DR",356.00,N,N,A,-,N,,,,,,,,,,Y,3,0,3,2,A,-,08,22107,,M,C,E,A,A,H,-,C,D,0,,,,,Y,Y,A,01,0,2,1,0,0,0,0,0,0,"- ","- ",,,"SAN MATEO",PACIFICA,-122.49253845214844,37.64129638671875
81433461,2021,2021-03-23,4117,2021-03-08,0900,19CR05,11AE,1,5,5,4117,0,0,0,,0,004,"HEMLOCK AV","KEARNEY ST",22.00,W,-,A,-,N,,,,,,,,,,Y,3,0,1,2,A,-,08,22100,A,N,D,C,A,A,H,-,A,D,0,,,,,Y,,A,01,0,1,0,0,0,0,0,0,0,"- ","- ",37.668491363525391,-122.42101287841797,"SAN MATEO","SOUTH SAN FRANCISCO",-122.42105865478516,37.668468475341797
81535565,2021,2021-08-03,4100,2021-07-30,0719,18920,MLB,5,5,3,4110,0,0,0,,0,062,"MEADOW GLEN AV","SR-82 (EL CAMINO REAL)",0.00,,Y,A,-,Y,,,,,,,,,,Y,3,0,2,2,A,-,12,21453,A,N,A,C,A,A,H,-,A,A,0,,,,,Y,,A,01,0,2,0,0,0,0,0,0,0,"- ","- ",,,"SAN MATEO",MILLBRAE,-122.39683532714844,37.605869293212891
81594639,2021,2021-10-12,4117,2021-09-27,0625,09SL05,14AC,1,5,5,4117,0,0,0,,0,001,"SOUTH SPRUCE AV","VICTORY AV",0.00,,Y,C,-,N,,,,,,,,,,Y,3,0,1,1,A,-,08,22107,,N,E,I,A,B,H,-,C,A,0,,,,,Y,,A,01,0,1,0,0,0,0,0,0,0,"- ","- ",37.648200988769531,-122.4190673828125,"SAN MATEO","SOUTH SAN FRANCISCO",-122.41905212402344,37.648189544677734
91430877,2021,2021-03-19,9335,2021-03-11,2220,021474,,4,3,9,4100,0,1,2,,2,011,"US-101 N/B","SAN BRUNO AVE. O/C",2850.00,S,N,A,-,Y,,,101,,,,,,N,Y,4,0,3,2,A,-,03,22350,,N,C,C,A,A,H,-,D,D,0,,,,,Y,,A,01,0,0,3,0,0,0,0,0,0,"- ","- ",37.623569488525391,-122.40072631835938,"SAN MATEO",UNINCORPORATED,-122.40068054199219,37.623588562011719
91540717,2021,2021-08-09,9330,2021-07-30,1750,022294,,5,2,5,4116,0,1,3,,2,031,"SR-92 E/B","EL CAMINO REAL",450.00,E,N,A,-,Y,,,92,,,,,,E,N,4,0,2,2,A,-,03,22350,,N,C,C,A,A,H,-,A,D,0,,,,,Y,,A,01,0,0,2,0,0,0,0,0,0,"- ","- ",37.551021575927734,-122.31060791015625,"SAN MATEO","SAN MATEO",-122.31063079833984,37.551052093505859
91661348,2021,2022-03-03,9330,2021-01-30,2356,022211,,6,3,4,4104,0,1,2,,2,038,"US-101  S/B","MILLBRAE AVENUE",2640.00,S,N,A,-,Y,,,101,,,,,,S,Y,1,1,0,2,A,-,01,23152,F,N,C,C,A,A,D,-,D,D,0,,,,,Y,,A,01,0,0,0,0,0,0,0,0,0,"- ","- ",37.597999572753906,-122.37348937988281,"SAN MATEO",BURLINGAME,-122.37352752685547,37.597946166992188
9240266,2021,2021-04-12,4113,2021-03-17,0000,351,5,3,5,5,4113,0,0,0,,0,005,"WOODSIDE RD","VALOTA RD",0.00,,Y,A,-,Y,SM,4,84,-,-,23.497,I,5,S,N,3,0,1,2,A,-,12,21453,A,N,D,C,A,A,H,-,A,A,0,,,,,Y,,A,01,0,1,0,0,0,0,0,0,0,"- ","- ",37.459720611572266,-122.22621154785156,"SAN MATEO","REDWOOD CITY",-122.22620391845703,37.459636688232422
9243021,2021,2022-12-07,4106,2021-04-01,1626,1130,4,4,5,6,4106,0,0,0,,0,003,"JUNIPERO SERRA BL","GARDEN GATEWAY",75.00,N,N,A,-,N,,,,,,,,,,N,3,0,1,2,A,-,08,22107,,N,F,A,A,A,H,-,A,D,0,,,Y,,Y,,A,01,0,1,0,0,0,0,0,0,1,"- ","- ",,,"SAN MATEO","DALY CITY",-122.47103118896484,37.694267272949219
9322368,2021,2021-09-27,4113,2021-08-27,1019,351,4,5,5,5,4113,0,0,0,,0,004,"RT 101",BROADWAY,0.00,,Y,A,-,Y,SM,4,84,-,-,25.567,I,5,S,Y,3,0,2,2,A,-,12,21453,A,N,D,C,A,A,H,-,A,A,0,,,,,Y,,A,01,0,2,0,0,0,0,0,0,0,"- ","- ",37.487049102783203,-122.21421051025391,"SAN MATEO","REDWOOD CITY",-122.21422576904297,37.487071990966797
9388496,2021,2022-01-24,4102,2021-12-07,1612,69800,7CD,2,5,4,4102,0,0,0,,0,003,"HASTINGS AV","CLIFFSIDE CT",178.00,S,N,A,-,N,,,,,,,,,,N,4,0,1,2,A,-,08,22107,,M,C,E,A,A,H,-,A,D,0,,,,,Y,,A,01,0,0,1,0,0,0,0,0,0,"- ","- ",37.507251739501953,-122.29933166503906,"SAN MATEO",BELMONT,-122.29890441894531,37.507171630859375
81539447,2021,2021-08-09,4114,2021-06-20,1649,0036,SNB27,7,5,4,4114,0,0,0,,0,003,"SAN BRUNO AVE","I 280 OFF RAMP",0.00,,Y,A,-,Y,,,,,,,,,,Y,3,0,2,2,A,-,12,21453,A,F,D,C,A,A,H,-,A,A,0,,,,,Y,Y,B,01,0,2,0,0,0,0,0,0,0,"- ","- ",,,"SAN MATEO","SAN BRUNO",,
91400501,2021,2021-02-02,9330,2021-01-26,0925,021979,,2,1,4,4109,0,1,2,,2,058,"US-101 SB","MARSH RD",1280.00,S,N,A,-,Y,,,101,,,,,,S,Y,3,0,2,2,A,-,03,22350,,N,C,C,A,A,H,-,A,D,0,,,,,Y,,A,01,0,2,0,0,0,0,0,0,0,"- ","- ",37.483318328857422,-122.18083953857422,"SAN MATEO","MENLO PARK",-122.18083953857422,37.483318328857422
91528944,2021,2021-07-26,9330,2021-07-19,0030,022101,,1,3,9,4100,0,3,5,,2,305,"POLHEMUS ROAD","CRYSTAL SPRINGS ROAD",528.00,S,N,A,-,N,,,,,,,,,,Y,3,0,1,1,A,-,08,22107,,N,F,A,A,A,H,-,C,D,0,,,,,Y,,A,01,0,1,0,0,0,0,0,0,0,"- ","- ",37.532981872558594,-122.35030364990234,"SAN MATEO",UNINCORPORATED,-122.35026550292969,37.532741546630859
91549666,2021,2021-08-19,9335,2021-08-07,1505,022517,,6,2,9,4100,0,1,2,,2,011,"US-101 SB","MILLBRAE AVENUE OVER CROSSING",1410.00,N,N,A,-,Y,,,101,,,,,,S,Y,4,0,2,3,A,-,03,22350,,N,C,C,A,A,H,-,A,D,0,,,,,Y,,A,01,0,0,2,0,0,0,0,0,0,"- ","- ",37.605018615722656,-122.38442993164062,"SAN MATEO",UNINCORPORATED,-122.38440704345703,37.605052947998047
91616238,2021,2021-11-04,9335,2021-10-24,1500,022241,,7,2,5,4116,0,1,1,,2,020,"I-280 N/B","AVALON DRIVE UNDERCROSSING",1191.00,S,N,B,C,Y,,,,,,,,,,Y,4,0,1,1,A,-,08,22107,,N,E,I,A,B,H,-,A,D,0,,,,,Y,,A,01,0,0,1,0,0,0,0,0,0,"- ","- ",37.636749267578125,-122.43977355957031,"SAN MATEO","SAN MATEO",-122.43971252441406,37.636882781982422
91652882,2021,2021-12-15,9335,2021-12-07,0620,021099,,2,1,6,4106,0,1,1,,2,021,"I-280 S/B","WESTBOROUGH BLVD UNDER-CROSSING",6600.00,N,N,B,C,Y,,,,,,,,,,N,3,0,3,2,A,-,08,22107,,N,B,C,A,B,H,-,D,D,0,,,,,Y,,A,01,0,3,0,0,0,0,0,0,0,"- ","- ",37.568641662597656,-122.46266174316406,"SAN MATEO","DALY CITY",-122.45008087158203,37.645858764648438
91663294,2021,2021-12-28,9330,2021-12-16,0500,022042,,4,3,4,4120,0,1,3,,1,035,"SR-92 W/B","PIER 1",2112.00,E,N,B,C,Y,,,92,,,,,,W,Y,4,0,1,2,A,-,03,22350,,N,C,C,A,B,H,-,C,D,0,,,,,Y,,A,01,0,0,1,0,0,0,0,0,0,"- ","- ",37.578208923339844,-122.25763702392578,"SAN MATEO","FOSTER CITY",-122.25759887695312,37.578166961669922
9249143,2021,2021-04-27,4113,2021-03-30,1821,445,2,2,5,5,4113,0,0,0,,0,002,"SEAPORT BL","SEAPORT CT",0.00,,Y,A,-,N,,,,,,,,,,N,2,0,2,3,A,-,17,21663,,F,G,B,F,A,H,-,A,D,0,Y,,,,Y,Y,D,23,1,1,0,0,2,0,0,0,0,"- ","- ",37.513778686523438,-122.20194244384766,"SAN MATEO","REDWOOD CITY",-122.21070098876953,37.502605438232422
9284242,2021,2021-07-09,4113,2021-04-27,1416,433,3,2,5,5,4113,0,0,0,,0,003,"WOODSIDE RD","MIDDLEFIELD RD",0.00,,Y,A,-,N,,,,,,,,,,N,3,0,1,2,A,-,05,21202,A,N,H,G,A,A,H,-,A,A,0,,Y,,,Y,,L,04,0,1,0,0,0,0,1,0,0,"- ","- ",37.481098175048828,-123.21898651123047,"SAN MATEO","REDWOOD CITY",-122.21916961669922,37.481113433837891
81541631,2021,2021-08-10,4100,2021-07-18,1521,25289,WDS,7,5,2,4118,0,0,0,,0,030,"PORTOLA RD","MOUNTAIN HOME RD",83.00,E,-,A,-,N,,,,,,,,,,N,3,0,1,1,C,-,18,,,N,H,A,A,A,H,-,A,D,0,,Y,,,Y,,-,"- ",0,1,0,0,0,0,1,0,0,"- ","- ",,,"SAN MATEO",WOODSIDE,-122.24757385253906,37.403865814208984
81547615,2021,2021-08-23,4100,2021-08-16,1721,18880,,1,5,3,4110,0,0,0,,0,062,"SR-82 (EL CAMINO REAL)","CENTER ST",0.00,,Y,A,-,Y,,,,,,,,,,Y,3,0,1,2,A,-,06,21755,,N,B,C,A,A,H,-,A,A,0,,,Y,Y,Y,,C,02,0,1,0,0,0,0,0,0,1,"- ","- ",,,"SAN MATEO",MILLBRAE,-122.39897918701172,37.607696533203125
91596897,2021,2022-12-14,9330,2021-10-02,1338,022595,,6,1,5,4116,0,1,2,,2,048,"US-101 N/B",SR-92,1056.00,S,N,A,-,Y,,,101,,,,,,N,Y,3,0,1,4,A,-,03,22350,,N,C,C,A,A,D,-,A,D,0,,,,,Y,,A,07,0,1,0,0,0,0,0,0,0,"- ","- ",37.550689697265625,-122.29348754882812,"SAN MATEO","SAN MATEO",-122.29347229003906,37.550708770751953
9401611,2021,2022-02-16,4113,2021-12-15,0812,351,11,3,5,5,4113,0,0,0,,0,002,"WARREN ST","BREWSTER ST",0.00,,Y,C,-,N,,,,,,,,,,Y,3,0,1,2,A,-,09,21802,A,N,D,C,A,B,H,-,A,A,0,,,,,Y,,A,01,0,1,0,0,0,0,0,0,0,"- ","- ",37.4888916015625,-122.23370361328125,"SAN MATEO","REDWOOD CITY",-122.23369598388672,37.488887786865234
81483045,2021,2021-05-27,4117,2021-05-19,1116,20AF01,05AE,3,5,5,4117,0,0,0,,0,001,"SOUTH AIRPORT BL","AIRPORT BL",0.00,,Y,A,-,N,,,,,,,,,,N,3,0,1,2,A,-,21,22106,,N,C,C,A,A,H,-,A,A,0,,,,,Y,,A,07,0,1,0,0,0,0,0,0,0,"- ","- ",37.651081085205078,-122.40766143798828,"SAN MATEO","SOUTH SAN FRANCISCO",-122.40802764892578,37.64971923828125
81570044,2021,2021-09-14,4100,2021-09-04,1027,19970,4100,6,5,4,4115,0,0,0,,0,051,"SR-82 (EL CAMINO REAL)","HOWARD AV",37.00,N,-,A,-,N,,,,,,,,,,Y,4,0,1,2,A,-,03,22350,,N,C,C,A,A,H,-,A,A,0,,,,,Y,,A,71,0,0,1,0,0,0,0,0,0,"- ","- ",,,"SAN MATEO","SAN CARLOS",-122.25017547607422,37.498752593994141
81603821,2021,2021-10-22,4117,2021-10-20,0132,20AB05,17BL,3,5,5,4117,0,0,0,,0,003,"JUNIPERO SERRA BL","WESTBOROUGH BL",332.00,S,-,C,-,N,,,,,,,,,,Y,3,0,1,1,A,-,08,22107,,N,E,I,A,B,H,-,C,D,0,,,,,Y,,A,01,0,1,0,0,0,0,0,0,0,"- ","- ",37.6461181640625,-122.44857788085938,"SAN MATEO","SOUTH SAN FRANCISCO",-122.44792938232422,37.645366668701172
81669081,2021,2022-01-04,4114,2021-12-17,1415,0842,SNB19,5,5,4,4114,0,0,0,,0,002,"JENEVEIN AV","CEDAR AVENUE",0.00,,Y,A,-,N,,,,,,,,,,N,3,0,1,2,A,-,10,21950,A,N,G,B,B,A,H,-,A,D,0,Y,,,,Y,,A,01,0,1,0,0,1,0,0,0,0,"- ","- ",,,"SAN MATEO","SAN BRUNO",-122.42169952392578,37.618900299072266
81672671,2021,2022-01-06,4100,2021-12-24,0738,25906,4100,5,5,4,4115,0,0,0,,0,051,"SAN CARLOS AV","LAUREL ST",17.00,W,-,B,-,N,,,,,,,,,,Y,3,0,1,1,A,-,03,22350,,N,E,I,A,B,H,-,A,A,0,,,,,Y,,D,22,0,1,0,0,0,0,0,0,0,"- ","- ",,,"SAN MATEO","SAN CARLOS",-122.26126861572266,37.506507873535156
91500384,2021,2021-06-18,9330,2021-06-10,1035,022101,,4,1,5,4116,0,1,2,,2,038,"US-101 N/B","DORE AVE",1056.00,S,N,A,-,Y,,,101,,,,,,N,N,3,0,1,3,A,-,03,22350,,N,C,C,A,A,D,H,A,D,0,,,,,Y,,A,01,0,1,0,0,0,0,0,0,0,"- ","- ",37.575691223144531,-122.31922912597656,"SAN MATEO","SAN MATEO",-122.31918334960938,37.57574462890625
91594613,2021,2021-10-12,9330,2021-09-30,1625,021662,,4,2,9,4100,0,3,5,,2,004,"EDGEWOOD ROAD E/B","CRESTVIEW DRIVE",250.00,W,N,A,-,N,,,,,,,,,,N,3,0,1,1,C,-,18,,,N,E,J,A,A,H,-,A,D,0,,,,,Y,,-,"- ",0,1,0,0,0,0,0,0,0,"- ","- ",37.474700927734375,-122.28121948242188,"SAN MATEO",UNINCORPORATED,-122.28116607666016,37.474723815917969
91689883,2021,2022-01-31,9330,2021-12-27,1538,022244,,1,2,4,4120,0,1,3,,1,035,"SR-92 W/B (SAN MATEO BRIDGE)","SUBSTATION 4",2640.00,W,N,B,-,Y,,,92,,,,,,W,N,2,0,1,2,A,-,17,22109,,N,E,I,A,B,H,-,A,D,0,,,,,Y,,A,01,1,0,0,0,0,0,0,0,0,"- ","- ",37.594928741455078,-122.22978973388672,"SAN MATEO","FOSTER CITY",-122.22975158691406,37.594791412353516
9230744,2021,2021-03-05,4116,2021-01-25,1306,27872,24,1,5,5,4116,0,0,0,,0,00A,"EL CAMINO REAL","9TH AV",0.00,,Y,A,-,Y,SM,4,82,-,-,11.366,I,5,N,Y,3,0,2,2,A,-,12,21453,,N,A,C,A,A,H,-,A,A,0,,,,,Y,,J,48,0,1,1,0,0,0,0,0,0,"- ","- ",37.559120178222656,-122.32180786132812,"SAN MATEO","SAN MATEO",-122.32173919677734,37.559131622314453
9232596,2021,2021-03-19,4100,2021-02-05,1905,25287,WDS,5,5,2,4118,0,0,0,,0,030,"RT 84","RT 280",0.00,,Y,A,-,Y,SM,4,84,-,-,21.510,I,5,N,Y,3,0,3,2,A,-,12,21453,A,N,D,C,A,A,H,-,C,A,0,,,,,Y,,A,01,0,3,0,0,0,0,0,0,0,"- ",SF,,,"SAN MATEO",WOODSIDE,-122.244140625,37.435028076171875
9259627,2021,2021-05-24,4116,2021-05-04,1225,28071,13A,2,5,5,4116,0,0,0,,0,00A,"EAST 3RD AV","S FREMONT ST",101.00,W,N,A,-,N,,,,,,,,,,N,3,0,1,2,A,-,03,22350,,N,C,C,A,A,H,-,A,D,0,,,,,Y,,D,72,0,1,0,0,0,0,0,0,0,"- ","- ",37.568328857421875,-122.31832122802734,"SAN MATEO","SAN MATEO",-122.31856536865234,37.568157196044922
9313319,2021,2021-09-22,4111,2021-07-11,1806,P4020,P15,7,5,4,4111,0,0,0,,0,0P3,"CRESPI DR","LERIDA WY",564.00,S,N,A,-,N,,,,,,,,,,N,3,0,1,1,C,-,18,,,N,E,I,A,A,H,-,A,D,0,,,,,Y,,-,"- ",0,1,0,0,0,0,0,0,0,"- ","- ",,,"SAN MATEO",PACIFICA,-122.48202514648438,37.593242645263672
9359262,2021,2021-12-08,4111,2021-10-12,1838,P5146,P07,2,5,4,4111,0,0,0,,0,0P2,"FRANCISCO BL","SANTA ROSA AV",0.00,,Y,A,-,N,,,,,,,,,,N,3,0,3,2,A,-,09,21802,A,N,D,C,A,A,H,-,B,A,0,,,,,Y,,A,01,0,2,1,0,0,0,0,0,0,"- ","- ",,,"SAN MATEO",PACIFICA,-122.49005126953125,37.633392333984375
9366364,2021,2021-11-23,4104,2021-08-24,1525,0238,6,2,5,4,4104,0,0,0,,0,00A,"ROLLINS RD","FRANCISCO DR",172.00,S,N,A,-,N,,,,,,,,,,Y,3,0,2,2,A,-,09,21804,A,N,D,C,A,A,H,-,A,D,0,,,,,Y,,A,01,0,2,0,0,0,0,0,0,0,"- ","- ",37.586818695068359,-122.34735870361328,"SAN MATEO",BURLINGAME,-122.34735870361328,37.586811065673828
9400356,2021,2022-02-08,4111,2021-12-17,1542,P5158,P14,5,5,4,4111,0,0,0,,0,0P3,"FASSLER AV","OHLONE DR",395.00,W,N,A,-,N,,,,,,,,,,Y,3,0,1,2,A,-,06,21750,,F,E,I,A,A,H,-,A,D,0,,,,,Y,,-,99,0,1,0,0,0,0,0,0,0,"- ","- ",,,"SAN MATEO",PACIFICA,-122.492919921875,37.602882385253906
91484879,2021,2021-05-28,9330,2021-05-18,1640,022355,,2,2,4,4109,0,1,2,,2,058,"US-101 S/B","MARSH ROAD",1300.00,N,N,A,-,Y,,,101,,,,,,S,Y,4,0,2,3,A,-,03,22350,,N,C,C,A,A,H,-,A,D,0,,,,,Y,,A,07,0,0,2,0,0,0,0,0,0,"- ","- ",37.484569549560547,-122.18521118164062,"SAN MATEO","MENLO PARK",-122.18519592285156,37.484638214111328