CASE_ID,ACCIDENT_YEAR,PROC_DATE,JURIS,COLLISION_DATE,COLLISION_TIME,OFFICER_ID,REPORTING_DISTRICT,DAY_OF_WEEK,CHP_SHIFT,POPULATION,CNTY_CITY_LOC,SPECIAL_COND,BEAT_TYPE,CHP_BEAT_TYPE,CITY_DIVISION_LAPD,CHP_BEAT_CLASS,BEAT_NUMBER,PRIMARY_RD,SECONDARY_RD,DISTANCE,DIRECTION,INTERSECTION,WEATHER_1,WEATHER_2,STATE_HWY_IND,CALTRANS_COUNTY,CALTRANS_DISTRICT,STATE_ROUTE,ROUTE_SUFFIX,POSTMILE_PREFIX,POSTMILE,LOCATION_TYPE,RAMP_INTERSECTION,SIDE_OF_HWY,TOW_AWAY,COLLISION_SEVERITY,NUMBER_KILLED,NUMBER_INJURED,PARTY_COUNT,PRIMARY_COLL_FACTOR,PCF_CODE_OF_VIOL,PCF_VIOL_CATEGORY,PCF_VIOLATION,PCF_VIOL_SUBSECTION,HIT_AND_RUN,TYPE_OF_COLLISION,MVIW,PED_ACTION,ROAD_SURFACE,ROAD_COND_1,ROAD_COND_2,LIGHTING,CONTROL_DEVICE,CHP_ROAD_TYPE,PEDESTRIAN_ACCIDENT,BICYCLE_ACCIDENT,MOTORCYCLE_ACCIDENT,TRUCK_ACCIDENT,NOT_PRIVATE_PROPERTY,ALCOHOL_INVOLVED,STWD_VEHTYPE_AT_FAULT,CHP_VEHTYPE_AT_FAULT,COUNT_SEVERE_INJ,COUNT_VISIBLE_INJ,COUNT_COMPLAINT_PAIN,COUNT_PED_KILLED,COUNT_PED_INJURED,COUNT_BICYCLIST_KILLED,COUNT_BICYCLIST_INJURED,COUNT_MC_KILLED,COUNT_MC_INJURED,PRIMARY_RAMP,SECONDARY_RAMP,LATITUDE,LONGITUDE,COUNTY,CITY,POINT_X,POINT_Y
91645808,2021,2021-12-08,9330,2021-11-23,2103,021648,,2,2,9,4100,0,3,5,,2,511,"ALPINE ROAD",I-280,176.00,E,N,A,-,Y,,,,,,,,,,Y,4,0,1,2,A,-,12,22450,A,N,D,C,A,A,H,-,D,A,0,,,,,Y,Y,A,08,0,0,1,0,0,0,0,0,0,"- ","- ",37.410140991210938,-122.19464874267578,"SAN MATEO",UNINCORPORATED,-122.19471740722656,37.409759521484375
91678948,2021,2022-01-17,9335,2021-12-13,1005,022667,,1,1,6,4106,0,1,1,,2,021,"I-280 S/B","SAN PEDRO RD OVERCROSSING",680.00,S,N,B,C,Y,,,280,,,,,,S,Y,4,0,2,3,A,-,08,22107,,M,B,C,A,B,H,-,A,D,0,,,,,Y,,-,99,0,0,2,0,0,0,0,0,0,"- ","- ",37.683010101318359,-122.47173309326172,"SAN MATEO","DALY CITY",-122.47162628173828,37.683002471923828
9259357,2021,2021-05-19,4116,2021-04-26,0602,28775,12,1,5,5,4116,0,0,0,,0,00A,"N HUMBOLDT ST","EAST POPLAR AV",0.00,,Y,A,-,N,,,,,,,,,,N,3,0,1,2,A,-,10,21950,A,N,G,B,B,A,H,-,B,A,0,Y,,,,Y,,A,07,0,1,0,0,1,0,0,0,0,"- ","- ",37.578811645507812,-122.32630157470703,"SAN MATEO","SAN MATEO",-122.32632446289062,37.578815460205078
9314777,2021,2021-09-10,4113,2021-07-08,1917,458,5,4,5,5,4113,0,0,0,,0,005,"HAZEL AV","LINDEN ST",0.00,,Y,A,-,N,,,,,,,,,,Y,3,0,1,2,A,-,09,21802,,N,D,C,A,A,H,-,A,D,0,,,Y,,Y,,C,06,0,1,0,0,0,0,0,0,1,"- ","- ",37.474628448486328,-122.22123718261719,"SAN MATEO","REDWOOD CITY",-122.22125244140625,37.474639892578125
9339390,2021,2021-10-11,4113,2021-06-15,1047,401,11,2,5,5,4113,0,0,0,,0,2/3,"WINSLOW ST","BREWSTER AV",0.00,,Y,A,-,N,,,,,,,,,,N,3,0,1,2,A,-,11,21461,5,N,G,B,E,A,H,-,A,A,0,Y,,,,Y,,N,60,0,1,0,0,1,0,0,0,0,"- ","- ",37.490310668945312,-122.23175811767578,"SAN MATEO","REDWOOD CITY",-122.23175048828125,37.490310668945312
81580760,2021,2021-09-27,4117,2021-09-17,1524,06KW06,17AR,5,5,5,4117,0,0,0,,0,003,"JUNIPERO SERRA BL","ARROYO DR",0.00,,Y,A,-,N,,,,,,,,,,Y,3,0,1,2,A,-,09,21802,A,N,D,C,A,A,H,-,A,A,0,,,,,Y,,A,01,0,1,0,0,0,0,0,0,0,"- ","- ",37.648601531982422,-122.45024871826172,"SAN MATEO","SOUTH SAN FRANCISCO",-122.45040130615234,37.648494720458984
91392782,2021,2021-01-22,9335,2021-01-13,0907,020772,,3,1,4,4114,0,1,1,,2,038,"I-380 W/B","CHERRY ST",145.00,E,N,A,-,Y,,,380,,,,,,W,Y,4,0,1,1,C,-,18,,,N,E,J,A,A,H,-,A,D,0,,,,,Y,,-,"- ",0,0,1,0,0,0,0,0,0,"- ","- ",37.62982177734375,-122.42704010009766,"SAN MATEO","SAN BRUNO",-122.42704772949219,37.629852294921875
91452402,2021,2021-04-16,9330,2021-04-10,1855,022590,,6,2,4,4109,0,1,2,,2,058,"US-101 S/B","MARSH RD OVERCROSSING",75.00,S,N,A,-,Y,,,101,,,,,,S,Y,3,0,1,1,A,-,03,22350,,N,F,A,A,A,B,-,A,D,0,,,Y,,Y,,C,02,0,1,0,0,0,0,0,0,1,"- ","- ",37.484409332275391,-122.18434143066406,"SAN MATEO","MENLO PARK",-122.18434143066406,37.484416961669922
9221986,2021,2021-03-16,4100,2021-02-10,2037,25074,,3,5,3,4107,0,0,0,,0,081,"SAN MATEO RD","MAIN ST",2640.00,E,N,A,-,Y,SM,4,92,-,-,0.730,H,-,E,Y,3,0,4,1,A,-,01,23153,A,N,E,I,A,A,H,-,D,D,0,,,,,Y,Y,A,07,0,4,0,0,0,0,0,0,0,"- ","- ",,,"SAN MATEO","HALF MOON BAY",-122.421875,37.471302032470703
9253712,2021,2021-04-28,4106,2021-03-30,0848,1158,7,2,5,6,4106,0,0,0,,0,002,"CHESTER ST","ABBOT AV",0.00,,Y,A,-,N,,,,,,,,,,N,3,0,1,2,A,-,10,21950,A,N,G,B,B,A,H,-,A,A,0,Y,,,,Y,,A,01,0,1,0,0,1,0,0,0,0,"- ","- ",,,"SAN MATEO","DALY CITY",-122.45770263671875,37.688518524169922
9286132,2021,2021-07-12,4106,2021-06-22,1304,2154,4,2,5,6,4106,0,0,0,,0,003,"MISSION ST","COMO AV",0.00,,Y,A,-,Y,SM,4,82,-,-,24.510,I,5,N,N,3,0,1,2,A,-,06,21951,,N,G,B,A,A,H,-,A,D,0,,,Y,,Y,,A,07,0,1,0,0,0,0,0,0,1,"- ","- ",,,"SAN MATEO","DALY CITY",-122.46371459960938,37.700206756591797
9374015,2021,2021-12-13,4111,2021-10-21,1222,P5158,P10,4,5,4,4111,0,0,0,,0,0P2,"SHARP PARK BL","GYPSY HILL",0.00,,Y,C,-,N,,,,,,,,,,Y,3,0,1,1,A,-,03,22350,,N,E,I,A,B,H,-,A,D,0,,,,,Y,,A,01,0,1,0,0,0,0,0,0,0,"- ","- ",,,"SAN MATEO",PACIFICA,-122.47782897949219,37.629684448242188
81603000,2021,2021-10-21,4114,2021-09-30,1108,0048,SNB1,4,5,4,4114,0,0,0,,0,001,"WALNUT STREET","SAN MATEO AVENUE",5.00,E,-,A,-,N,,,,,,,,,,N,4,0,1,2,A,-,12,22450,A,N,H,G,A,A,H,-,A,D,0,,Y,,,Y,,A,01,0,0,1,0,0,0,1,0,0,"- ","- ",,,"SAN MATEO","SAN BRUNO",-122.41140747070312,37.632614135742188
81611352,2021,2021-11-01,4114,2021-10-11,1343,0048,SNB1,1,5,4,4114,0,0,0,,0,001,"HERMAN ST","HUNTINGTON AV",150.00,E,-,A,-,N,,,,,,,,,,N,3,0,1,1,A,-,03,22350,,N,E,I,A,A,H,-,A,D,0,,,Y,,Y,,C,02,0,1,0,0,0,0,0,0,1,"- ","- ",,,"SAN MATEO","SAN BRUNO",-122.41329193115234,37.633995056152344
81621924,2021,2021-11-15,4100,2021-10-15,1151,25875,HMB,5,5,3,4107,0,0,0,,0,075,"MAIN ST","FILBERT ST",0.00,,Y,A,-,N,,,,,,,,,,N,3,0,1,2,A,-,09,21802,A,N,H,G,A,A,H,-,A,D,0,,Y,,,Y,,A,07,0,1,0,0,0,0,1,0,0,"- ","- ",,,"SAN MATEO","HALF MOON BAY",-122.42996978759766,37.458793640136719
91449728,2021,2021-04-13,9330,2021-04-05,1456,022575,,1,2,5,4113,0,1,2,,2,048,"US-101 S/B","MAPLE STREET",520.00,N,N,B,-,Y,,,101,,,,,,S,N,3,0,2,3,A,-,03,22350,,N,C,C,A,A,H,-,A,D,0,,,,,Y,,A,01,0,1,1,0,0,0,0,0,0,"- ","- ",37.492748260498047,-122.22235870361328,"SAN MATEO","REDWOOD CITY",-122.22235107421875,37.492763519287109
91506367,2021,2021-06-25,9330,2021-06-19,1225,021927,,6,1,5,4116,0,1,2,,2,038,"US-101 NB","KEHOE AVE",528.00,S,N,A,-,Y,,,101,,,,,,N,Y,4,0,4,3,A,-,03,22350,,N,C,C,A,A,D,-,A,D,0,,,,,Y,,A,07,0,0,4,0,0,0,0,0,0,"- ","- ",37.559429168701172,-122.30166625976562,"SAN MATEO","SAN MATEO",-122.30159759521484,37.559497833251953
9233407,2021,2021-04-10,4106,2021-02-13,1959,2131,14,6,5,6,4106,0,0,0,,0,006,"GELLERT BL","DERBY ST",0.00,,Y,A,-,N,,,,,,,,,,Y,3,0,2,2,A,-,04,21703,,N,C,C,A,A,H,-,C,A,0,,,,,Y,,A,01,0,1,1,0,0,0,0,0,0,"- ","- ",,,"SAN MATEO","DALY CITY",-122.46562194824219,37.657169342041016
9340508,2021,2021-11-10,4102,2021-09-16,1644,48800,1D,4,5,4,4102,0,0,0,,0,001,"OXFORD WY","OXFORD CT",71.00,S,N,A,-,N,,,,,,,,,,N,3,0,1,2,A,-,17,21200,A,N,H,G,A,-,H,-,A,D,0,,Y,,,Y,,L,04,0,1,0,0,0,0,1,0,0,"- ","- ",37.527000427246094,-122.27200317382812,"SAN MATEO",BELMONT,-122.27342224121094,37.528053283691406
9368878,2021,2022-01-12,4120,2021-11-01,0820,211,12,1,5,4,4120,0,0,0,,0,00Y,"EAST 3RD AV","LIGHT STANDARD 3025D",61.00,S,N,C,-,N,,,,,,,,,,Y,4,0,1,2,A,-,03,22350,,N,A,C,A,B,-,-,C,D,0,,,,,Y,,A,01,0,0,1,0,0,0,0,0,0,"- ","- ",37.569999694824219,-122.27500152587891,"SAN MATEO","FOSTER CITY",,
9127099,2021,2021-01-26,4116,2021-01-10,1500,28252,50,7,5,5,4116,0,0,0,,0,00D,"AIRPORT BL","PENINSULA AV",135.00,N,N,A,-,N,,,,,,,,,,N,4,0,2,2,A,-,03,22350,,F,C,C,A,A,H,-,A,A,0,,,,,Y,,A,01,0,0,2,0,0,0,0,0,0,"- ","- ",37.585369110107422,-122.32765197753906,"SAN MATEO","SAN MATEO",-122.32791900634766,37.585643768310547
9231412,2021,2021-04-27,4116,2021-03-24,1219,28071,23,3,5,5,4116,0,0,0,,0,00A,"N EL CAMINO REAL","SEVILLE WY/10TH AV",0.00,,Y,A,-,Y,SM,4,82,-,-,11.194,I,5,S,N,3,0,2,2,A,-,09,21802,A,N,D,C,A,A,H,-,A,A,0,,,,,Y,,A,01,0,2,0,0,0,0,0,0,0,"- ","- ",37.557319641113281,-122.31958770751953,"SAN MATEO","SAN MATEO",-122.31967163085938,37.557266235351562
9295356,2021,2021-09-03,4116,2021-07-09,0803,28252,34,5,5,5,4116,0,0,0,,0,00C,"36TH AV","SOUTH EL CAMINO REAL",0.00,,Y,A,-,Y,SM,4,82,-,-,9.150,H,-,S,Y,4,0,1,2,A,-,09,21802,A,N,D,C,A,A,H,-,A,A,0,,,,Y,Y,,A,01,0,0,1,0,0,0,0,0,0,"- ","- ",37.535129547119141,-122.29524993896484,"SAN MATEO","SAN MATEO",-122.295166015625,37.534942626953125
9301761,2021,2021-09-07,4113,2021-01-23,1759,1759,8,6,5,5,4113,0,0,0,,0,008,"RT 84","KENTUCKY ST",0.00,,Y,A,-,Y,SM,4,84,-,-,23.118,I,5,N,Y,1,1,0,2,A,-,10,21950,A,N,G,B,B,A,H,-,C,D,0,Y,,,,Y,,D,22,0,0,0,1,0,0,0,0,0,"- ","- ",37.454990386962891,-122.22825622558594,"SAN MATEO","REDWOOD CITY",-122.22882080078125,37.454566955566406
81509614,2021,2021-06-30,4109,2021-05-29,1359,14771,16,6,5,4,4109,0,0,0,,0,002,"BAY RD","CHRISTOPHER WAY",0.00,,Y,A,-,N,,,,,,,,,,Y,4,0,1,2,A,-,08,22107,,N,D,C,A,A,H,-,A,D,0,,,,,Y,,A,01,0,0,1,0,0,0,0,0,0,"- ","- ",37.476608276367188,-122.18433380126953,"SAN MATEO","MENLO PARK",-122.18434906005859,37.476612091064453
81534915,2021,2021-08-02,4100,2021-06-20,1808,25973,"MLB ",7,5,3,4110,0,0,0,,0,061,"E MILLBRAE AVE","ROLLINS RD",167.00,E,-,A,-,N,,,,,,,,,,N,3,0,2,2,A,-,03,22350,,F,C,C,A,A,H,-,A,A,0,,,,,Y,,A,01,0,2,0,0,0,0,0,0,0,"- ","- ",,,"SAN MATEO",MILLBRAE,-122.38357543945312,37.600734710693359
81570040,2021,2021-09-14,4100,2021-09-08,1602,18920,MLB,3,5,3,4110,0,0,0,,0,061,"SR-82 (SOUTH EL CAMINO REAL)","MURCHISON DR",116.00,N,-,A,-,Y,,,,,,,,,,N,4,0,1,3,A,-,03,22350,,N,C,C,A,A,H,-,A,A,0,,,,,Y,,A,01,0,0,1,0,0,0,0,0,0,"- ","- ",,,"SAN MATEO",MILLBRAE,-122.38612365722656,37.596832275390625
81581505,2021,2021-09-28,4100,2021-09-08,0834,25242,PV,3,5,2,4112,0,0,0,,0,031,"PORTOLA RD","STONEGATE RD",528.00,S,-,A,-,N,,,,,,,,,,N,2,0,1,1,A,-,03,22350,,N,H,A,A,A,C,-,A,D,0,,Y,,,Y,,L,04,1,0,0,0,0,0,1,0,0,"- ","- ",,,"SAN MATEO","PORTOLA VALLEY",-122.22353363037109,37.377361297607422
81640687,2021,2021-12-02,4114,2021-11-12,1409,1260,SNB14,5,5,4,4114,0,0,0,,0,002,"SANTA LUCIA AVENUE","LINDEN AVENUE",0.00,,Y,A,-,N,,,,,,,,,,Y,3,0,2,3,A,-,09,21802,,N,D,C,A,A,H,-,A,D,0,,,,,Y,,A,01,0,2,0,0,0,0,0,0,0,"- ","- ",,,"SAN MATEO","SAN BRUNO",-122.4073486328125,37.615024566650391
91533758,2021,2021-07-30,9330,2021-07-24,1040,022190,,6,1,9,4100,0,1,3,,1,021,SR-84,"WILLIAMS RANCH ROAD",1056.00,W,N,A,-,Y,,,84,,,,,,,N,3,0,3,3,A,-,08,22107,,N,F,A,A,A,H,-,A,D,0,,Y,,,Y,,L,04,0,1,2,0,0,0,3,0,0,"- ","- ",37.359458923339844,-122.26141357421875,"SAN MATEO",UNINCORPORATED,-122.26141357421875,37.359470367431641
91592306,2021,2021-10-11,9335,2021-09-03,1455,022667,,5,2,9,4100,0,1,3,,2,040,"SR-1 S/B","DEVIL'S SLIDE TRAIL",165.00,N,N,B,-,Y,,,1,,,,,,S,Y,2,0,1,2,A,-,03,22350,,N,E,8,A,A,H,-,A,A,0,,,Y,,Y,,A,01,1,0,0,0,0,0,0,0,1,"- ","- ",37.571109771728516,-122.51600646972656,"SAN MATEO",UNINCORPORATED,-122.51583862304688,37.571071624755859
9216370,2021,2021-03-10,4113,2021-01-16,1221,441,11,6,5,5,4113,0,0,0,,0,023,"HAMILTON ST","MARSHALL ST",0.00,,Y,A,-,N,,,,,,,,,,Y,3,0,1,2,A,-,09,21801,,N,A,C,A,A,H,-,A,A,0,,,,Y,Y,,-,,0,1,0,0,0,0,0,0,0,"- ","- ",37.487499237060547,-122.23018646240234,"SAN MATEO","REDWOOD CITY",-122.23018646240234,37.487464904785156
9233857,2021,2021-04-05,4113,2021-02-05,0941,351,11,5,5,5,4113,0,0,0,,0,"2 3","WINSLOW ST","BREWSTER AV",0.00,,Y,A,-,N,,,,,,,,,,Y,3,0,1,2,A,-,12,21453,A,N,D,C,A,A,H,-,A,A,0,,,,,Y,,D,22,0,1,0,0,0,0,0,0,0,"- ","- ",37.490310668945312,-122.23175811767578,"SAN MATEO","REDWOOD CITY",-122.23175048828125,37.490310668945312
81589750,2021,2021-10-06,4109,2021-08-31,0819,14658,22,2,5,4,4109,0,0,0,,0,002,"GILBERT AV","POPE ST",0.00,,Y,A,-,N,,,,,,,,,,N,3,0,3,2,A,-,09,21802,A,N,D,C,A,A,H,-,A,A,0,,,,,Y,,A,01,0,2,1,0,0,0,0,0,0,"- ","- ",37.459438323974609,-122.15654754638672,"SAN MATEO","MENLO PARK",-122.15650177001953,37.459449768066406
91527719,2021,2021-07-23,9335,2021-06-17,0143,022024,,4,3,5,4117,0,1,2,,2,012,"US-101 S/B","SIERRA POINT PKWY.",4224.00,N,N,A,-,Y,,,,,,,,,,Y,4,0,1,2,A,-,01,23152,A,M,C,C,A,A,H,-,D,D,0,,,,,Y,Y,A,01,0,0,1,0,0,0,0,0,0,"- ","- ",37.686248779296875,-122.39018249511719,"SAN MATEO","SOUTH SAN FRANCISCO",-122.3890380859375,37.675621032714844
91616152,2021,2021-11-04,9330,2021-10-23,1530,022575,,6,2,5,4113,0,1,2,,2,048,"US-101 N/B","WHIPPLE AVENUE",2400.00,N,N,A,-,Y,,,101,,,,,,N,Y,4,0,1,3,A,-,08,22107,,M,B,C,A,A,D,-,A,D,0,,,,,Y,,A,01,0,0,1,0,0,0,0,0,0,"- ","- ",37.499771118164062,-122.23990631103516,"SAN MATEO","REDWOOD CITY",-122.23991394042969,37.499763488769531
9257442,2021,2021-04-23,4104,2021-03-13,1851,0254,11,6,5,4,4104,0,0,0,,0,00B,"OXFORD RD","HIGHWAY RD",290.00,E,N,A,-,N,,,,,,,,,,Y,3,0,1,2,A,-,01,23152,A,N,C,E,A,A,H,-,C,D,0,,,,,Y,Y,A,01,0,1,0,0,0,0,0,0,0,"- ","- ",37.589931488037109,-122.37473297119141,"SAN MATEO",BURLINGAME,-122.37435150146484,37.589839935302734
81547618,2021,2021-08-18,4100,2021-08-16,1248,25274,WDS,1,5,2,4118,0,0,0,,0,030,"SR-84 (LA HONDA RD)",84SM16.33,1056.00,N,-,A,-,Y,,,,,,,,,,Y,3,0,1,2,A,-,03,22350,,N,E,I,A,A,H,-,A,D,0,,,,,Y,,A,07,0,1,0,0,0,0,0,0,0,"- ","- ",,,"SAN MATEO",WOODSIDE,,
81612602,2021,2021-11-01,4114,2021-10-14,1227,0048,SNB11,4,5,4,4114,0,0,0,,0,004,"SAN BRUNO AVENUE","CHESTNUT AVENUE",0.00,,Y,A,-,N,,,,,,,,,,Y,4,0,1,2,A,-,09,21802,A,N,D,C,A,A,H,-,A,D,0,,,,,Y,,A,07,0,0,1,0,0,0,0,0,0,"- ","- ",,,"SAN MATEO","SAN BRUNO",-122.42338562011719,37.626319885253906
91470825,2021,2021-05-12,9330,2021-05-05,0930,021942,,3,1,4,4104,0,1,2,,2,038,"US-101 NB","PENINSULA AVE",625.00,S,N,A,-,Y,,,,,,,,,,Y,3,0,1,1,A,-,08,22107,,N,F,A,A,A,D,H,A,D,0,,,Y,,Y,,C,02,0,1,0,0,0,0,0,0,1,"- ","- ",37.583568572998047,-122.32756042480469,"SAN MATEO",BURLINGAME,-122.32723999023438,37.583179473876953
91498458,2021,2021-06-16,9330,2021-06-06,1920,021662,,7,2,9,4100,0,3,5,,2,509,"SAND HILL ROAD","SANTA CRUZ AVENUE",15.00,W,N,A,-,N,,,,,,,,,,N,4,0,1,2,A,-,01,23152,A,M,C,C,A,A,H,-,A,A,0,,,,,Y,Y,A,07,0,0,1,0,0,0,0,0,0,"- ","- ",37.425621032714844,-122.19268035888672,"SAN MATEO",UNINCORPORATED,-122.19251251220703,37.425834655761719
91557103,2021,2021-08-27,9330,2021-08-17,1538,021662,,2,2,9,4100,0,2,4,,1,051,"5TH AVENUE","MIDDLEFIELD ROAD",98.00,W,N,A,-,N,,,,,,,,,,N,4,0,1,3,A,-,21,22106,,N,D,C,A,A,H,-,A,D,0,,,,,Y,,A,01,0,0,1,0,0,0,0,0,0,"- ","- ",37.471778869628906,-122.20480346679688,"SAN MATEO",UNINCORPORATED,-122.20466613769531,37.471858978271484
91665899,2021,2021-12-29,9330,2021-12-14,1730,021662,,2,2,9,4100,0,1,1,,2,044,"I-280 N/B",SR-92,5280.00,S,N,B,-,Y,,,280,,,,,,N,Y,4,0,1,3,A,-,03,22350,,N,C,C,A,A,H,-,D,D,0,,,,,Y,,D,22,0,0,1,0,0,0,0,0,0,"- ","- ",37.500961303710938,-122.32321166992188,"SAN MATEO",UNINCORPORATED,-122.32321166992188,37.500926971435547
9285811,2021,2021-07-15,4106,2021-06-18,0826,2154,14,5,5,6,4106,0,0,0,,0,006,"RT 280","HICKEY BL",0.00,,Y,A,-,Y,SM,4,280,-,R,24.421,R,4,S,N,4,0,1,2,A,-,12,21453,A,N,D,C,A,A,H,-,A,A,0,,,,,Y,,A,07,0,0,1,0,0,0,0,0,0,SF,"- ",,,"SAN MATEO","DALY CITY",-122.46590423583984,37.666717529296875
9324171,2021,2021-09-24,4120,2021-08-27,2059,224,CIV,5,5,4,4120,0,0,0,,0,00X,"EAST HILLSDALE BL","FOSTER CITY BL",9.00,W,N,A,-,N,,,,,,,,,,N,3,0,1,2,A,-,12,21453,,N,G,B,B,A,H,-,C,A,0,Y,,,,Y,,A,01,0,1,0,0,1,0,0,0,0,"- ","- ",37.561389923095703,-122.26892852783203,"SAN MATEO","FOSTER CITY",-122.26918792724609,37.561302185058594
9365385,2021,2021-12-08,4113,2021-10-21,1717,470,2,4,5,5,4113,0,0,0,,0,002,"ARGUELLO ST","D ST",0.00,,Y,B,-,N,,,,,,,,,,N,3,0,1,2,A,-,09,21802,A,N,D,G,A,A,H,-,A,D,0,,Y,,,Y,,-,"- ",0,1,0,0,0,0,1,0,0,"- ","- ",37.493679046630859,-122.24092864990234,"SAN MATEO","REDWOOD CITY",-122.24092102050781,37.493667602539062
81536571,2021,2021-08-04,4100,2021-07-14,1235,25274,WDS,3,5,2,4118,0,0,0,,0,030,"SR-84 (WOODSIDE RD)","SOUTHGATE DR",47.00,S,-,A,-,Y,,,,,,,,,,Y,3,0,2,4,A,-,03,22350,,M,C,C,A,A,H,-,A,D,0,,,,,Y,,A,07,0,2,0,0,0,0,0,0,0,"- ","- ",,,"SAN MATEO",WOODSIDE,-122.23754119873047,37.440643310546875
91411572,2021,2021-02-19,9330,2021-02-12,0850,022212,,5,1,5,4116,0,1,2,,2,048,"US-101 S/B","HILLSDALE BLVD",500.00,N,N,A,-,Y,,,101,,,,,,S,Y,4,0,1,3,A,-,03,22350,,N,C,C,A,A,H,-,A,D,0,,,,,Y,,D,22,0,0,1,0,0,0,0,0,0,"- ","- ",37.544780731201172,-122.28829193115234,"SAN MATEO","SAN MATEO",-122.28831481933594,37.544757843017578
91609282,2021,2021-10-28,9335,2021-10-21,0810,019581,,4,1,6,4106,0,1,1,,2,021,"I-280 S/B","THE WASHINGTON ST. O/C",100.00,S,N,C,-,Y,,,280,,,,,,S,Y,3,0,1,3,A,-,03,22350,,N,C,C,A,B,H,-,A,D,0,,,,,Y,,A,01,0,1,0,0,0,0,0,0,0,"- ","- ",37.687599182128906,-122.47077178955078,"SAN MATEO","DALY CITY",-122.47111511230469,37.687705993652344
91769612,2021,2022-05-11,9330,2021-11-17,0755,021942,,3,1,5,4113,0,1,2,,2,058,"US-101 N/B","SR-84 (WOODSIDE ROAD)",528.00,S,N,A,-,Y,,,101,,,,,,N,N,4,0,1,2,A,-,03,22350,,M,C,C,A,A,H,-,A,D,0,,,,,Y,,A,07,0,0,1,0,0,0,0,0,0,"- ","- ",37.487560272216797,-122.20552825927734,"SAN MATEO","REDWOOD CITY",-122.20552825927734,37.487594604492188
9246610,2021,2021-04-12,4114,2021-03-01,0711,1121,SNB26,1,5,4,4114,0,0,0,,0,003,"ROLLINGWOOD DR","SNEATH LN",0.00,,Y,A,-,N,,,,,,,,,,Y,4,0,1,3,A,-,12,21453,A,M,D,C,A,A,H,-,A,A,0,,,,,Y,,A,01,0,0,1,0,0,0,0,0,0,"- ","- ",,,"SAN MATEO","SAN BRUNO",-122.43622589111328,37.629890441894531
9260114,2021,2021-05-20,4102,2021-04-27,1351,69800,2C,2,5,4,4102,0,0,0,,0,002,"RALSTON AV","SOUTH RD",644.00,W,N,A,-,N,,,,,,,,,,Y,3,0,1,2,A,-,04,21703,,N,C,C,A,A,H,-,A,D,0,,,,,Y,,A,07,0,1,0,0,0,0,0,0,0,"- ","- ",37.516960144042969,-122.27887725830078,"SAN MATEO",BELMONT,-122.2811279296875,37.516693115234375
81569051,2021,2021-09-13,4117,2021-09-09,2031,15GR13,01AQ,4,5,5,4117,0,0,0,,0,001,"EAST GRAND AV","GATEWAY BL",5.00,S,Y,A,-,N,,,,,,,,,,N,3,0,1,2,A,-,03,22350,,N,C,C,A,A,H,-,C,A,0,,,,,Y,,A,01,0,1,0,0,0,0,0,0,0,"- ","- ",37.654819488525391,-122.40780639648438,"SAN MATEO","SOUTH SAN FRANCISCO",-122.4022216796875,37.654457092285156
91477638,2021,2021-05-27,9330,2021-05-10,1545,022355,,1,2,9,4100,0,3,5,,2,507,"RINGWOOD AVE","COLEMAN AVE",0.00,,Y,A,-,N,,,,,,,,,,N,3,0,1,2,A,-,09,21802,A,N,H,G,A,A,H,-,A,A,0,,Y,,,Y,,L,04,0,1,0,0,0,0,1,0,0,"- ","- ",37.464801788330078,-122.17130279541016,"SAN MATEO",UNINCORPORATED,-122.17124176025391,37.464931488037109
91503855,2021,2021-06-23,9330,2021-06-15,1210,017984,,2,1,9,4100,0,3,5,,2,103,"DATE STREET","EDISON STREET",200.00,N,N,A,-,N,,,,,,,,,,N,2,0,1,2,A,-,03,22350,,N,H,E,A,A,H,-,A,D,0,,Y,,,Y,,L,04,1,0,0,0,0,0,1,0,0,"- ","- ",37.543659210205078,-122.50124359130859,"SAN MATEO",UNINCORPORATED,-122.50125885009766,37.543582916259766
91512858,2021,2021-07-05,9335,2021-06-26,2140,022179,,6,2,5,4117,0,1,1,,2,020,"US-101 S/B","WESTBOROUGH BLVD. UNDERCROSSING",794.00,N,N,B,-,Y,,,,,,,,,,Y,4,0,1,2,A,-,03,22350,,N,C,2,A,A,H,-,C,D,0,,,,,Y,,A,07,0,0,1,0,0,0,0,0,0,"- ","- ",37.647159576416016,-122.45097351074219,"SAN MATEO","SOUTH SAN FRANCISCO",,
91535003,2021,2021-08-02,9335,2021-07-24,1415,022241,,6,2,9,4100,0,1,3,,2,040,"SR-1 S/B","THE TOM LANTOS TUNNEL",403.00,S,N,A,-,Y,,,1,,,,,,S,Y,3,0,1,1,A,-,08,22107,,N,E,I,A,A,H,-,A,A,0,,,,,Y,Y,A,07,0,1,0,0,0,0,0,0,0,"- ","- ",37.570819854736328,-122.51602172851562,"SAN MATEO",UNINCORPORATED,-122.51589965820312,37.57080078125