CASE_ID,ACCIDENT_YEAR,PROC_DATE,JURIS,COLLISION_DATE,COLLISION_TIME,OFFICER_ID,REPORTING_DISTRICT,DAY_OF_WEEK,CHP_SHIFT,POPULATION,CNTY_CITY_LOC,SPECIAL_COND,BEAT_TYPE,CHP_BEAT_TYPE,CITY_DIVISION_LAPD,CHP_BEAT_CLASS,BEAT_NUMBER,PRIMARY_RD,SECONDARY_RD,DISTANCE,DIRECTION,INTERSECTION,WEATHER_1,WEATHER_2,STATE_HWY_IND,CALTRANS_COUNTY,CALTRANS_DISTRICT,STATE_ROUTE,ROUTE_SUFFIX,POSTMILE_PREFIX,POSTMILE,LOCATION_TYPE,RAMP_INTERSECTION,SIDE_OF_HWY,TOW_AWAY,COLLISION_SEVERITY,NUMBER_KILLED,NUMBER_INJURED,PARTY_COUNT,PRIMARY_COLL_FACTOR,PCF_CODE_OF_VIOL,PCF_VIOL_CATEGORY,PCF_VIOLATION,PCF_VIOL_SUBSECTION,HIT_AND_RUN,TYPE_OF_COLLISION,MVIW,PED_ACTION,ROAD_SURFACE,ROAD_COND_1,ROAD_COND_2,LIGHTING,CONTROL_DEVICE,CHP_ROAD_TYPE,PEDESTRIAN_ACCIDENT,BICYCLE_ACCIDENT,MOTORCYCLE_ACCIDENT,TRUCK_ACCIDENT,NOT_PRIVATE_PROPERTY,ALCOHOL_INVOLVED,STWD_VEHTYPE_AT_FAULT,CHP_VEHTYPE_AT_FAULT,COUNT_SEVERE_INJ,COUNT_VISIBLE_INJ,COUNT_COMPLAINT_PAIN,COUNT_PED_KILLED,COUNT_PED_INJURED,COUNT_BICYCLIST_KILLED,COUNT_BICYCLIST_INJURED,COUNT_MC_KILLED,COUNT_MC_INJURED,PRIMARY_RAMP,SECONDARY_RAMP,LATITUDE,LONGITUDE,COUNTY,CITY,POINT_X,POINT_Y
91575524,2021,2021-09-21,9330,2021-09-10,0810,022504,,5,1,4,4104,0,3,5,,2,303,"HILLSIDE DRIVE","LOS ROBLES DRIVE",18.00,W,N,A,-,N,,,,,,,,,,N,3,0,1,1,C,-,18,,,N,F,A,A,A,H,-,A,D,0,,Y,,,Y,,-,"- ",0,1,0,0,0,0,1,0,0,"- ","- ",37.578170776367188,-122.38906097412109,"SAN MATEO",BURLINGAME,-122.3890380859375,37.578189849853516
91583468,2021,2021-09-30,9330,2021-09-20,2105,022072,,1,2,5,4116,0,1,2,,2,048,"US-101 S/B","HILLSDALE BLVD.",2112.00,N,N,A,-,Y,,,,,,,,,,Y,4,0,1,2,A,-,02,22400,A,N,C,C,A,A,D,-,C,D,0,,,,,Y,Y,A,01,0,0,1,0,0,0,0,0,0,"- ","- ",37.325721740722656,-122.17331695556641,"SAN MATEO","SAN MATEO",-122.29210662841797,37.548908233642578
91689156,2021,2022-01-31,9330,2021-11-18,0820,022436,,4,1,5,4113,0,1,2,,2,048,"US-101 S/B","MAPLE STREET OVERCROSSING",100.00,S,N,A,-,Y,,,101,,,,,,S,Y,4,0,2,3,A,-,03,22350,,N,C,C,A,A,H,-,A,D,0,,,,,Y,,D,22,0,0,2,0,0,0,0,0,0,"- ","- ",37.491798400878906,-122.22042083740234,"SAN MATEO","REDWOOD CITY",-122.22039031982422,37.491867065429688
9250344,2021,2021-04-30,4116,2021-04-01,1046,25586,24,4,5,5,4116,0,0,0,,0,00A,"CRYSTAL SPRINGS RD","W 3RD AV",114.00,E,N,A,-,N,,,,,,,,,,N,2,0,1,1,C,-,18,,,N,E,J,A,A,C,G,A,D,0,,Y,,,Y,,-,"- ",1,0,0,0,0,0,1,0,0,"- ","- ",37.559761047363281,-122.33168029785156,"SAN MATEO","SAN MATEO",-122.33142852783203,37.559986114501953
9259921,2021,2021-05-19,4127,2021-04-09,1541,2253,4127,5,5,4,4127,0,0,0,,0,003,"PULGAS AV","SAGE ST",445.00,E,N,A,-,N,,,,,,,,,,Y,4,0,3,2,D,-,00,,,N,D,C,A,A,H,-,A,A,0,,,,,Y,,-,"- ",0,0,3,0,0,0,0,0,0,"- ","- ",,,"SAN MATEO","EAST PALO ALTO",-122.13014984130859,37.463890075683594
9272148,2021,2021-06-10,4120,2021-04-12,1551,209,9,1,5,4,4120,0,0,0,,0,00Y,"EDGEWATER BL","EAST HILLSDALE BL",0.00,,Y,A,-,N,,,,,,,,,,Y,2,0,1,2,A,-,12,21453,A,N,B,C,A,A,H,-,A,A,0,,,,,Y,,A,07,1,0,0,0,0,0,0,0,0,"- ","- ",37.554279327392578,-122.27747344970703,"SAN MATEO","FOSTER CITY",-122.27756500244141,37.554370880126953
9322364,2021,2021-09-27,4113,2021-08-16,1744,443,7,1,5,5,4113,0,0,0,,0,007,"BREWSTER AV","EL CAMINO REAL",0.00,,Y,A,-,Y,SM,4,82,-,-,4.511,I,5,S,Y,3,0,1,3,A,-,03,22350,,N,C,C,A,A,H,-,A,A,0,,,,,Y,,A,01,0,1,0,0,0,0,0,0,0,"- ","- ",37.487220764160156,-122.23597717285156,"SAN MATEO","REDWOOD CITY",-122.23604583740234,37.487186431884766
81489800,2021,2021-06-04,4100,2021-05-08,1152,25094,,6,5,3,4107,0,0,0,,0,,"SR-1 (N CABRILLO HWY)","CORONADO ST",2146.00,N,-,A,-,Y,,,,,,,,,,N,3,0,1,2,A,-,08,22107,,N,H,G,A,A,H,-,A,D,0,,Y,,,Y,,A,01,0,1,0,0,0,0,1,0,0,"- ","- ",,,"SAN MATEO","HALF MOON BAY",-122.47404479980469,37.502326965332031
81569575,2021,2021-09-14,4100,2021-09-08,1139,25236,,3,5,3,4110,0,0,0,,0,,"EAST MILLBRAE AVE","ROLLINS RD",51.00,W,-,A,-,Y,,,,,,,,,,N,3,0,1,2,A,-,03,22350,,N,C,C,A,A,H,-,A,A,0,,,,,Y,,A,07,0,1,0,0,0,0,0,0,0,"- ","- ",,,"SAN MATEO",MILLBRAE,-122.38413238525391,37.600345611572266
91571731,2021,2021-09-16,9330,2021-09-04,1730,022452,,6,2,4,4120,0,1,3,,1,035,"SR-92 W/B","FOSTER CITY BOULEVARD",6336.00,E,N,A,-,Y,,,92,,,,,,W,Y,3,0,2,2,A,-,03,22350,,N,C,C,A,A,H,-,A,D,0,,,,,Y,,A,01,0,1,1,0,0,0,0,0,0,"- ","- ",37.577571868896484,-122.25865173339844,"SAN MATEO","FOSTER CITY",-122.25846862792969,37.577369689941406
91620161,2021,2022-03-16,9330,2021-08-19,2230,021953,,4,3,4,4109,0,1,1,,2,054,"US-101 S/B","HENDERSON RAILROAD OVERCROSSING",12.00,S,N,A,-,Y,,,101,,,,,,S,Y,2,0,3,3,A,-,03,22350,,N,C,2,A,A,D,-,C,D,0,,,,,Y,,A,01,1,1,1,0,0,0,0,0,0,"- ","- ",37.478931427001953,-122.17269134521484,"SAN MATEO","MENLO PARK",-122.17268371582031,37.47894287109375
81647458,2021,2022-03-15,4100,2021-11-20,0909,25054,MLB,6,5,3,4110,0,0,0,,0,061,BROADWAY,"LA CRUZ AV",114.00,N,-,A,-,N,,,,,,,,,,N,3,0,1,2,A,-,21,22106,,F,G,B,D,A,H,-,A,D,0,Y,,,,Y,,A,01,0,1,0,0,1,0,0,0,0,"- ","- ",,,"SAN MATEO",MILLBRAE,-122.39195251464844,37.601009368896484
91423084,2021,2021-03-09,9330,2021-02-28,1955,022524,,7,2,5,4113,0,1,2,,2,048,"US-101 S/B","WOODSIDE RD",1584.00,N,N,A,-,Y,,,101,,,,,,S,N,4,0,1,2,A,-,03,22350,,N,C,C,A,A,H,-,D,D,0,,,,,Y,,A,01,0,0,1,0,0,0,0,0,0,"- ","- ",37.490970611572266,-122.21858215332031,"SAN MATEO","REDWOOD CITY",-122.21855163574219,37.491035461425781
91424142,2021,2021-03-10,9330,2021-03-01,1630,021315,,1,2,9,4100,0,1,3,,1,020,"SR-1 (CABRILLO HIGHWAY)","ROSSI RD.",1056.00,N,N,A,-,Y,,,1,,,,,,,Y,4,0,1,1,A,-,08,22107,,N,E,I,A,A,H,-,A,D,0,,,,,Y,,A,07,0,0,1,0,0,0,0,0,0,"- ","- ",37.150859832763672,-122.34954071044922,"SAN MATEO",UNINCORPORATED,-122.34954071044922,37.150859832763672
91499105,2021,2021-06-17,9330,2021-05-26,0030,021630,,3,3,9,4100,0,1,2,,2,048,"US-101 S/B FROM WHIPPLE AVE E/B","VETERANS BOULEVARD",260.00,E,N,A,-,Y,,,,,,,,,,Y,3,0,1,1,A,-,01,23152,A,N,E,8,A,A,H,-,C,D,0,,,,,Y,Y,A,01,0,1,0,0,0,0,0,0,0,"- ","- ",37.495128631591797,-122.23358154296875,"SAN MATEO",UNINCORPORATED,-122.23717498779297,37.497493743896484
91517478,2021,2021-07-12,9335,2021-07-01,1145,019581,,4,1,5,4117,0,1,2,,2,012,"US-101 S/B","S. AIRPORT BLVD. UNDERCROSSING",500.00,N,N,A,-,Y,,,101,,,,,,S,N,4,0,1,2,A,-,03,22350,,N,C,C,A,A,H,-,A,D,0,,,,,Y,,D,22,0,0,1,0,0,0,0,0,0,"- ","- ",37.651500701904297,-122.40699005126953,"SAN MATEO","SOUTH SAN FRANCISCO",-122.40696716308594,37.651500701904297
91528643,2021,2021-07-26,9330,2021-07-17,1150,022524,,6,1,5,4116,0,1,2,,2,048,"US-101 N/B","EAST HILLSDALE BOULEVARD",528.00,N,N,A,-,Y,,,101,,,,,,N,Y,4,0,1,2,A,-,03,22350,,N,C,C,A,A,D,-,A,D,0,,,,,Y,,A,01,0,0,1,0,0,0,0,0,0,"- ","- ",37.546310424804688,-122.28936767578125,"SAN MATEO","SAN MATEO",-122.28932952880859,37.546344757080078
9248605,2021,2021-04-08,4113,2021-03-20,1147,363,4,6,5,5,4113,0,0,0,,0,004,"FLORENCE ST","17TH ST",6.00,N,N,A,-,N,,,,,,,,,,N,3,0,1,3,A,-,10,21950,A,N,G,B,B,A,H,-,A,A,0,Y,,,,Y,,A,01,0,1,0,0,1,0,0,0,0,"- ","- ",37.478801727294922,-122.18563079833984,"SAN MATEO","REDWOOD CITY",-122.18773651123047,37.478641510009766
9264962,2021,2021-05-21,4113,2021-03-27,1652,467,5,6,5,5,4113,0,0,0,,0,005,"LAUREL ST","HANCOCK ST",0.00,,Y,A,-,N,,,,,,,,,,N,3,0,1,2,A,-,11,21954,A,N,G,B,D,A,H,-,A,D,0,Y,,,,Y,,N,60,0,1,0,0,1,0,0,0,0,"- ","- ",37.477401733398438,-122.22025299072266,"SAN MATEO","REDWOOD CITY",-122.22014617919922,37.477008819580078
9337734,2021,2021-10-23,4127,2021-07-28,1501,2253,4127,3,5,4,4127,0,0,0,,0,001,"ALBERNI AV","WILLOW RD",197.00,S,N,A,-,N,,,,,,,,,,N,4,0,3,2,A,-,09,21802,,N,D,C,A,A,H,-,A,A,0,,,,,Y,,A,01,0,0,3,0,0,0,0,0,0,"- ","- ",,,"SAN MATEO","EAST PALO ALTO",-122.15304565429688,37.473987579345703
81538804,2021,2021-08-06,4117,2021-07-29,1126,03JA06,14AC,4,5,5,4117,0,0,0,,0,001,"SOUTH SPRUCE AV","MYRTLE AV",370.00,S,-,A,-,N,,,,,,,,,,Y,3,0,1,2,A,-,09,21801,A,N,D,C,A,A,H,-,A,D,0,,,,,Y,,A,07,0,1,0,0,0,0,0,0,0,"- ","- ",37.647239685058594,-122.42178344726562,"SAN MATEO","SOUTH SAN FRANCISCO",-122.42063903808594,37.646881103515625
91448313,2021,2021-04-12,9330,2021-04-04,1800,021594,,7,2,9,4100,0,1,3,,1,020,"SR-1 N/B","COWELL RANCH ACCESS RD",2112.00,S,N,A,-,Y,,,1,,,,,,N,Y,3,0,2,1,A,-,08,22107,,N,F,I,A,A,H,-,A,D,0,,,,,Y,Y,A,01,0,1,1,0,0,0,0,0,0,"- ","- ",37.416938781738281,-122.42436218261719,"SAN MATEO",UNINCORPORATED,-122.42427062988281,37.416969299316406
91502154,2021,2021-06-21,9330,2021-06-14,0620,021628,,1,1,9,4100,0,3,5,,2,511,"SAND HILL ROAD","MANZANITA WAY",150.00,E,N,A,-,N,,,,,,,,,,Y,3,0,1,1,C,-,18,,,N,D,H,A,A,H,-,A,D,0,,Y,,,Y,,-,"- ",0,1,0,0,0,0,1,0,0,"- ","- ",37.411029815673828,-122.24156951904297,"SAN MATEO",UNINCORPORATED,-122.24154663085938,37.410964965820312
91513127,2021,2021-07-06,9330,2021-07-01,2250,021661,,4,3,9,4100,0,3,5,,2,505,"5TH AVE","SPRING STREET",0.00,,Y,A,-,N,,,,,,,,,,Y,3,0,2,4,A,-,01,23152,A,N,D,C,A,A,H,-,C,A,0,,,,,Y,Y,A,01,0,2,0,0,0,0,0,0,0,"- ","- ",37.47998046875,-122.19966888427734,"SAN MATEO",UNINCORPORATED,-122.19966888427734,37.479961395263672
91565814,2021,2021-09-09,9330,2021-08-27,1455,022244,,5,2,5,4116,0,1,3,,2,031,"SR-92 E/B","ALAMEDA DE LAS PULGAS",1056.00,W,N,B,-,Y,,,92,,,,,,E,N,4,0,1,4,A,-,03,22350,,N,C,C,A,A,H,-,A,D,0,,,,,Y,,A,07,0,0,1,0,0,0,0,0,0,"- ","- ",37.54547119140625,-122.32598114013672,"SAN MATEO","SAN MATEO",-122.32594299316406,37.545425415039062
9346003,2021,2021-10-29,4113,2021-09-13,1255,455,3,1,5,5,4113,0,0,0,,0,003,"MAIN ST","CHESTNUT ST",60.00,N,N,A,-,N,,,,,,,,,,Y,3,0,2,2,A,-,03,22350,,N,C,C,A,A,H,-,A,D,0,,,,,Y,,D,22,0,2,0,0,0,0,0,0,0,"- ","- ",37.478919982910156,-122.22461700439453,"SAN MATEO","REDWOOD CITY",-122.2237548828125,37.479469299316406
81453643,2021,2021-04-19,4109,2021-01-26,1420,14591,30,2,5,4,4109,0,0,0,,0,001,"SAND HILL RD","MONTE ROSA DR",70.00,E,-,B,-,N,,,,,,,,,,Y,3,0,1,2,A,-,03,22350,,N,C,C,A,A,H,-,A,D,0,,,,,Y,,A,07,0,1,0,0,0,0,0,0,0,"- ","- ",37.421119689941406,-122.20644378662109,"SAN MATEO","MENLO PARK",-122.20671081542969,37.421798706054688
81536643,2021,2021-08-04,4100,2021-07-23,1803,25959,4100,5,5,3,4107,0,0,0,,0,HMB,"FILBERT ST","SR-1 (CABRILLO HWY)",0.00,,Y,B,-,Y,,,,,,,,,,Y,3,0,1,2,A,-,09,21801,A,N,D,C,A,A,H,-,A,D,0,,,,,Y,,A,01,0,1,0,0,0,0,0,0,0,"- ","- ",,,"SAN MATEO","HALF MOON BAY",-122.43416595458984,37.458343505859375
91451886,2021,2021-04-16,9330,2021-04-10,1225,022101,,6,1,5,4116,0,1,2,,2,048,"US-101 N/B",SR-92,1056.00,S,N,A,-,Y,,,101,,,,,,N,Y,4,0,2,4,A,-,03,22350,,N,C,C,A,A,D,-,A,D,0,,,,,Y,,A,01,0,0,2,0,0,0,0,0,0,"- ","- ",37.549819946289062,-122.29274749755859,"SAN MATEO","SAN MATEO",-122.29269409179688,37.549877166748047
91459038,2021,2021-04-27,9330,2021-04-18,1143,022212,,7,1,5,4116,0,1,2,,2,058,"US-101 N/B","HILLSDALE BLVD",1584.00,S,N,A,-,Y,,,101,,,,,,N,Y,4,0,4,5,A,-,03,22350,,N,C,C,A,A,D,-,A,D,0,,,,,Y,,A,01,0,0,4,0,0,0,0,0,0,"- ","- ",37.540779113769531,-122.28427124023438,"SAN MATEO","SAN MATEO",-122.28426361083984,37.540786743164062
91526599,2021,2021-07-26,9335,2021-07-10,1345,022241,,6,1,9,4100,0,3,5,,2,001,"WESTBOROUGH BOULEVARD EASTBOUND","WEST ORANGE AVENUE",533.00,W,N,A,-,N,,,,,,,,,,N,3,0,1,1,C,-,18,,,N,E,I,A,A,H,-,A,A,0,,,,,Y,,-,"- ",0,1,0,0,0,0,0,0,0,"- ","- ",37.653999328613281,-122.43807220458984,"SAN MATEO",UNINCORPORATED,-122.43789672851562,37.653987884521484
91564735,2021,2021-09-07,9330,2021-08-26,2219,021630,,4,3,5,4113,0,1,2,,2,048,"US-101 N/B","WHIPPLE AVENUE",2640.00,N,N,A,-,Y,,,101,,,,,,N,N,4,0,1,2,A,-,03,22350,,N,C,C,A,A,D,-,C,D,0,,,,,Y,,A,01,0,0,1,0,0,0,0,0,0,"- ","- ",37.501331329345703,-122.24169921875,"SAN MATEO","REDWOOD CITY",-122.24169158935547,37.501338958740234
91653075,2021,2021-12-15,9335,2021-12-08,1712,021474,,3,2,9,4100,0,1,2,,2,011,"US-101 S/B","MILLBRAE AVE. O/C",3062.00,N,N,B,-,Y,,,101,,,,,,S,N,4,0,1,2,A,-,03,22350,,N,C,C,A,B,H,-,C,D,0,,,,,Y,,A,01,0,0,1,0,0,0,0,0,0,"- ","- ",37.607891082763672,-122.38880920410156,"SAN MATEO",UNINCORPORATED,-122.38881683349609,37.607879638671875
9231879,2021,2021-04-27,4104,2021-04-06,2207,0249,1,2,5,4,4104,0,0,0,,0,00A,"RT 82","CYPRESS AV",0.00,,Y,A,-,Y,SM,4,82,-,-,13.090,I,5,S,Y,2,0,2,2,D,-,00,,,N,D,C,A,A,H,-,C,A,0,,,,,Y,,-,"- ",1,1,0,0,0,0,0,0,0,"- ","- ",37.578609466552734,-122.35006713867188,"SAN MATEO",BURLINGAME,-122.34529113769531,37.575141906738281
9275237,2021,2021-07-15,4100,2021-02-28,1937,25053,4100,7,5,3,4107,0,0,0,,0,075,"MAIN ST","RT 92",85.00,N,N,A,-,Y,SM,4,92,-,-,0.200,I,6,W,N,4,0,1,1,A,-,08,22107,,M,E,I,A,A,H,-,C,A,0,,,,,Y,,A,01,0,0,1,0,0,0,0,0,0,"- ","- ",,,"SAN MATEO","HALF MOON BAY",-122.43016052246094,37.467868804931641
9280242,2021,2021-06-28,4114,2021-04-17,1248,1126,SNB17,6,5,4,4114,0,0,0,,0,001,"WEST SAN BRUNO AV","RT 280",0.00,,Y,A,-,Y,SM,4,280,-,R,20.574,R,4,N,N,4,0,1,2,A,-,12,21453,A,N,D,C,A,A,H,-,A,A,0,,,,,Y,,A,01,0,0,1,0,0,0,0,0,0,"- ",NO,,,"SAN MATEO","SAN BRUNO",-122.4268798828125,37.622081756591797
9312709,2021,2021-09-03,4111,2021-07-25,1655,P5136,P11,7,5,4,4111,0,0,0,,0,0P2,"BRADFORD WY","FAIRWAY DR",329.00,N,N,A,-,N,,,,,,,,,,N,3,0,2,1,A,-,01,23153,A,N,E,I,A,A,H,-,A,D,0,,,,,Y,Y,D,22,0,2,0,0,0,0,0,0,0,"- ","- ",,,"SAN MATEO",PACIFICA,-122.48580169677734,37.62152099609375
9337523,2021,2021-10-06,4127,2021-08-09,2304,2158,4127,1,5,4,4127,0,0,0,,0,001,"EAST BAYSHORE RD","DUMBARTON AV",73.00,N,N,A,-,N,,,,,,,,,,N,3,0,1,2,A,-,11,21954,A,N,G,B,E,A,H,-,C,D,0,Y,,,,Y,,N,60,0,1,0,0,1,0,0,0,0,"- ","- ",,,"SAN MATEO","EAST PALO ALTO",-122.147216796875,37.464508056640625
81670401,2021,2022-01-04,4117,2021-11-12,1447,06KW06,19BC,5,5,4,4114,0,0,0,,0,002,"ST CLOUD DR","SHANNON DR",150.00,S,-,A,-,N,,,,,,,,,,Y,2,0,1,6,A,-,21,22106,,N,B,E,A,A,H,-,A,D,0,,,,,Y,,A,01,1,0,0,0,0,0,0,0,0,"- ","- ",37.637371063232422,-122.45191955566406,"SAN MATEO","SAN BRUNO",-122.45225524902344,37.637046813964844
91471935,2021,2021-05-12,9330,2021-05-07,1915,021662,,5,2,9,4100,0,1,3,,2,042,SR-35,"COUNTY ROAD",1056.00,S,N,A,-,N,,,35,,,,,,,Y,3,0,2,1,A,-,08,22107,,N,E,I,A,A,H,-,B,D,0,,,,,Y,,A,01,0,2,0,0,0,0,0,0,0,"- ","- ",37.431838989257812,-122.31478118896484,"SAN MATEO",UNINCORPORATED,-122.31485748291016,37.431789398193359
91519720,2021,2021-07-14,9330,2021-07-03,1211,022575,,6,1,5,4116,0,1,2,,2,038,"US-101 N/B","3RD AVE",2400.00,S,N,A,-,Y,,,101,,,,,,N,Y,4,0,2,2,A,-,03,22350,,N,C,C,A,A,D,-,A,D,0,,,,,Y,,A,01,0,0,2,0,0,0,0,0,0,"- ","- ",37.565868377685547,-122.30853271484375,"SAN MATEO","SAN MATEO",-122.30850219726562,37.565902709960938
91548474,2021,2021-08-19,9330,2021-08-10,2230,022072,,2,3,4,4104,0,1,2,,2,038,"US-101 S/B",BROADWAY,100.00,S,N,A,-,Y,,,101,,,,,,S,Y,4,0,1,2,A,-,03,22350,,N,C,C,A,A,D,-,C,A,0,,,,,Y,,A,07,0,0,1,0,0,0,0,0,0,"- ","- ",37.589530944824219,-122.36064147949219,"SAN MATEO",BURLINGAME,-122.36063385009766,37.58953857421875
9325771,2021,2021-10-14,4113,2021-09-03,1649,316,7,5,5,5,4113,0,0,0,,0,007,"EDGEWOOD RD","ALAMEDA DE LAS PULGAS",0.00,,Y,A,-,N,,,,,,,,,,N,3,0,1,3,A,-,03,22350,,N,C,C,A,A,H,-,A,A,0,,,,,Y,,A,01,0,1,0,0,0,0,0,0,0,"- ","- ",37.482940673828125,-122.25566864013672,"SAN MATEO","REDWOOD CITY",-122.25564575195312,37.482921600341797
9351738,2021,2021-11-15,4120,2021-10-06,0921,174,1,3,5,4,4120,0,0,0,,0,00X,"EAST HILLSDALE BL","BOUNTY DR",0.00,,Y,A,-,N,,,,,,,,,,N,3,0,1,2,A,-,07,21658,A,N,B,C,A,A,H,-,A,A,0,,,,,Y,,A,01,0,1,0,0,0,0,0,0,0,"- ","- ",37.563579559326172,-122.26789093017578,"SAN MATEO","FOSTER CITY",,
9467666,2021,2022-12-08,4108,2021-06-16,0000,9864,3,3,5,3,4108,0,0,0,,0,S-S,"CRYSTAL SPRINGS RD","MERNER RD",0.00,,Y,A,-,N,,,,,,,,,,Y,3,0,2,2,A,-,06,21750,,N,B,C,A,A,H,-,A,D,0,,,,,Y,,J,48,0,1,1,0,0,0,0,0,0,"- ","- ",37.5494384765625,-122.34319305419922,"SAN MATEO",HILLSBOROUGH,-122.34326171875,37.549404144287109
81453641,2021,2021-04-19,4109,2021-01-25,1758,145989,28,1,5,4,4109,0,0,0,,0,001,"SANTA CRUZ AV","AVY AV",0.00,,Y,A,-,N,,,,,,,,,,N,3,0,3,2,A,-,12,22450,,N,B,C,A,A,H,-,C,A,0,,,,,Y,,A,08,0,3,0,0,0,0,0,0,0,"- ","- ",37.434879302978516,-122.19850921630859,"SAN MATEO","MENLO PARK",-122.19853210449219,37.434841156005859
81577197,2021,2021-09-22,4114,2021-09-10,2012,0941,SNB31,5,5,4,4114,0,0,0,,0,003,"CRYSTAL SPRINGS RD","CIRCLE CT",290.00,E,-,A,-,N,,,,,,,,,,Y,3,0,1,1,A,-,08,22107,,N,E,I,A,A,H,-,D,D,0,,,,,Y,,A,01,0,1,0,0,0,0,0,0,0,"- ","- ",,,"SAN MATEO","SAN BRUNO",-122.45346069335938,41.951519012451172
81602969,2021,2021-10-21,4117,2021-10-08,1419,20AF01,01AF,5,5,5,4117,0,0,0,,0,004,"DNA WY","PT SAN BRUNO BL",1031.00,N,-,A,-,N,,,,,,,,,,N,3,0,1,2,A,-,10,21950,A,N,G,B,C,A,H,-,A,A,0,Y,,,,Y,,A,01,0,1,0,0,1,0,0,0,0,"- ","- ",37.654399871826172,-122.38076782226562,"SAN MATEO","SOUTH SAN FRANCISCO",-122.37879180908203,37.656707763671875
91715919,2021,2022-03-07,9330,2021-11-19,2310,022409,,5,3,5,4116,0,1,2,,2,038,"US-101 N/B","DORE AVENUE",150.00,S,N,A,-,Y,,,101,,,,,,N,N,4,0,1,3,A,-,07,21658,A,M,C,C,A,A,D,-,D,D,0,,,,,Y,Y,A,07,0,0,1,0,0,0,0,0,0,"- ","- ",37.577610015869141,-122.32132720947266,"SAN MATEO","SAN MATEO",-122.3212890625,37.577655792236328
81683442,2021,2022-01-24,4114,2021-12-05,1510,0983,SNB1,7,5,4,4114,0,0,0,,0,001,"HERMAN ST","SCOTT ST",0.00,,Y,A,-,N,,,,,,,,,,N,3,0,1,2,A,-,10,21950,A,N,G,B,B,A,H,-,A,D,0,Y,,,,Y,Y,A,01,0,1,0,0,1,0,0,0,0,"- ","- ",,,"SAN MATEO","SAN BRUNO",-122.41326904296875,37.637180328369141
81696693,2021,2022-02-09,4109,2021-08-02,0959,146427,26,1,5,4,4109,0,0,0,,0,001,"17' S OF THE N CRUBLINE EXT OF LIVE OAK","LIVE OAK AVENUE",17.00,S,-,A,-,N,,,,,,,,,,N,3,0,2,3,A,-,03,22350,,N,C,C,A,A,H,-,A,D,0,,,,,Y,,A,01,0,1,1,0,0,0,0,0,0,"- ","- ",37.449569702148438,-122.18292236328125,"SAN MATEO","MENLO PARK",,
91408295,2021,2021-02-15,9335,2021-02-11,0545,017995,,4,3,5,4117,0,1,2,,2,012,"US-101 N/B","OYSTER POINT BLVD. OFF-RAMP",1500.00,S,N,A,-,Y,,,101,,,,,,N,Y,4,0,2,3,A,-,07,21658,A,N,B,C,A,A,H,-,C,D,0,,,,,Y,,A,01,0,0,2,0,0,0,0,0,0,"- ","- ",37.65911865234375,-122.40496826171875,"SAN MATEO","SOUTH SAN FRANCISCO",-122.40498352050781,37.659130096435547
91453523,2021,2021-04-19,9335,2021-04-07,1440,022596,,3,2,4,4111,0,1,3,,2,041,"SR-1 S/B","MANOR DRIVE",802.00,S,N,A,-,Y,,,1,,,,,,S,Y,2,0,2,2,C,-,18,,,N,E,I,A,A,H,-,A,D,0,,,,,Y,,-,"- ",1,1,0,0,0,0,0,0,0,"- ","- ",37.647060394287109,-122.49160003662109,"SAN MATEO",PACIFICA,-122.49150848388672,37.64703369140625
91603107,2021,2021-10-21,9335,2021-09-11,1300,022179,,6,1,5,4117,0,1,2,,2,012,"US-101 S/B","SOUTH AIRPORT BLVD. UNDERCROSSING",564.00,N,N,A,-,Y,,,101,,,,,,S,N,4,0,1,3,A,-,07,21658,A,F,B,2,A,A,H,-,A,D,0,,,,,Y,,A,01,0,0,1,0,0,0,0,0,0,"- ","- ",37.651668548583984,-122.40702819824219,"SAN MATEO","SOUTH SAN FRANCISCO",-122.406982421875,37.651676177978516
91651950,2021,2021-12-14,9330,2021-11-26,0200,022367,,5,3,4,4109,0,1,2,,2,058,"US-101 N/B","WILLOW ROAD",1056.00,N,N,A,-,Y,,,101,,,,,,N,Y,3,0,1,2,A,-,01,23152,F,N,B,2,A,A,H,-,C,D,0,,,,,Y,,A,01,0,1,0,0,0,0,0,0,0,"- ","- ",37.471080780029297,-122.15875244140625,"SAN MATEO","MENLO PARK",-122.15874481201172,37.471088409423828
9237348,2021,2021-03-26,4106,2021-01-17,2311,2174,3,7,5,6,4106,0,0,0,,0,002,"BELLEVUE AV","EVERGREEN AV",165.00,E,N,A,-,N,,,,,,,,,,N,4,0,1,2,A,-,03,22350,,N,C,E,A,A,H,-,C,D,0,,,,,Y,,A,01,0,0,1,0,0,0,0,0,0,"- ","- ",,,"SAN MATEO","DALY CITY",-122.45408630371094,37.703678131103516