CASE_ID,ACCIDENT_YEAR,PROC_DATE,JURIS,COLLISION_DATE,COLLISION_TIME,OFFICER_ID,REPORTING_DISTRICT,DAY_OF_WEEK,CHP_SHIFT,POPULATION,CNTY_CITY_LOC,SPECIAL_COND,BEAT_TYPE,CHP_BEAT_TYPE,CITY_DIVISION_LAPD,CHP_BEAT_CLASS,BEAT_NUMBER,PRIMARY_RD,SECONDARY_RD,DISTANCE,DIRECTION,INTERSECTION,WEATHER_1,WEATHER_2,STATE_HWY_IND,CALTRANS_COUNTY,CALTRANS_DISTRICT,STATE_ROUTE,ROUTE_SUFFIX,POSTMILE_PREFIX,POSTMILE,LOCATION_TYPE,RAMP_INTERSECTION,SIDE_OF_HWY,TOW_AWAY,COLLISION_SEVERITY,NUMBER_KILLED,NUMBER_INJURED,PARTY_COUNT,PRIMARY_COLL_FACTOR,PCF_CODE_OF_VIOL,PCF_VIOL_CATEGORY,PCF_VIOLATION,PCF_VIOL_SUBSECTION,HIT_AND_RUN,TYPE_OF_COLLISION,MVIW,PED_ACTION,ROAD_SURFACE,ROAD_COND_1,ROAD_COND_2,LIGHTING,CONTROL_DEVICE,CHP_ROAD_TYPE,PEDESTRIAN_ACCIDENT,BICYCLE_ACCIDENT,MOTORCYCLE_ACCIDENT,TRUCK_ACCIDENT,NOT_PRIVATE_PROPERTY,ALCOHOL_INVOLVED,STWD_VEHTYPE_AT_FAULT,CHP_VEHTYPE_AT_FAULT,COUNT_SEVERE_INJ,COUNT_VISIBLE_INJ,COUNT_COMPLAINT_PAIN,COUNT_PED_KILLED,COUNT_PED_INJURED,COUNT_BICYCLIST_KILLED,COUNT_BICYCLIST_INJURED,COUNT_MC_KILLED,COUNT_MC_INJURED,PRIMARY_RAMP,SECONDARY_RAMP,LATITUDE,LONGITUDE,COUNTY,CITY,POINT_X,POINT_Y
9247272,2021,2021-04-27,4100,2021-02-04,1950,25888,4100,4,5,3,4107,0,0,0,,0,075,"RT 1","FILBERT ST",0.00,,Y,A,-,Y,SM,4,1,-,-,28.350,I,5,N,N,3,0,1,2,A,-,09,21802,A,N,D,C,A,A,H,-,C,A,0,,,,,Y,,D,22,0,1,0,0,0,0,0,0,0,"- ","- ",,,"SAN MATEO","HALF MOON BAY",-122.43418121337891,37.458389282226562
9249977,2021,2021-04-30,4113,2021-03-28,2029,416,2,7,5,5,4113,0,0,0,,0,002,"WALNUT ST","VETERANS BL",120.00,W,N,A,-,N,,,,,,,,,,N,3,0,1,2,A,-,00,21954,,N,G,B,E,A,H,-,C,A,0,Y,,,,Y,Y,N,60,0,1,0,0,1,0,0,0,0,"- ","- ",37.486820220947266,-122.22355651855469,"SAN MATEO","REDWOOD CITY",-122.22496795654297,37.489433288574219
9316273,2021,2021-09-17,4106,2021-07-21,2140,2170,4,3,5,6,4106,0,0,0,,0,003,"MISSION ST","PARKVIEW AV",0.00,,Y,A,-,N,,,,,,,,,,N,4,0,1,2,A,-,11,21954,A,F,G,B,D,A,H,-,C,A,0,Y,,,,Y,Y,N,60,0,0,1,0,1,0,0,0,0,"- ","- ",,,"SAN MATEO","DALY CITY",-122.4635009765625,37.701271057128906
9355676,2021,2021-11-01,4113,2021-09-24,1450,479,5,5,5,5,4113,0,0,0,,0,005,"ORCHARD AV","WOODSIDE RD",98.00,S,N,A,-,Y,SM,4,84,-,-,24.007,I,6,N,N,4,0,1,2,A,-,09,21804,A,N,B,C,A,A,H,-,A,D,0,,,,,Y,,A,01,0,0,1,0,0,0,0,0,0,"- ","- ",37.466899871826172,-122.22416687011719,"SAN MATEO","REDWOOD CITY",-122.22411346435547,37.466770172119141
9390320,2021,2022-02-03,4106,2021-12-21,1235,2146,6,2,5,6,4106,0,0,0,,0,002,"MISSION ST","BISMARK ST",0.00,,Y,A,-,N,,,82,,,,,,,N,3,0,2,2,A,-,09,21800,A,N,D,C,A,A,H,-,A,A,0,,,,,Y,,A,01,0,1,1,0,0,0,0,0,0,"- ","- ",37.695781707763672,-122.46470642089844,"SAN MATEO","DALY CITY",-122.46463775634766,37.695770263671875
81433264,2021,2021-03-23,4109,2021-03-20,1329,145880,18,6,5,4,4109,0,0,0,,0,004,"WILLOW RD","FACEBOOK WAY",0.00,,Y,A,-,Y,,,,,,,,,,Y,3,0,1,1,A,-,07,21658,A,N,E,I,A,A,H,-,A,A,0,,,,,Y,,A,01,0,1,0,0,0,0,0,0,0,"- ","- ",37.452960968017578,-122.18171691894531,"SAN MATEO","MENLO PARK",,
81475965,2021,2021-05-18,4100,2021-04-28,0754,25194,SNC,3,5,4,4115,0,0,0,,0,051,"OLD COUNTY RD","HOWARD AV",2.00,N,-,A,-,N,,,,,,,,,,N,3,0,1,2,A,-,12,21453,A,N,A,C,A,A,H,-,A,A,0,,,,,Y,,A,01,0,1,0,0,0,0,0,0,0,"- ","- ",,,"SAN MATEO","SAN CARLOS",-122.24970245361328,37.499103546142578
91427434,2021,2021-03-15,9330,2021-03-08,1140,017984,,1,1,9,4100,0,1,3,,1,011,SR-92,"CANADA ROAD",0.00,,Y,B,-,Y,,,92,,,,,,,Y,3,0,1,2,D,-,00,,,N,D,C,A,A,H,-,A,A,0,,,,,Y,,-,"- ",0,1,0,0,0,0,0,0,0,"- ","- ",37.506900787353516,-122.34130096435547,"SAN MATEO",UNINCORPORATED,-122.34127807617188,37.50701904296875
91468579,2021,2021-05-10,9335,2021-05-08,0018,022096,,6,3,6,4106,0,1,3,,2,041,"SR-1 N/B TO I-280 N/B","SOUTHGATE AVENUE",1290.00,N,N,A,-,Y,,,1,,,,R,,N,Y,2,0,1,1,A,-,01,23152,A,N,E,J,A,A,H,-,C,D,0,,,,,Y,Y,A,01,1,0,0,0,0,0,0,0,0,"- ","- ",37.679218292236328,-122.47104644775391,"SAN MATEO","DALY CITY",-122.47104644775391,37.679218292236328
91544878,2021,2021-08-16,9330,2021-08-04,1710,022244,,3,2,5,4113,0,1,2,,2,048,"US-101 N/B","WHIPPLE AVE",100.00,N,N,A,-,Y,,,101,,,,,,N,N,4,0,1,5,A,-,03,22350,,N,C,C,A,A,H,-,A,D,0,,,,,Y,,A,07,0,0,1,0,0,0,0,0,0,"- ","- ",37.496528625488281,-122.23355102539062,"SAN MATEO","REDWOOD CITY",-122.23355102539062,37.496540069580078
9264985,2021,2021-05-24,4113,2021-04-28,1611,487,8,3,5,5,4113,0,0,0,,0,008,"FARM HILL BL","GLENNAN DR",0.00,,Y,A,-,N,,,,,,,,,,Y,3,0,1,2,A,-,09,21801,A,N,H,C,A,A,H,-,A,A,0,,,,,Y,,A,01,0,1,0,0,0,0,0,0,0,"- ","- ",37.458049774169922,-122.24846649169922,"SAN MATEO","REDWOOD CITY",-122.24847412109375,37.458026885986328
9273101,2021,2021-06-15,4113,2021-05-26,1830,477,6,3,5,5,4113,0,0,0,,0,006,"HUDSON ST","VERA AV",0.00,,Y,A,-,N,,,,,,,,,,N,2,0,1,2,A,-,12,22450,A,F,B,G,A,A,H,-,A,D,0,,Y,,,Y,,L,04,1,0,0,0,0,0,1,0,0,"- ","- ",37.475471496582031,-122.23394012451172,"SAN MATEO","REDWOOD CITY",-122.23394775390625,37.475467681884766
9382839,2021,2021-12-31,4113,2021-11-24,0725,351,2,3,5,5,4113,0,0,0,,0,002,"MIDDLEFIELD RD","VETERANS BL",250.00,W,N,A,-,N,,,,,,,,,,Y,3,0,1,1,C,-,18,,,N,E,I,A,A,H,-,A,D,0,,,,,Y,,-,"- ",0,1,0,0,0,0,0,0,0,"- ","- ",37.489330291748047,-122.22907257080078,"SAN MATEO","REDWOOD CITY",-122.22940826416016,37.489963531494141
9389971,2021,2022-01-20,4106,2021-12-18,1608,2154,1,6,5,6,4106,0,0,0,,0,001,"GENEVA AV","SCHWERIN ST",48.00,W,N,A,-,N,,,,,,,,,,Y,3,0,1,3,A,-,12,21453,A,N,C,C,A,A,H,-,B,A,0,,,,,Y,,A,01,0,1,0,0,0,0,0,0,0,"- ","- ",37.706451416015625,-122.41319274902344,"SAN MATEO","DALY CITY",-122.41340637207031,37.706371307373047
81695348,2021,2022-02-07,4109,2021-12-09,1734,145754,26,4,5,4,4109,0,0,0,,0,001,"MIDDLE AV","UNIVERSITY DR",0.00,,Y,A,-,N,,,,,,,,,,N,3,0,1,2,A,-,12,22450,,N,D,C,A,A,H,-,A,A,0,,,,,Y,,A,01,0,1,0,0,0,0,0,0,0,"- ","- ",37.446331024169922,-122.18061828613281,"SAN MATEO","MENLO PARK",-122.18058776855469,37.446334838867188
81696312,2021,2022-02-08,4109,2021-04-10,1417,14494,25A,6,5,4,4109,0,0,0,,0,001,"1010 EL CAMINO REAL","RAVENSWOOD AV",0.00,,Y,A,-,N,,,,,,,,,,Y,4,0,1,1,B,-,22,,,N,E,I,A,A,H,-,A,D,0,,,,,Y,,-,"- ",0,0,1,0,0,0,0,0,0,"- ","- ",37.453540802001953,-122.18208312988281,"SAN MATEO","MENLO PARK",-122.1817626953125,37.453033447265625
91430757,2021,2021-03-19,9330,2021-03-11,0800,017984,,4,1,3,4110,0,1,1,,2,034,"I-280 N/B (JUNIPERO SERRA FREEWAY)","LARKSPUR DRIVE",6.00,S,N,B,C,Y,,,280,,,,,,N,Y,3,0,1,1,A,-,03,22350,,N,E,I,A,B,H,-,A,D,0,,,,,Y,,A,07,0,1,0,0,0,0,0,0,0,"- ","- ",37.596050262451172,-122.41915893554688,"SAN MATEO",MILLBRAE,-122.41915130615234,37.596057891845703
91476871,2021,2021-05-27,9330,2021-05-12,0720,021628,,3,1,9,4100,0,1,1,,2,074,"I-280 S/B","SAND HILL ROAD",1000.00,S,N,B,-,Y,,,280,,,,,,S,Y,4,0,1,1,A,-,08,22107,,N,E,I,A,A,H,-,A,D,0,,,,,Y,,A,01,0,0,1,0,0,0,0,0,0,"- ","- ",37.417800903320312,-122.21430206298828,"SAN MATEO",UNINCORPORATED,-122.21425628662109,37.417915344238281
91498611,2021,2021-06-16,9330,2021-05-25,2045,021315,,2,2,5,4116,0,1,2,,2,038,"US-101 N/B",SR-92,2640.00,N,N,A,-,Y,,,101,,,,,,N,Y,3,0,1,3,A,-,01,23152,A,N,B,C,A,A,D,-,D,A,0,,,,,Y,Y,D,22,0,1,0,0,0,0,0,0,0,"- ","- ",37.559589385986328,-122.30165100097656,"SAN MATEO","SAN MATEO",-122.30166625976562,37.559574127197266
91531557,2021,2021-07-29,9335,2021-06-27,1410,022266,,7,2,4,4114,0,1,1,,2,038,"I-380 E/B TO EL CAMINO REAL","EL CAMINO REAL",386.00,W,N,A,-,Y,,,380,,,,R,,E,N,4,0,1,2,A,-,03,22350,,M,C,C,A,A,H,-,A,D,0,,,,,Y,,-,99,0,0,1,0,0,0,0,0,0,"- ","- ",37.631591796875,-122.41989898681641,"SAN MATEO","SAN BRUNO",-122.41989898681641,37.631591796875
91555198,2021,2021-08-26,9335,2021-08-17,2100,021474,,2,2,5,4117,0,1,2,,2,010,"US-101 N/B TO SF INT. AIRPORT","MILLBRAE AVE O/C",3696.00,N,N,A,-,Y,,,,,,,,,,N,4,0,1,2,A,-,03,22350,,N,C,C,A,A,H,-,D,D,0,,,,,Y,,A,01,0,0,1,0,0,0,0,0,0,"- ","- ",37.609268188476562,-122.39000701904297,"SAN MATEO","SOUTH SAN FRANCISCO",-122.38911437988281,37.608379364013672
9213119,2021,2021-02-08,4116,2021-01-21,1211,28307,34,4,5,5,4116,0,0,0,,0,00C,"SOUTH EL CAMINO REAL","22ND AV",0.00,,Y,A,-,Y,SM,4,82,-,-,10.194,I,5,S,N,3,0,1,2,A,-,09,21802,,N,D,C,A,A,H,-,A,A,0,,,,,Y,,A,01,0,1,0,0,0,0,0,0,0,"- ","- ",37.546379089355469,-122.30764770507812,"SAN MATEO","SAN MATEO",-122.30766296386719,37.546287536621094
9217777,2021,2021-03-10,4113,2021-01-22,1725,380,6,5,5,5,4113,0,0,0,,0,006,"JEFFERSON AV","HUDSON ST",0.00,,Y,B,C,N,,,,,,,,,,N,4,0,1,2,A,-,10,21950,A,N,G,B,B,B,H,-,B,A,0,Y,,,,Y,,A,01,0,0,1,0,1,0,0,0,0,"- ","- ",37.477508544921875,-122.23639678955078,"SAN MATEO","REDWOOD CITY",-122.23639678955078,37.477512359619141
9240187,2021,2021-04-26,4116,2021-03-31,2317,26140,34,3,5,5,4116,0,0,0,,0,00C,"EL CAMINO REAL","HILLSDALE BL",0.00,,Y,A,-,N,,,82,,,,,,,N,3,0,2,3,A,-,03,22350,,N,C,C,A,A,H,-,C,A,0,,,,,Y,,J,48,0,2,0,0,0,0,0,0,0,"- ","- ",37.537460327148438,-122.29827117919922,"SAN MATEO","SAN MATEO",-122.29814147949219,37.537601470947266
9270985,2021,2021-06-18,4106,2021-05-20,0914,2146,11,4,5,6,4106,0,0,0,,0,005,"SKYLINE DR","BELCREST AV",0.00,,Y,A,-,N,,,,,,,,,,Y,3,0,1,2,C,-,18,,,N,B,C,A,A,H,-,A,A,0,,,,,Y,,-,"- ",0,1,0,0,0,0,0,0,0,"- ","- ",,,"SAN MATEO","DALY CITY",-122.48664093017578,37.664333343505859
9337255,2021,2021-10-11,4113,2021-07-06,1140,401,11,2,5,5,4113,0,0,0,,0,2/3,"MARSHALL ST","WINSLOW ST",0.00,,Y,A,-,N,,,,,,,,,,N,4,0,1,2,A,-,10,21950,A,F,G,B,B,A,H,-,A,A,0,Y,,,,Y,,D,22,0,0,1,0,1,0,0,0,0,"- ","- ",37.487449645996094,-122.23117065429688,"SAN MATEO","REDWOOD CITY",-122.23114776611328,37.487430572509766
9389969,2021,2022-01-21,4111,2021-11-20,1445,P5162,P11,6,5,4,4111,0,0,0,,0,0P2,"RT 1","WESTPORT DR",11.00,N,N,A,-,Y,SM,4,101,-,R,43.080,I,5,N,N,3,0,1,2,A,-,10,21950,A,N,D,G,A,A,H,-,A,D,0,,Y,,,Y,,D,22,0,1,0,0,0,0,1,0,0,"- ","- ",,,"SAN MATEO",PACIFICA,-122.48519897460938,37.620681762695312
81580225,2021,2021-09-27,4117,2021-09-26,1950,18JY16,25AH,7,5,5,4117,0,0,0,,0,003,"CHESTNUT AV","MISSION RD",40.00,S,-,B,-,N,,,,,,,,,,Y,4,0,1,2,A,-,01,23152,A,M,C,E,A,A,H,-,C,A,0,,,,,Y,Y,A,01,0,0,1,0,0,0,0,0,0,"- ","- ",37.656570434570312,-122.43193054199219,"SAN MATEO","SOUTH SAN FRANCISCO",-122.43203735351562,37.656459808349609
91459710,2021,2021-04-27,9330,2021-04-21,0620,022098,,3,1,4,4104,0,1,2,,2,038,"US-101 N/B","PENINSULA AVE",4000.00,N,N,A,-,Y,,,,,,,,,,N,4,0,1,3,A,-,03,22350,,N,C,C,A,A,H,-,A,D,0,,,,,Y,,A,01,0,0,1,0,0,0,0,0,0,"- ","- ",37.351310729980469,-122.20319366455078,"SAN MATEO",BURLINGAME,-122.32865142822266,37.584480285644531
91576769,2021,2021-09-22,9330,2021-09-11,1805,022381,,6,2,4,4120,0,1,3,,1,035,"SR-92 EB","TURNOUT 1",1056.00,W,N,A,-,Y,,,92,,,,,,E,Y,4,0,2,4,A,-,03,22350,,N,C,C,A,A,H,-,A,D,0,,,,,Y,,A,01,0,0,2,0,0,0,0,0,0,"- ","- ",37.590950012207031,-122.24227905273438,"SAN MATEO","FOSTER CITY",-122.24227905273438,37.590950012207031
9256753,2021,2021-06-14,4120,2021-04-24,1530,211,9,6,5,4,4120,0,0,0,,0,00Y,"EAST HILLSDALE BL","EDGEWATER BL",118.00,W,N,A,-,N,,,,,,,,,,N,3,0,2,2,A,-,08,22107,,N,D,C,A,A,H,-,A,A,0,,,,,Y,,A,71,0,2,0,0,0,0,0,0,0,"- ","- ",37.554119110107422,-122.27781677246094,"SAN MATEO","FOSTER CITY",-122.27789306640625,37.554176330566406
9316266,2021,2021-09-17,4111,2021-07-04,1708,P5154,P16,7,5,4,4111,0,0,0,,0,0P3,"PARK PACIFICA AV","SHERIDAN PL",33.00,E,N,A,-,N,,,,,,,,,,Y,3,0,1,2,A,-,01,23152,A,N,D,E,A,A,H,-,A,D,0,,,,,Y,Y,A,01,0,1,0,0,0,0,0,0,0,"- ","- ",,,"SAN MATEO",PACIFICA,-122.47267150878906,37.583812713623047
81641337,2021,2021-12-02,4114,2021-11-12,1017,1245,SNB32,5,5,4,4114,0,0,0,,0,003,"SKYLINE BL","SNEATH LN",0.00,,Y,A,-,N,,,,,,,,,,Y,3,0,2,2,A,-,12,21453,A,N,D,C,A,A,H,-,A,A,0,,,,,Y,,B,01,0,2,0,0,0,0,0,0,0,"- ","- ",,,"SAN MATEO","SAN BRUNO",-122.44725799560547,37.624355316162109
81666903,2021,2021-12-31,4117,2021-12-27,1016,16AP10,25AH,1,5,5,4117,0,0,0,,0,003,"MISSION RD","CHESTNUT AV",0.00,,Y,B,-,N,,,,,,,,,,N,3,0,1,2,A,-,10,21950,A,N,G,B,B,B,H,-,A,A,0,Y,,,,Y,,A,07,0,1,0,0,1,0,0,0,0,"- ","- ",37.656570434570312,-122.43193054199219,"SAN MATEO","SOUTH SAN FRANCISCO",-122.43199920654297,37.656558990478516
91625805,2021,2021-11-16,9330,2021-11-04,1047,021884,,4,1,9,4100,0,1,3,,1,010,"SR-1 (CABRILLO HIGHWAY)","SECOND STREET",0.00,,Y,A,-,Y,,,1,,,,,,,N,2,0,1,2,A,-,09,21801,A,N,A,C,A,A,H,-,A,D,0,,,,,Y,,A,01,1,0,0,0,0,0,0,0,0,"- ","- ",37.545581817626953,-122.51399230957031,"SAN MATEO",UNINCORPORATED,-122.51403045654297,37.545604705810547
91658498,2021,2021-12-22,9335,2021-12-13,0010,022525,,1,3,6,4106,0,1,1,,2,021,"I-280 SB","OF THE HICKEY STREET UNDERCROSSING.",1580.00,S,N,B,C,Y,,,280,,,,,,S,Y,4,0,1,1,C,-,18,,,N,E,J,A,B,C,-,D,D,0,,,,,Y,,-,"- ",0,0,1,0,0,0,0,0,0,"- ","- ",37.659511566162109,-122.46379852294922,"SAN MATEO","DALY CITY",-122.46379089355469,37.659523010253906
91667315,2021,2021-12-31,9330,2021-12-18,1305,022212,,6,1,5,4116,0,1,2,,2,038,"US-101 N/B","PENINSULA AVE",1056.00,S,N,A,-,Y,,,,,,,,,,N,4,0,2,2,A,-,03,22350,,M,C,C,A,A,D,-,A,D,0,,,,,Y,,A,01,0,0,2,0,0,0,0,0,0,"- ","- ",37.573928833007812,-122.34105682373047,"SAN MATEO","SAN MATEO",-122.32627105712891,37.582283020019531
91680296,2021,2022-01-19,9330,2021-12-23,0040,021648,,4,3,3,4110,0,1,1,,2,034,"I-280 S/B","HILLCREST BLVD",400.00,S,N,C,-,Y,,,280,,,,,,S,N,4,0,1,1,A,-,08,22107,,N,E,I,A,B,H,-,D,D,0,,,,,Y,,A,01,0,0,1,0,0,0,0,0,0,"- ","- ",37.587909698486328,-122.41168975830078,"SAN MATEO",MILLBRAE,-122.41157531738281,37.588024139404297
9293625,2021,2021-08-16,4113,2021-06-10,1257,436,4,4,5,5,4113,0,0,0,,0,004,"WOODSIDE RD",BROADWAY,0.00,,Y,A,-,Y,SM,4,84,-,-,25.567,I,5,S,Y,4,0,1,2,A,-,03,22350,,N,C,C,A,A,H,-,A,A,0,,,,,Y,,D,22,0,0,1,0,0,0,0,0,0,"- ","- ",37.486660003662109,-122.21333312988281,"SAN MATEO","REDWOOD CITY",-122.21422576904297,37.487071990966797
81417040,2021,2021-03-17,4109,2021-02-15,1824,146398,25,1,5,4,4109,0,0,0,,0,002,"RAVENSWOOD AVE","ALMA STREET",0.00,,Y,A,-,N,,,,,,,,,,Y,3,0,1,2,A,-,09,21800,B,N,H,G,A,A,H,-,C,A,0,,Y,,,Y,,L,04,0,1,0,0,0,0,1,0,0,"- ","- ",37.453838348388672,-122.180419921875,"SAN MATEO","MENLO PARK",-122.18045806884766,37.453868865966797
81430154,2021,2021-03-18,4109,2021-02-22,1257,146408,22,1,5,4,4109,0,0,0,,0,002,"MARMONA DR","CONCORD DR",0.00,,Y,A,-,N,,,,,,,,,,N,3,0,1,2,A,-,09,21800,A,N,H,G,A,A,H,-,A,D,0,,Y,,,Y,,L,04,0,1,0,0,0,0,1,0,0,"- ","- ",37.458351135253906,-122.16021728515625,"SAN MATEO","MENLO PARK",-122.15992736816406,37.458423614501953
81432523,2021,2021-03-22,4109,2021-03-03,1655,145879,17B,3,5,4,4109,0,0,0,,0,004,"HIGHWAY SR-84","CHILCO STREET",0.00,,Y,A,-,Y,,,,,,,,,,N,2,0,1,2,A,-,03,22350,,N,C,C,A,A,H,-,A,A,0,,,,,Y,,A,01,1,0,0,0,0,0,0,0,0,"- ","- ",37.452960968017578,-122.18171691894531,"SAN MATEO","MENLO PARK",-122.16709899902344,37.483280181884766
81450557,2021,2021-04-14,4117,2021-01-28,1103,04JL03,01AK,4,5,5,4117,0,0,0,,0,001,"SOUTH AIRPORT BL","MITCHELL AVE",115.00,S,-,B,-,N,,,,,,,,,,N,3,0,1,2,A,-,09,21804,A,N,G,B,F,B,H,-,A,D,0,Y,,,,Y,,A,07,0,1,0,0,1,0,0,0,0,"- ","- ",37.649440765380859,-122.40598297119141,"SAN MATEO","SOUTH SAN FRANCISCO",-122.40553283691406,37.649333953857422
81451341,2021,2021-04-15,4117,2021-04-12,1526,16AP10,08AO,1,5,5,4117,0,0,0,,0,004,"LUX AV","CYPRESS AV",0.00,,Y,A,-,N,,,,,,,,,,Y,3,0,1,2,A,-,09,21802,A,F,F,A,A,A,H,-,A,A,0,,,Y,,Y,,A,01,0,1,0,0,0,0,0,0,1,"- ","- ",37.656700134277344,-122.40763092041016,"SAN MATEO","SOUTH SAN FRANCISCO",-122.40766906738281,37.656711578369141
81453251,2021,2021-04-19,4109,2021-03-31,1602,145990,26,3,5,4,4109,0,0,0,,0,001,"MIDDLE AV","EL CAMINO REAL",0.00,,Y,A,-,N,,,,,,,,,,N,3,0,1,2,A,-,08,22107,,N,D,C,A,A,H,-,A,A,0,,Y,,,Y,,A,01,0,1,0,0,0,0,1,0,0,"- ","- ",37.450508117675781,-122.17711639404297,"SAN MATEO","MENLO PARK",-122.17720031738281,37.450405120849609
81453487,2021,2021-04-19,4109,2021-01-03,1501,14540,17A,7,5,4,4109,0,0,0,,0,002,"MARSH RD",101,0.00,,Y,A,-,Y,,,,,,,,,,Y,3,0,1,2,A,-,12,21453,A,M,D,D,A,A,H,-,A,A,0,,,,,Y,,A,01,0,1,0,0,0,0,0,0,0,"- ","- ",37.485069274902344,-122.17986297607422,"SAN MATEO","MENLO PARK",,
81453638,2021,2021-04-19,4109,2021-01-18,2143,14658,17A,1,5,4,4109,0,0,0,,0,002,"MARSH RD","BOHANNON DR",0.00,,Y,A,-,N,,,,,,,,,,Y,4,0,1,2,A,-,12,21453,A,N,D,C,A,A,H,-,C,A,0,,,,,Y,,J,48,0,0,1,0,0,0,0,0,0,"- ","- ",37.478801727294922,-122.18563079833984,"SAN MATEO","MENLO PARK",-122.18550872802734,37.478782653808594
81453639,2021,2021-04-19,4109,2021-01-20,1410,146332,28,3,5,4,4109,0,0,0,,0,001,"SANTA CRUZ AVENUE","OLIVE STREET",0.00,,Y,A,-,N,,,,,,,,,,N,3,0,1,2,A,-,08,22107,,N,H,G,A,A,H,-,A,A,0,,Y,,,Y,,A,01,0,1,0,0,0,0,1,0,0,"- ","- ",37.440418243408203,-122.19386291503906,"SAN MATEO","MENLO PARK",-122.19388580322266,37.440433502197266
81453644,2021,2021-04-19,4109,2021-01-27,1314,146408,22,3,5,4,4109,0,0,0,,0,002,"WILLOW RD","OKEEFE ST",147.00,W,-,C,-,N,,,,,,,,,,Y,3,0,2,2,A,-,03,22350,,N,C,C,A,B,H,-,A,D,0,,,,,Y,,D,82,0,2,0,0,0,0,0,0,0,"- ","- ",37.461349487304688,-122.15998077392578,"SAN MATEO","MENLO PARK",-122.15811157226562,37.463554382324219
81453657,2021,2021-04-19,4117,2021-04-13,1056,03JA06,13AH,2,5,5,4117,0,0,0,,0,001,"SPRUCE AV","BADEN AV",0.00,,Y,A,-,N,,,,,,,,,,N,3,0,1,3,A,-,11,21456,A,N,G,B,B,A,H,-,A,A,0,Y,,,,Y,,A,07,0,1,0,0,1,0,0,0,0,"- ","- ",37.655811309814453,-122.41647338867188,"SAN MATEO","SOUTH SAN FRANCISCO",-122.41635131835938,37.655487060546875
81460470,2021,2021-04-28,4109,2021-04-03,1921,145755,16,6,5,4,4109,0,0,0,,0,002,"WILLOW RD","101 FREEWAY",0.00,,Y,A,-,N,,,,,,,,,,N,3,0,1,2,A,-,03,22350,,N,C,C,A,A,H,-,A,A,0,,,,,Y,,A,01,0,1,0,0,0,0,0,0,0,"- ","- ",37.467578887939453,-122.15574645996094,"SAN MATEO","MENLO PARK",,
81460597,2021,2021-04-28,4100,2021-04-23,1944,25888,4100,5,5,3,4107,0,0,0,,0,075,"SR-1 (N CABRILLO HWY)","ROOSEVELT BLVD",114.00,S,-,A,-,Y,,,,,,,,,,N,3,0,1,2,A,-,09,21801,A,N,A,C,A,A,H,-,A,A,0,,,,,Y,,A,01,0,1,0,0,0,0,0,0,0,"- ","- ",,,"SAN MATEO","HALF MOON BAY",-122.45149230957031,37.490863800048828
81467071,2021,2021-05-06,4117,2021-04-15,1650,20AB05,19AW,4,5,5,4117,0,0,0,,0,002,"WESTBOROUGH BL","GELLERT BL",14.00,W,-,A,-,N,,,,,,,,,,N,3,0,2,3,A,-,03,22350,,N,C,C,A,A,H,-,A,A,0,,,,,Y,,A,01,0,2,0,0,0,0,0,0,0,"- ","- ",37.643310546875,-122.45291137695312,"SAN MATEO","SOUTH SAN FRANCISCO",-122.45304107666016,37.643402099609375
81467799,2021,2021-05-07,4109,2021-04-24,0624,14435,17B,6,5,4,4109,0,0,0,,0,004,"BAYFRONT EX","CHILCO ST",653.00,N,-,A,-,Y,,,,,,,,,,Y,3,0,1,1,A,-,03,22350,,N,F,A,A,A,H,-,B,D,0,,,,,Y,,A,01,0,1,0,0,0,0,0,0,0,"- ","- ",37.479850769042969,-122.16417694091797,"SAN MATEO","MENLO PARK",-122.16915130615234,37.484012603759766
81467874,2021,2021-05-07,4117,2021-04-26,1721,20AB05,19BC,1,5,5,4117,0,0,0,,0,002,"GELLERT BL","WEXFORD AV",0.00,,Y,A,-,N,,,,,,,,,,N,3,0,1,2,A,-,09,21802,A,N,D,C,A,A,H,-,A,A,0,,,,,Y,,A,01,0,1,0,0,0,0,0,0,0,"- ","- ",37.642490386962891,-122.45126342773438,"SAN MATEO","SOUTH SAN FRANCISCO",-122.45052337646484,37.64215087890625
81469601,2021,2021-05-10,4117,2021-05-02,2345,15NM20,08AE,7,5,5,4117,0,0,0,,0,001,"BADEN AV","LINDEN AV",95.00,W,-,A,-,N,,,,,,,,,,N,3,0,1,1,A,-,01,23152,A,N,F,A,A,A,H,-,C,D,0,,,Y,,Y,Y,C,02,0,1,0,0,0,0,0,0,1,"- ","- ",37.654190063476562,-122.41047668457031,"SAN MATEO","SOUTH SAN FRANCISCO",-122.41078186035156,37.654262542724609