CASE_ID,ACCIDENT_YEAR,PROC_DATE,JURIS,COLLISION_DATE,COLLISION_TIME,OFFICER_ID,REPORTING_DISTRICT,DAY_OF_WEEK,CHP_SHIFT,POPULATION,CNTY_CITY_LOC,SPECIAL_COND,BEAT_TYPE,CHP_BEAT_TYPE,CITY_DIVISION_LAPD,CHP_BEAT_CLASS,BEAT_NUMBER,PRIMARY_RD,SECONDARY_RD,DISTANCE,DIRECTION,INTERSECTION,WEATHER_1,WEATHER_2,STATE_HWY_IND,CALTRANS_COUNTY,CALTRANS_DISTRICT,STATE_ROUTE,ROUTE_SUFFIX,POSTMILE_PREFIX,POSTMILE,LOCATION_TYPE,RAMP_INTERSECTION,SIDE_OF_HWY,TOW_AWAY,COLLISION_SEVERITY,NUMBER_KILLED,NUMBER_INJURED,PARTY_COUNT,PRIMARY_COLL_FACTOR,PCF_CODE_OF_VIOL,PCF_VIOL_CATEGORY,PCF_VIOLATION,PCF_VIOL_SUBSECTION,HIT_AND_RUN,TYPE_OF_COLLISION,MVIW,PED_ACTION,ROAD_SURFACE,ROAD_COND_1,ROAD_COND_2,LIGHTING,CONTROL_DEVICE,CHP_ROAD_TYPE,PEDESTRIAN_ACCIDENT,BICYCLE_ACCIDENT,MOTORCYCLE_ACCIDENT,TRUCK_ACCIDENT,NOT_PRIVATE_PROPERTY,ALCOHOL_INVOLVED,STWD_VEHTYPE_AT_FAULT,CHP_VEHTYPE_AT_FAULT,COUNT_SEVERE_INJ,COUNT_VISIBLE_INJ,COUNT_COMPLAINT_PAIN,COUNT_PED_KILLED,COUNT_PED_INJURED,COUNT_BICYCLIST_KILLED,COUNT_BICYCLIST_INJURED,COUNT_MC_KILLED,COUNT_MC_INJURED,PRIMARY_RAMP,SECONDARY_RAMP,LATITUDE,LONGITUDE,COUNTY,CITY,POINT_X,POINT_Y
81470398,2021,2021-05-11,4117,2021-05-09,1321,18JY16,11AB,7,5,5,4117,0,0,0,,0,004,"HILLSIDE BL","CHESTNUT AV",100.00,E,-,A,-,N,,,,,,,,,,Y,3,0,1,1,A,-,03,22350,,N,F,A,A,A,H,-,A,A,0,,,,,Y,,A,01,0,1,0,0,0,0,0,0,0,"- ","- ",37.667140960693359,-122.42754364013672,"SAN MATEO","SOUTH SAN FRANCISCO",-122.42717742919922,37.6671142578125
81473129,2021,2021-05-13,4117,2021-04-23,2500,21MP01,01AQ,5,5,5,4117,0,0,0,,0,001,"EAST GRAND AV","DUBUQUE AV",5.00,E,-,A,-,N,,,,,,,,,,N,2,0,1,1,A,-,03,22350,,N,E,I,A,A,H,-,C,D,0,,,,,Y,,M,94,1,0,0,0,0,0,0,0,0,"- ","- ",37.655250549316406,-122.40617370605469,"SAN MATEO","SOUTH SAN FRANCISCO",-122.40610504150391,37.655330657958984
81482965,2021,2021-05-27,4100,2021-05-25,2328,25154,WDS,2,5,2,4118,0,0,0,,0,030,"SR-84 (LA HONDA RD)","PORTOLA RD",10560.00,S,-,A,-,Y,,,,,,,,,,Y,3,0,1,1,A,-,03,22350,,N,E,I,A,A,H,-,D,D,0,,,,,Y,,A,01,0,1,0,0,0,0,0,0,0,"- ","- ",,,"SAN MATEO",WOODSIDE,-122.25732421875,37.395370483398438
81485791,2021,2021-05-31,4117,2021-05-27,1204,03JA06,08AL,4,5,5,4117,0,0,0,,0,004,"GRAND AV","AIRPORT BL",0.00,,Y,A,-,N,,,,,,,,,,N,3,0,1,2,A,-,11,21456,A,N,G,B,B,A,H,-,A,A,0,Y,,,,Y,,A,01,0,1,0,0,1,0,0,0,0,"- ","- ",37.654651641845703,-122.40789794921875,"SAN MATEO","SOUTH SAN FRANCISCO",-122.40786743164062,37.654666900634766
81487690,2021,2021-06-02,4117,2021-05-31,1157,16AP10,13AJ,1,5,5,4117,0,0,0,,0,001,"MEMORIAL DR","WEST ORANGE AV",5.00,W,-,A,-,N,,,,,,,,,,N,3,0,1,2,A,-,05,21202,A,N,H,G,A,A,H,-,A,D,0,,Y,,,Y,,L,04,0,1,0,0,0,0,1,0,0,"- ","- ",37.655490875244141,-122.42648315429688,"SAN MATEO","SOUTH SAN FRANCISCO",-122.42697143554688,37.6519775390625
81488526,2021,2021-11-03,4100,2021-05-23,2345,89435,,7,5,4,4115,0,0,0,,0,,"SR-82 (EL CAMINO REAL)","HOLLY ST",105.00,S,-,A,-,Y,,,,,,,,,,N,3,0,1,2,A,-,01,23152,A,N,C,C,A,A,H,-,C,A,0,,,,,Y,Y,A,07,0,1,0,0,0,0,0,0,0,"- ","- ",,,"SAN MATEO","SAN CARLOS",-122.26164245605469,37.508304595947266
81489623,2021,2021-06-04,4100,2021-05-25,1734,25277,,2,5,4,4115,0,0,0,,0,,".900 CRESTVIEW DR","LESLIE DR",198.00,S,-,A,-,N,,,,,,,,,,N,3,0,1,2,A,-,08,22107,,N,H,G,A,A,H,-,A,D,0,,Y,,,Y,,A,01,0,1,0,0,0,0,1,0,0,"- ","- ",,,"SAN MATEO","SAN CARLOS",-122.28700256347656,37.485645294189453
81489648,2021,2021-06-04,4100,2021-05-14,1304,25274,WDS,5,5,2,4118,0,0,0,,0,030,"SR-84 (LA HONDA RD)","PORTOLA RD",339.00,S,-,A,-,Y,,,,,,,,,,N,3,0,1,1,A,-,03,22350,,N,F,A,A,A,H,-,A,D,0,,,Y,,Y,,C,02,0,1,0,0,0,0,0,0,1,"- ","- ",,,"SAN MATEO",WOODSIDE,-122.25669097900391,37.406578063964844
81489707,2021,2021-06-04,4100,2021-05-27,1113,18920,MLB,4,5,3,4110,0,0,0,,0,061,"MAGNOLIA AV","CHADBOURNE AV",0.00,,Y,A,-,N,,,,,,,,,,Y,4,0,1,2,A,-,09,21802,A,N,D,C,A,A,H,-,A,A,0,,,,,Y,,A,07,0,0,1,0,0,0,0,0,0,"- ","- ",,,"SAN MATEO",MILLBRAE,-122.39018249511719,37.598335266113281
81490187,2021,2021-06-07,4117,2021-05-22,1134,19MV02,08AE,6,5,5,4117,0,0,0,,0,001,"LINDEN AV","BADEN AV",15.00,N,-,A,-,N,,,,,,,,,,N,3,0,1,3,A,-,03,22350,,N,C,C,A,A,H,-,A,A,0,,,,,Y,,A,01,0,1,0,0,0,0,0,0,0,"- ","- ",37.654670715332031,-122.41031646728516,"SAN MATEO","SOUTH SAN FRANCISCO",-122.41045379638672,37.654228210449219
81493446,2021,2021-06-09,4100,2021-05-30,1333,25906,,7,5,4,4115,0,0,0,,0,,"EATON AVE","STANFORD LN",80.00,W,-,A,-,N,,,,,,,,,,N,3,0,1,2,A,-,06,21750,,N,H,G,A,A,H,-,A,D,0,,Y,,,Y,,L,04,0,1,0,0,0,0,1,0,0,"- ","- ",,,"SAN MATEO","SAN CARLOS",-122.24847412109375,37.489994049072266
81496810,2021,2021-06-15,4117,2021-06-06,0429,15NM20,22AD,7,5,5,4117,0,0,0,,0,003,"DOLORES WY","CRESTWOOD DR",180.00,N,-,A,-,N,,,,,,,,,,Y,3,0,1,2,A,-,01,23152,A,N,C,E,A,A,H,-,C,D,0,,,,,Y,Y,A,01,0,1,0,0,0,0,0,0,0,"- ","- ",37.666938781738281,-122.43125915527344,"SAN MATEO","SOUTH SAN FRANCISCO",-122.43169403076172,37.665309906005859
81496812,2021,2021-06-15,4117,2021-06-12,2332,15NM20,10AE,6,5,5,4117,0,0,0,,0,002,SR-82,"S. SPRUCE AV",0.00,,Y,B,-,Y,,,82,,,,,,,N,4,0,1,2,A,-,09,21453,C,N,D,C,A,A,H,-,C,A,0,,,,,Y,,A,01,0,0,1,0,0,0,0,0,0,"- ","- ",37.643039703369141,-122.42514801025391,"SAN MATEO","SOUTH SAN FRANCISCO",-122.42529296875,37.642932891845703
81497497,2021,2021-06-15,4114,2021-05-19,0649,0098,SNB5,3,5,4,4114,0,0,0,,0,001,"WEST SAN BRUNO AV","GREEN AV",0.00,,Y,A,-,N,,,,,,,,,,N,1,1,0,2,A,-,10,21950,,N,G,B,B,A,H,-,A,D,0,Y,,,,Y,,A,01,0,0,0,1,0,0,0,0,0,"- ","- ",,,"SAN MATEO","SAN BRUNO",-122.41516876220703,37.629367828369141
81499369,2021,2021-06-17,4109,2021-06-07,1005,145882,30,1,5,4,4109,0,0,0,,0,001,"172 SAND HILL CI","WESTERN CURB LINE OF SAND HILL CIRCLE",18.00,E,-,A,-,N,,,,,,,,,,N,3,0,1,2,A,-,08,22107,,N,G,B,D,A,H,-,A,D,0,Y,,,,Y,,A,01,0,1,0,0,1,0,0,0,0,"- ","- ",37.4244384765625,-122.2197265625,"SAN MATEO","MENLO PARK",,
81499630,2021,2021-06-17,4114,2021-06-03,1100,0048,SNB4,4,5,4,4114,0,0,0,,0,001,"EL CAMINO REAL","SNEATH LN",15.00,S,-,A,-,Y,,,,,,,,,,N,4,0,1,2,A,-,03,22350,,N,C,C,A,A,H,-,A,D,0,,,,,Y,,A,01,0,0,1,0,0,0,0,0,0,"- ","- ",,,"SAN MATEO","SAN BRUNO",-122.42144012451172,37.636802673339844
81500805,2021,2021-06-21,4117,2021-06-02,1017,20AF01,25AA,3,5,5,4117,0,0,0,,0,003,"WEST ORANGE AV","A ST",0.00,,Y,A,-,N,,,,,,,,,,N,3,0,1,2,A,-,09,21802,A,N,D,C,A,A,H,-,A,A,0,,,,,Y,,A,01,0,1,0,0,0,0,0,0,0,"- ","- ",37.650131225585938,-122.43016052246094,"SAN MATEO","SOUTH SAN FRANCISCO",-122.42971801757812,37.650653839111328
81502708,2021,2021-06-22,4100,2021-06-06,1217,25960,WDS,7,5,2,4118,0,0,0,,0,030,"SR-84 (LA HONDA RD)","MILE MARKER SM 17.08",1353.00,N,-,A,-,Y,,,,,,,,,,Y,3,0,1,1,A,-,03,22350,,N,H,A,A,A,H,-,A,D,0,,,Y,,Y,,C,02,0,1,0,0,0,0,0,0,1,"- ","- ",,,"SAN MATEO",WOODSIDE,-122.37522125244141,37.592441558837891
81507026,2021,2021-06-28,4117,2021-06-14,0930,01CG09,17BL,1,5,5,4117,0,0,0,,0,003,"WESTBOROUGH BL","JUNIPERRO SERRA BL",0.00,,Y,A,-,Y,,,,,,,,,,N,4,0,1,2,A,-,17,21451,A,N,D,C,A,A,H,-,A,A,0,,,,,Y,,A,01,0,0,1,0,0,0,0,0,0,"- ","- ",37.6461181640625,-122.44857788085938,"SAN MATEO","SOUTH SAN FRANCISCO",-122.44859313964844,37.646110534667969
81517762,2021,2021-07-12,4109,2021-06-12,1515,145746,30,6,5,4,4109,0,0,0,,0,001,"SHARON PARK DR","SHARON RD",0.00,,Y,A,-,N,,,,,,,,,,N,3,0,1,2,A,-,12,22450,,N,A,C,A,A,H,-,A,A,0,,,,,Y,,A,07,0,1,0,0,0,0,0,0,0,"- ","- ",37.424549102783203,-122.19698333740234,"SAN MATEO","MENLO PARK",-122.19695281982422,37.424575805664062
81521220,2021,2021-07-15,4100,2021-06-11,1210,25109,N,5,5,9,4100,0,0,0,,0,00N,"CYPRESS AV","AIRPORT ST",53.00,E,-,A,-,N,,,,,,,,,,N,3,0,2,2,A,-,05,21650,,N,A,C,A,A,H,-,A,D,0,,,,,Y,,A,01,0,2,0,0,0,0,0,0,0,"- ","- ",37.521419525146484,-122.51242828369141,"SAN MATEO",UNINCORPORATED,-122.51237487792969,37.521469116210938
81521285,2021,2021-07-15,4117,2021-06-27,1925,20AB05,13AE,7,5,5,4117,0,0,0,,0,004,"MILLER AV","MAGNOLIA AV",470.50,W,-,A,-,N,,,,,,,,,,N,3,0,1,3,A,-,09,21804,A,N,D,E,A,A,H,-,A,D,0,,,Y,,Y,Y,A,08,0,1,0,0,0,0,0,0,1,"- ","- ",37.658580780029297,-122.42082214355469,"SAN MATEO","SOUTH SAN FRANCISCO",-122.42076873779297,37.658588409423828
81526523,2021,2021-07-22,4100,2021-05-30,1147,25886,WDS,7,5,2,4118,0,0,0,,0,030,"SR-84 (WOODSIDE RD)","OAKHILL DR",391.00,S,-,A,-,Y,,,,,,,,,,N,2,0,1,2,A,-,05,21460,A,F,H,G,A,A,H,-,A,D,0,,Y,,,Y,,E,72,1,0,0,0,0,0,1,0,0,"- ","- ",,,"SAN MATEO",WOODSIDE,-122.26742553710938,37.41754150390625
81530115,2021,2021-07-27,4100,2021-07-05,1542,25053,4100,1,5,3,4107,0,0,0,,0,075,"CABRILLO HWY S","SEYMOUR STREET",0.00,,Y,A,-,Y,,,,,,,,,,N,3,0,1,2,A,-,06,21754,,N,D,C,A,A,H,-,A,A,0,,,Y,,Y,,C,02,0,1,0,0,0,0,0,0,1,"- ","- ",,,"SAN MATEO","HALF MOON BAY",-122.43151092529297,37.453617095947266
81535681,2021,2021-08-03,4100,2021-07-16,1209,25189,SNC,5,5,4,4115,0,0,0,,0,052,"BRITTAN AVENUE","INDUSTRIAL ROAD",310.00,W,-,A,-,N,,,,,,,,,,N,3,0,1,4,A,-,03,22350,,N,C,C,A,A,H,-,A,A,0,,,,,Y,,A,01,0,1,0,0,0,0,0,0,0,"- ","- ",,,"SAN MATEO","SAN CARLOS",-122.24919128417969,37.503158569335938
81536111,2021,2021-08-03,4109,2021-05-07,1353,14540,22,5,5,4,4109,0,0,0,,0,002,"193 WILLOW RD","WILLOW RD SOUTH C/L",21.00,N,-,A,-,N,,,,,,,,,,Y,3,0,2,2,A,-,07,21658,,N,B,C,A,A,H,-,A,A,0,,,,,Y,,A,01,0,2,0,0,0,0,0,0,0,"- ","- ",37.456699371337891,-122.16338348388672,"SAN MATEO","MENLO PARK",,
81536898,2021,2021-08-04,4109,2021-06-25,1153,14591,30,5,5,4,4109,0,0,0,,0,001,"SAND HILL ROAD","SAND HILL CIRCLE",20.00,E,-,A,-,N,,,,,,,,,,Y,3,0,2,2,A,-,03,22350,,N,C,C,A,A,H,-,A,B,0,,,,,Y,,D,22,0,2,0,0,0,0,0,0,0,"- ","- ",37.422538757324219,-122.21949005126953,"SAN MATEO","MENLO PARK",-122.21943664550781,37.422473907470703
81544575,2021,2021-10-13,4100,2021-08-10,1546,25274,SNC,2,5,4,4115,0,0,0,,0,052,"SR-82 (EL CAMINO REAL)","EATON AV",105.00,N,-,A,-,Y,,,,,,,,,,Y,2,0,1,3,A,-,01,23152,A,M,C,E,A,A,H,-,A,D,0,,,,,Y,Y,D,22,1,0,0,0,0,0,0,0,0,"- ","- ",,,"SAN MATEO","SAN CARLOS",-122.24492645263672,37.494060516357422
81545088,2021,2021-08-16,4114,2021-07-17,1933,0983,SNB5,6,5,4,4114,0,0,0,,0,001,"EL CAMINO REAL",380I,0.00,,Y,A,-,Y,,,,,,,,,,N,3,0,1,2,A,-,05,21650,,N,H,G,A,A,H,-,A,A,0,,Y,,,Y,,L,04,0,1,0,0,0,0,1,0,0,"- ","- ",,,"SAN MATEO","SAN BRUNO",-122.41898345947266,37.6329345703125
81548150,2021,2021-08-18,4114,2021-07-25,0210,0980,SNB6,7,5,4,4114,0,0,0,,0,002,"HUNTINGTON AV","SAN MATEO AV",0.00,,Y,A,-,N,,,,,,,,,,Y,4,0,1,1,A,-,01,23152,A,N,E,I,A,A,H,-,C,A,0,,,,,Y,Y,A,01,0,0,1,0,0,0,0,0,0,"- ","- ",,,"SAN MATEO","SAN BRUNO",-122.411376953125,37.629512786865234
81548875,2021,2021-09-28,4100,2021-08-08,2149,18110,MLB,7,5,3,4110,0,0,0,,0,062,".1200 STATE HIGHWAY 82 HWY","CENTER ST",43.00,N,-,A,-,Y,,,,,,,,,,N,3,0,1,2,A,-,04,21703,,F,H,G,A,A,H,-,C,D,0,,Y,,,Y,,A,01,0,1,0,0,0,0,1,0,0,"- ","- ",,,"SAN MATEO",MILLBRAE,-122.39907073974609,37.607795715332031
81551678,2021,2021-08-23,4117,2021-08-15,1817,18JY16,07AA,7,5,5,4117,0,0,0,,0,004,"ASPEN AV","HAWTHORNE PL",0.00,,Y,B,-,N,,,,,,,,,,Y,3,0,1,2,A,-,09,21804,A,N,D,D,A,A,H,-,A,D,0,,,,,Y,,A,01,0,1,0,0,0,0,0,0,0,"- ","- ",37.660350799560547,-122.41023254394531,"SAN MATEO","SOUTH SAN FRANCISCO",-122.4102783203125,37.66033935546875
81553600,2021,2021-08-25,4100,2021-08-16,1906,25058,,1,5,4,4115,0,0,0,,0,,"SR-82 (EL CAMINO REAL)","BRITTAN AV",226.00,N,-,A,-,Y,,,,,,,,,,Y,3,0,2,2,A,-,08,22107,,N,B,C,A,A,H,-,A,D,0,,,,,Y,,A,01,0,2,0,0,0,0,0,0,0,"- ","- ",,,"SAN MATEO","SAN CARLOS",-122.2530517578125,37.501136779785156
81557032,2021,2021-08-27,4117,2021-02-06,0256,15NM20,13AE,6,5,5,4117,0,0,0,,0,004,"GRAND AV","LOCUST AV",23.00,W,-,A,-,N,,,,,,,,,,N,1,1,0,2,A,-,17,21200,,N,B,E,A,A,H,-,C,D,0,,Y,,,Y,Y,L,04,0,0,0,0,0,1,0,0,0,"- ","- ",37.657741546630859,-122.42173767089844,"SAN MATEO","SOUTH SAN FRANCISCO",-122.42178344726562,37.657749176025391
81559155,2021,2021-08-31,4100,2021-08-14,1556,25126,SNC,6,5,4,4115,0,0,0,,0,051,"SR-82 (EL CAMINO REAL)","CHERRY ST",80.00,S,-,A,-,Y,,,,,,,,,,N,4,0,1,2,A,-,21,22106,,N,C,C,A,A,H,-,A,A,0,,,,,Y,,A,01,0,0,1,0,0,0,0,0,0,"- ","- ",,,"SAN MATEO","SAN CARLOS",-122.25857543945312,37.505771636962891
81559160,2021,2021-09-28,4100,2021-08-25,1818,25247,HMB,3,5,3,4107,0,0,0,,0,075,"MAIN ST","CORREAS ST",177.00,S,-,A,-,N,,,,,,,,,,N,3,0,1,2,A,-,08,22100,B,F,H,G,A,A,H,-,A,D,0,,Y,,,Y,,L,04,0,1,0,0,0,0,1,0,0,"- ","- ",,,"SAN MATEO","HALF MOON BAY",-122.42961120605469,37.461128234863281
81559714,2021,2021-08-31,4117,2021-08-13,1043,03JA06,05AE,5,5,5,4117,0,0,0,,0,001,"SOUTH AIRPORT BL","PRODUCE AV",165.00,E,-,A,-,Y,,,,,,,,,,Y,3,0,1,2,A,-,21,22106,,N,C,C,A,A,H,-,A,A,0,,,,,Y,,A,01,0,1,0,0,0,0,0,0,0,"- ","- ",37.649669647216797,-122.40804290771484,"SAN MATEO","SOUTH SAN FRANCISCO",-122.40749359130859,37.649864196777344
81559747,2021,2021-08-31,4117,2021-08-15,0150,20AB05,01AV,7,5,5,4117,0,0,0,,0,001,"SOUTH AIRPORT BL","N ACCESS RD",0.00,,Y,A,-,N,,,,,,,,,,N,3,0,1,2,A,-,10,21950,A,N,G,B,B,A,H,-,D,A,0,Y,,,,Y,,A,01,0,1,0,0,1,0,0,0,0,"- ","- ",37.639900207519531,-122.39179992675781,"SAN MATEO","SOUTH SAN FRANCISCO",-122.40122985839844,37.63916015625
81560169,2021,2021-09-01,4117,2021-08-28,2350,19JH01,16AA,6,5,5,4117,0,0,0,,0,002,"JUNIPERO SERRA BL","AVALON DR",750.00,N,-,A,-,N,,,,,,,,,,Y,3,0,1,1,A,-,01,23152,A,N,E,J,A,A,H,-,C,D,0,,,,,Y,Y,A,01,0,1,0,0,0,0,0,0,0,"- ","- ",37.641979217529297,-122.44252777099609,"SAN MATEO","SOUTH SAN FRANCISCO",-122.44301605224609,37.641693115234375
81561666,2021,2021-09-02,4109,2021-07-12,2147,145674,16,1,5,4,4109,0,0,0,,0,002,"WILLOW RD","BAY RD",610.00,E,-,A,-,Y,,,,,,,,,,N,4,0,1,2,A,-,03,22350,,N,C,C,A,A,H,-,C,A,0,,,,,Y,,A,01,0,0,1,0,0,0,0,0,0,"- ","- ",37.467578887939453,-122.15574645996094,"SAN MATEO","MENLO PARK",-122.15547943115234,37.468185424804688
81565587,2021,2021-09-08,4117,2021-08-16,1855,11HV11,07AE,1,5,5,4117,0,0,0,,0,004,"LINDEN AV","AIRPORT BL",645.00,W,-,A,-,N,,,,,,,,,,N,3,0,1,4,A,-,09,21801,A,F,A,C,A,A,H,-,A,D,0,,,,,Y,,A,01,0,1,0,0,0,0,0,0,0,"- ","- ",37.662788391113281,-122.40680694580078,"SAN MATEO","SOUTH SAN FRANCISCO",-122.40604400634766,37.661888122558594
81568067,2021,2021-09-13,4117,2021-08-31,0821,04JL03,13AI,2,5,5,4117,0,0,0,,0,001,"S CANAL ST","SOUTH MAPLE AV",0.00,,Y,A,-,N,,,,,,,,,,Y,3,0,1,2,A,-,09,21802,A,F,D,C,A,A,H,-,A,A,0,,,,,Y,,A,01,0,1,0,0,0,0,0,0,0,"- ","- ",37.650421142578125,-122.41517639160156,"SAN MATEO","SOUTH SAN FRANCISCO",-122.41407775878906,37.650474548339844
81568122,2021,2021-09-13,4114,2021-08-20,1407,1126,SNB5,5,5,4,4114,0,0,0,,0,001,"EL CAMINO REAL","SAN BRUNO AVENUE",10.00,N,-,A,-,Y,,,,,,,,,,N,4,0,1,2,A,-,03,22350,,N,C,C,A,A,H,-,A,D,0,,,,,Y,,A,01,0,0,1,0,0,0,0,0,0,"- ","- ",,,"SAN MATEO","SAN BRUNO",-122.41675567626953,37.628864288330078
81568470,2021,2021-09-13,4100,2021-09-04,0958,25242,PV,6,5,2,4112,0,0,0,,0,031,"PORTOLA RD","SANTA MARIA AV",528.00,S,-,A,-,N,,,,,,,,,,N,2,0,1,1,C,-,18,,,N,H,H,A,A,H,-,A,D,0,,Y,,,Y,,-,"- ",1,0,0,0,0,0,1,0,0,"- ","- ",,,"SAN MATEO","PORTOLA VALLEY",-122.23682403564453,37.386405944824219
81568472,2021,2021-09-13,4100,2021-09-10,1337,19960,PV,5,5,2,4112,0,0,0,,0,031,"ALPINE RD","ARRASTRADERO RD",0.00,,Y,A,-,N,,,,,,,,,,N,3,0,1,2,A,-,09,21802,,N,D,D,A,A,H,-,A,A,0,,Y,,,Y,,L,04,0,1,0,0,0,0,1,0,0,"- ","- ",,,"SAN MATEO","PORTOLA VALLEY",-122.19358062744141,37.382968902587891
81570197,2021,2021-10-13,4100,2021-09-06,2140,25241,RWC,1,5,5,4113,0,0,0,,0,RWC,"BAY RD","KANYNE ST",91.40,S,-,A,-,N,,,,,,,,,,Y,3,0,1,2,A,-,01,23152,A,N,B,E,A,A,H,-,C,A,0,,,,,Y,Y,D,22,0,1,0,0,0,0,0,0,0,"- ","- ",,,"SAN MATEO","REDWOOD CITY",-122.21064758300781,37.484752655029297
81570217,2021,2021-09-14,4114,2021-08-17,1207,0048,SNB11,2,5,4,4114,0,0,0,,0,001,"SAN BRUNO AVENUE","CHERRY AV",20.00,W,-,A,-,N,,,,,,,,,,N,4,0,1,2,A,-,03,22350,,N,C,C,A,A,H,-,A,D,0,,,,,Y,,A,01,0,0,1,0,0,0,0,0,0,"- ","- ",,,"SAN MATEO","SAN BRUNO",-122.42446899414062,37.625896453857422
81570308,2021,2021-09-15,4109,2021-06-25,1414,14782,30,5,5,4,4109,0,0,0,,0,001,"SAND HILL RD, W/B","SAND HILL CI",15.00,E,-,A,-,Y,,,,,,,,,,Y,3,0,1,2,A,-,03,22350,,N,C,C,A,A,H,-,A,B,0,,,Y,,Y,,A,01,0,1,0,0,0,0,0,0,1,"- ","- ",37.422538757324219,-122.21949005126953,"SAN MATEO","MENLO PARK",-122.21945190429688,37.422481536865234
81571775,2021,2021-09-28,4100,2021-09-10,1130,18230,WDS,5,5,2,4118,0,0,0,,0,030,"SR-84 (WOODSIDE RD)","SMOKE TREE LN",10.00,N,-,A,-,Y,,,,,,,,,,N,2,0,1,2,A,-,03,22350,,F,B,C,A,A,H,-,A,D,0,,Y,,,Y,,E,72,1,0,0,0,0,0,1,0,0,"- ","- ",,,"SAN MATEO",WOODSIDE,-122.26879119873047,37.419113159179688
81572266,2021,2021-09-16,4114,2021-08-31,2016,0048,SNB6,2,5,4,4114,0,0,0,,0,002,"SAN BRUNO AV","EL CAMINO REAL",20.00,W,-,A,-,Y,,,,,,,,,,N,4,0,1,2,A,-,09,21804,A,N,D,C,A,A,H,-,C,D,0,,,,,Y,,A,07,0,0,1,0,0,0,0,0,0,"- ","- ",,,"SAN MATEO","SAN BRUNO",-122.41680145263672,37.628814697265625
81579372,2021,2021-09-24,4117,2021-09-22,1708,21AM09,13AI,3,5,5,4117,0,0,0,,0,001,"SOUTH SPRUCE AV","N. CANAL ST",30.00,E,-,A,-,N,,,,,,,,,,Y,3,0,1,2,A,-,09,21801,A,N,D,C,A,A,H,-,A,A,0,,,,,Y,,A,01,0,1,0,0,0,0,0,0,0,"- ","- ",37.651599884033203,-122.41773986816406,"SAN MATEO","SOUTH SAN FRANCISCO",-122.41770172119141,37.651699066162109
81580933,2021,2021-09-27,4109,2021-08-21,2202,146332,26,6,5,4,4109,0,0,0,,0,001,"EL CAMINO REAL","RAVENSWOOD AVENUE",0.00,,Y,A,-,N,,,82,,,,,,,N,3,0,1,2,A,-,"- ",,,N,H,G,A,A,H,-,C,A,0,,Y,,,Y,,-,"- ",0,1,0,0,0,0,1,0,0,"- ","- ",37.452980041503906,-122.18163299560547,"SAN MATEO","MENLO PARK",-122.18167114257812,37.452903747558594
81581745,2021,2021-09-28,4109,2021-09-13,1516,145990,25,1,5,4,4109,0,0,0,,0,002,"LAUREL ST","SOUTH CURBLINE PROLONGATION OF RAVENSWOOD AVENUE",224.00,S,-,A,-,N,,,,,,,,,,N,3,0,1,2,A,-,03,22350,,N,D,C,A,A,H,-,A,D,0,,Y,,,Y,,L,04,0,1,0,0,0,0,1,0,0,"- ","- ",37.454799652099609,-122.17861938476562,"SAN MATEO","MENLO PARK",,
81581841,2021,2021-09-28,4117,2021-08-22,0123,20AB05,06AJ,7,5,5,4117,0,0,0,,0,004,"AIRPORT BL","TOWER PL",192.00,N,Y,A,-,N,,,,,,,,,,Y,2,0,1,1,A,-,05,21651,A,N,A,I,A,A,H,-,C,D,0,,,,,Y,,D,22,1,0,0,0,0,0,0,0,0,"- ","- ",37.666431427001953,-122.39694976806641,"SAN MATEO","SOUTH SAN FRANCISCO",-122.39649963378906,37.666831970214844
81582435,2021,2021-09-29,4117,2021-09-21,1746,20AF01,13AI,2,5,5,4117,0,0,0,,0,001,"WEST ORANGE AV","TENNIS DR",0.00,,Y,A,-,N,,,,,,,,,,N,3,0,1,2,A,-,17,21208,B,N,B,G,A,A,H,-,A,D,0,,Y,,,Y,,L,04,0,1,0,0,0,0,1,0,0,"- ","- ",37.655220031738281,-122.42405700683594,"SAN MATEO","SOUTH SAN FRANCISCO",-122.42421722412109,37.654991149902344
81582785,2021,2021-09-29,4117,2021-09-21,1336,06KW06,17AR,2,5,5,4117,0,0,0,,0,003,"JUNIPERO SERRA BL","ARROYO DR",0.00,,Y,A,-,N,,,,,,,,,,Y,2,0,3,2,A,-,09,21802,A,N,D,C,A,A,H,-,A,A,0,,,,,Y,,A,01,2,0,1,0,0,0,0,0,0,"- ","- ",37.648601531982422,-122.45024871826172,"SAN MATEO","SOUTH SAN FRANCISCO",-122.45040130615234,37.648494720458984
81583983,2021,2021-09-30,4114,2021-09-01,0742,1126,SNB5,3,5,4,4114,0,0,0,,0,001,"EL CAMINO REAL (SR-82)","EAST BOUND HIGHWAY 380 OFF RAMP",0.00,,Y,A,-,Y,,,,,,,,,,N,3,0,1,2,A,-,10,21950,A,F,G,B,B,A,H,-,A,A,0,Y,,,,Y,,A,01,0,1,0,0,1,0,0,0,0,"- ","- ",,,"SAN MATEO","SAN BRUNO",,
81587738,2021,2021-10-04,4109,2021-08-21,1802,145905,17B,6,5,4,4109,0,0,0,,0,004,"MARSH RD","BAYFRONT EXPRESSWAY",0.00,,Y,A,-,N,,,,,,,,,,N,3,0,2,2,A,-,03,22350,,N,C,C,A,A,H,-,A,A,0,,,,,Y,,A,01,0,1,1,0,0,0,0,0,0,"- ","- ",37.452960968017578,-122.18171691894531,"SAN MATEO","MENLO PARK",-122.17903137207031,37.486423492431641