CASE_ID,ACCIDENT_YEAR,PROC_DATE,JURIS,COLLISION_DATE,COLLISION_TIME,OFFICER_ID,REPORTING_DISTRICT,DAY_OF_WEEK,CHP_SHIFT,POPULATION,CNTY_CITY_LOC,SPECIAL_COND,BEAT_TYPE,CHP_BEAT_TYPE,CITY_DIVISION_LAPD,CHP_BEAT_CLASS,BEAT_NUMBER,PRIMARY_RD,SECONDARY_RD,DISTANCE,DIRECTION,INTERSECTION,WEATHER_1,WEATHER_2,STATE_HWY_IND,CALTRANS_COUNTY,CALTRANS_DISTRICT,STATE_ROUTE,ROUTE_SUFFIX,POSTMILE_PREFIX,POSTMILE,LOCATION_TYPE,RAMP_INTERSECTION,SIDE_OF_HWY,TOW_AWAY,COLLISION_SEVERITY,NUMBER_KILLED,NUMBER_INJURED,PARTY_COUNT,PRIMARY_COLL_FACTOR,PCF_CODE_OF_VIOL,PCF_VIOL_CATEGORY,PCF_VIOLATION,PCF_VIOL_SUBSECTION,HIT_AND_RUN,TYPE_OF_COLLISION,MVIW,PED_ACTION,ROAD_SURFACE,ROAD_COND_1,ROAD_COND_2,LIGHTING,CONTROL_DEVICE,CHP_ROAD_TYPE,PEDESTRIAN_ACCIDENT,BICYCLE_ACCIDENT,MOTORCYCLE_ACCIDENT,TRUCK_ACCIDENT,NOT_PRIVATE_PROPERTY,ALCOHOL_INVOLVED,STWD_VEHTYPE_AT_FAULT,CHP_VEHTYPE_AT_FAULT,COUNT_SEVERE_INJ,COUNT_VISIBLE_INJ,COUNT_COMPLAINT_PAIN,COUNT_PED_KILLED,COUNT_PED_INJURED,COUNT_BICYCLIST_KILLED,COUNT_BICYCLIST_INJURED,COUNT_MC_KILLED,COUNT_MC_INJURED,PRIMARY_RAMP,SECONDARY_RAMP,LATITUDE,LONGITUDE,COUNTY,CITY,POINT_X,POINT_Y
81591115,2021,2021-10-07,4114,2021-09-26,1750,0825,SNB8,7,5,4,4114,0,0,0,,0,002,"SANTA LUCIA AVE","S SAN ANSELMO AVE",0.00,,Y,A,-,N,,,,,,,,,,Y,3,0,2,4,A,-,12,22450,A,N,D,C,A,A,H,-,A,A,0,,,,,Y,,A,07,0,2,0,0,0,0,0,0,0,"- ","- ",,,"SAN MATEO","SAN BRUNO",-122.40442657470703,37.616004943847656
81592136,2021,2021-10-11,4114,2021-09-30,1822,0048,SNB5,4,5,4,4114,0,0,0,,0,001,"EL CAMINO REAL","SAN BRUNO AV",175.00,N,-,A,-,Y,,,,,,,,,,Y,3,0,1,2,A,-,01,23152,F,N,C,C,A,A,H,-,A,D,0,,,,,Y,,A,01,0,1,0,0,0,0,0,0,0,"- ","- ",,,"SAN MATEO","SAN BRUNO",-122.41700744628906,37.629268646240234
81594361,2021,2021-10-12,4117,2021-09-29,0445,21MC03,08AM,3,5,5,4117,0,0,0,,0,001,"AIRPORT BL","GRAND AV",0.00,,Y,A,-,N,,,,,,,,,,Y,3,0,2,2,A,-,12,21453,A,M,D,D,A,A,H,-,C,A,0,,,,,Y,,-,99,0,2,0,0,0,0,0,0,0,"- ","- ",37.654571533203125,-122.40828704833984,"SAN MATEO","SOUTH SAN FRANCISCO",-122.40786743164062,37.654666900634766
81595369,2021,2021-10-13,4114,2021-09-13,0825,1121,SNB40,1,5,4,4114,0,0,0,,0,003,"MONTEREY DR","AMADOR AVE",278.54,S,-,A,-,N,,,,,,,,,,Y,3,0,1,3,A,-,08,22107,,N,F,E,A,A,H,-,A,D,0,,,,,Y,,A,01,0,1,0,0,0,0,0,0,0,"- ","- ",,,"SAN MATEO","SAN BRUNO",-122.44801330566406,37.622398376464844
81595584,2021,2021-10-13,4109,2021-10-10,1140,145882,26,7,5,4,4109,0,0,0,,0,001,"EL CAMINO REAL","THE SOUTHERN CURB PROLONGATION LINE OF PARTRIDGE A",67.00,S,-,A,-,N,,,82,,,,,,,N,3,0,1,2,A,-,08,22107,,N,H,G,A,A,H,-,A,D,0,,Y,,,Y,,A,07,0,1,0,0,0,0,1,0,0,"- ","- ",37.449008941650391,-122.17508697509766,"SAN MATEO","MENLO PARK",-122.175048828125,37.449069976806641
81602644,2021,2021-11-17,4100,2021-10-04,1526,25189,SNC,1,5,4,4115,0,0,0,,0,051,"ELM STREET","OLIVE STREET",0.00,,Y,A,-,N,,,,,,,,,,N,2,0,1,1,A,-,00,21221,,N,E,J,A,A,H,-,A,D,0,,,,,Y,Y,M,94,1,0,0,0,0,0,0,0,0,"- ","- ",,,"SAN MATEO","SAN CARLOS",-122.25971984863281,37.502342224121094
81602975,2021,2021-10-21,4117,2021-10-18,0822,16AP10,07AC,1,5,5,4117,0,0,0,,0,004,"ARMOUR AV","CYPRESS AV",0.00,,Y,B,-,N,,,,,,,,,,Y,3,0,1,2,A,-,09,21802,A,N,D,C,A,A,H,-,A,A,0,,,,,Y,,A,01,0,1,0,0,0,0,0,0,0,"- ","- ",37.660511016845703,-122.40567779541016,"SAN MATEO","SOUTH SAN FRANCISCO",-122.40570831298828,37.660518646240234
81603066,2021,2021-10-21,4117,2021-10-11,1614,97GD05,14AG,1,5,5,4117,0,0,0,,0,002,"SOUTH SPRUCE AV","TERRACE DR",78.00,E,-,A,-,N,,,,,,,,,,Y,3,0,1,2,A,-,21,22106,,N,C,C,A,A,H,-,A,A,0,,,,,Y,,A,01,0,1,0,0,0,0,0,0,0,"- ","- ",37.644989013671875,-122.42266845703125,"SAN MATEO","SOUTH SAN FRANCISCO",-122.4224853515625,37.6451416015625
81603225,2021,2021-10-21,4117,2021-10-06,1950,06KW06,02AB,3,5,5,4117,0,0,0,,0,004,"SISTER CITIES BL","AIRPORT BL",0.00,,Y,A,-,N,,,,,,,,,,Y,3,0,2,2,A,-,17,21451,B,N,A,C,A,A,H,-,C,A,0,,,,,Y,,A,01,0,1,1,0,0,0,0,0,0,"- ","- ",37.664329528808594,-122.39929962158203,"SAN MATEO","SOUTH SAN FRANCISCO",-122.39922332763672,37.664344787597656
81606692,2021,2021-10-26,4117,2021-10-16,1259,18LO10,21AB,6,5,5,4117,0,0,0,,0,003,"MISSION RD",BART,60.00,W,-,A,-,N,,,,,,,,,,N,3,0,3,3,A,-,06,21750,,N,B,C,A,A,H,-,A,D,0,,,,,Y,,A,01,0,3,0,0,0,0,0,0,0,"- ","- ",37.663608551025391,-122.44199371337891,"SAN MATEO","SOUTH SAN FRANCISCO",-122.44212341308594,37.663738250732422
81606717,2021,2021-10-26,4100,2021-10-11,1021,25189,SNC,1,5,4,4115,0,0,0,,0,052,"INDUSTRIAL ROAD","HOLLY STREET",24.00,W,-,A,-,N,,,,,,,,,,N,3,0,1,2,A,-,12,21453,,N,D,C,A,A,H,-,A,A,0,,,,,Y,,D,72,0,1,0,0,0,0,0,0,0,"- ","- ",,,"SAN MATEO","SAN CARLOS",-122.25785064697266,37.511970520019531
81608962,2021,2021-10-28,4117,2021-10-22,1601,18JY16,08AI,5,5,5,4117,0,0,0,,0,004,"MILLER AV","MAPLE AV",0.00,,Y,B,-,N,,,,,,,,,,Y,3,0,1,2,A,-,09,21800,A,N,D,C,A,A,H,-,A,A,0,,,,,Y,,A,07,0,1,0,0,0,0,0,0,0,"- ","- ",37.656669616699219,-122.41216278076172,"SAN MATEO","SOUTH SAN FRANCISCO",-122.412109375,37.656646728515625
81609304,2021,2021-10-28,4117,2021-10-12,1504,20AF01,25AA,2,5,5,4117,0,0,0,,0,003,"WEST ORANGE AV",SR-82,0.00,,Y,A,-,Y,,,,,,,,,,Y,3,0,1,3,A,-,12,21453,A,N,D,C,A,A,H,-,A,A,0,,,,,Y,,A,01,0,1,0,0,0,0,0,0,0,"- ","- ",37.6551513671875,-122.43448638916016,"SAN MATEO","SOUTH SAN FRANCISCO",-122.43065643310547,37.650241851806641
81613633,2021,2021-11-02,4117,2021-10-27,1417,08MB02,13AA,3,5,5,4117,0,0,0,,0,004,"EUCALYPTUS AV","PALM AV",0.00,,Y,A,-,N,,,,,,,,,,N,3,0,1,2,A,-,11,21956,A,N,D,B,E,A,H,-,A,D,0,Y,,,,Y,,N,60,0,1,0,0,1,0,0,0,0,"- ","- ",37.660640716552734,-122.42585754394531,"SAN MATEO","SOUTH SAN FRANCISCO",-122.42582702636719,37.660671234130859
81615167,2021,2021-11-03,4117,2021-10-27,1400,20AF01,01AE,3,5,5,4117,0,0,0,,0,004,"FORBES BL","ALLERTON AV",106.00,W,-,A,-,N,,,,,,,,,,N,3,0,1,2,A,-,08,22107,,N,B,C,A,A,H,-,A,D,0,,,,,Y,,-,"- ",0,1,0,0,0,0,0,0,0,"- ","- ",37.655929565429688,-122.38987731933594,"SAN MATEO","SOUTH SAN FRANCISCO",-122.38912200927734,37.657020568847656
81615229,2021,2021-11-03,4109,2021-10-08,1042,14782,26,5,5,4,4109,0,0,0,,0,001,"SR-82 (EL CAMINO REAL)","LIVE OAK AV",0.00,,Y,A,-,Y,,,82,,,,,,,N,2,0,1,2,A,-,08,22107,,N,H,G,A,A,D,E,A,D,0,,Y,,Y,Y,,F,26,1,0,0,0,0,0,1,0,0,"- ","- ",37.452308654785156,-122.18060302734375,"SAN MATEO","MENLO PARK",-122.18057250976562,37.452362060546875
81615322,2021,2021-11-03,4109,2021-10-21,0821,14782,27,4,5,4,4109,0,0,0,,0,001,"W/B SANTA CRUZ AV","SAN MATEO DR",0.00,,Y,B,-,N,,,,,,,,,,N,2,0,1,1,A,-,03,22350,,N,H,A,A,A,H,-,A,D,0,,Y,,,Y,,L,04,1,0,0,0,0,0,1,0,0,"- ","- ",37.445041656494141,-122.19001007080078,"SAN MATEO","MENLO PARK",-122.18999481201172,37.445068359375
81616412,2021,2021-11-04,4117,2021-10-28,2154,20AB05,20AB,4,5,5,4117,0,0,0,,0,003,"DUNDEE DR","DUNMAN WY",60.00,W,-,A,-,N,,,,,,,,,,Y,3,0,1,2,A,-,01,23152,A,M,B,E,A,A,H,-,C,D,0,,,,,Y,Y,A,01,0,1,0,0,0,0,0,0,0,"- ","- ",37.664371490478516,-122.4600830078125,"SAN MATEO","SOUTH SAN FRANCISCO",-122.46012115478516,37.664199829101562
81616540,2021,2021-11-04,4100,2021-10-02,1230,19810,4100,6,5,3,4107,0,0,0,,0,075,"SR-1 (N CABRILLO HWY)","SOUTHERN CURBLINE OF CAPISTRANO ROAD",1320.00,S,-,A,-,Y,,,,,,,,,,N,2,0,2,2,A,-,06,21755,,N,D,C,A,A,H,-,A,D,0,,,Y,,Y,,C,02,2,0,0,0,0,0,0,0,2,"- ","- ",,,"SAN MATEO","HALF MOON BAY",-122.46495056152344,40.619190216064453
81617607,2021,2021-11-05,4117,2021-11-02,1935,06KW06,08AH,2,5,5,4117,0,0,0,,0,001,"SPRUCE AV","GRAND AV",0.00,,Y,A,-,N,,,,,,,,,,N,3,0,1,2,A,-,10,21950,A,N,G,B,B,A,H,-,C,A,0,Y,,,,Y,,A,01,0,1,0,0,1,0,0,0,0,"- ","- ",37.656478881835938,-122.41602325439453,"SAN MATEO","SOUTH SAN FRANCISCO",-122.41602325439453,37.656467437744141
81619296,2021,2021-11-08,4109,2021-10-27,1141,145882,21,3,5,4,4109,0,0,0,,0,002,"1925 EUCLID AV","EASTERN CURB PROLONGATION LINE OF WOODLAND AVENUE",73.00,E,-,A,-,N,,,,,,,,,,N,4,0,1,2,A,-,21,22106,,N,D,C,A,A,H,-,A,D,0,,,,,Y,,D,72,0,0,1,0,0,0,0,0,0,"- ","- ",37.458450317382812,-122.14504241943359,"SAN MATEO","MENLO PARK",,
81621922,2021,2021-11-10,4100,2021-10-12,0752,25875,HMB,2,5,3,4107,0,0,0,,0,075,"STATE ROUTE 1","NORTH MAIN ST",0.00,,Y,A,-,Y,,,,,,,,,,Y,3,0,1,2,A,-,08,22101,D,N,B,C,A,A,H,-,A,A,0,,,,,Y,,A,01,0,1,0,0,0,0,0,0,0,"- ","- ",,,"SAN MATEO","HALF MOON BAY",-122.42987823486328,37.450294494628906
81626362,2021,2021-11-16,4100,2021-11-08,1058,25189,SNC,1,5,4,4115,0,0,0,,0,052,"HOLLY ST","OLD COUNTY RD",0.00,,Y,A,-,N,,,,,,,,,,Y,3,0,2,2,A,-,12,21453,A,N,D,C,A,A,H,-,A,A,0,,,,,Y,,-,"- ",0,1,1,0,0,0,0,0,0,"- ","- ",,,"SAN MATEO","SAN CARLOS",-122.26114654541016,37.509082794189453
81626856,2021,2022-03-15,4100,2021-11-15,1922,89435,HMB,1,5,3,4107,0,0,0,,0,075,"STATE ROUTE 92","SAN MATEO RD",0.00,,Y,A,-,Y,,,,,,,,,,Y,3,0,2,2,A,-,09,21804,A,F,D,C,A,A,H,-,C,D,0,,,,,Y,,D,22,0,1,1,0,0,0,0,0,0,"- ","- ",,,"SAN MATEO","HALF MOON BAY",-122.40625762939453,37.480022430419922
81628558,2021,2021-11-18,4117,2021-11-07,1144,17RA05,08AH,7,5,5,4117,0,0,0,,0,001,"SPRUCE AV","BADEN AV",0.00,,Y,A,-,N,,,,,,,,,,N,4,0,1,2,A,-,09,21800,A,N,A,C,A,A,H,-,A,A,0,,,,,Y,,A,01,0,0,1,0,0,0,0,0,0,"- ","- ",37.655490875244141,-122.41636657714844,"SAN MATEO","SOUTH SAN FRANCISCO",-122.41635131835938,37.655487060546875
81628578,2021,2021-11-18,4117,2021-11-11,1113,16AP10,21AK,4,5,5,4117,0,0,0,,0,003,"SR-82 EL CAMINO REAL","KAISER HOSPITAL",0.00,,Y,A,-,Y,,,82,,,,,,,N,3,0,1,2,A,-,10,21950,,N,G,B,B,A,H,-,A,D,0,Y,,,,Y,,-,"- ",0,1,0,0,1,0,0,0,0,"- ","- ",37.659198760986328,-122.43930816650391,"SAN MATEO","SOUTH SAN FRANCISCO",-122.43968200683594,37.658504486083984
81630660,2021,2021-11-19,4114,2021-11-03,1845,1245,SNB17,3,5,4,4114,0,0,0,,0,004,"SAN BRUNO AVE","CHERRY AVE",1320.00,W,-,A,-,N,,,,,,,,,,Y,3,0,1,2,A,-,05,21651,,N,A,C,A,A,H,-,C,D,0,,,,,Y,,A,01,0,1,0,0,0,0,0,0,0,"- ","- ",,,"SAN MATEO","SAN BRUNO",-122.42855072021484,37.624526977539062
81631583,2021,2021-11-22,4100,2021-11-01,1630,25954,,1,5,3,4110,0,0,0,,0,,"SR-82 (EL CAMINO REAL)","MILLBRAE AV",88.00,S,-,B,-,Y,,,,,,,,,,N,3,0,1,2,A,-,03,22350,,N,C,C,A,B,H,-,A,D,0,,,,,Y,,I,11,0,1,0,0,0,0,0,0,0,"- ","- ",,,"SAN MATEO",MILLBRAE,-122.38741302490234,37.598293304443359
81631584,2021,2021-11-22,4100,2021-11-02,2358,18110,,2,5,3,4110,0,0,0,,0,,"SR-82 (EL CAMINO REAL)",LUDEMAN,12.00,N,-,A,-,Y,,,,,,,,,,N,2,0,1,2,A,-,10,21950,A,N,G,B,B,A,H,-,C,A,0,Y,,,,Y,,A,01,1,0,0,0,1,0,0,0,0,"- ","- ",,,"SAN MATEO",MILLBRAE,-122.39979553222656,37.608516693115234
81631587,2021,2021-11-22,4100,2021-11-11,1221,25274,WDS,4,5,2,4118,0,0,0,,0,030,"SR-84 (LA HONDA RD)","MILE MARKER 84SM17.47",606.00,N,-,A,-,Y,,,,,,,,,,N,3,0,1,1,A,-,03,22350,,N,F,A,A,B,H,-,A,D,0,,Y,,,Y,,L,04,0,1,0,0,0,0,1,0,0,"- ","- ",,,"SAN MATEO",WOODSIDE,-122.37293243408203,37.59149169921875
81631588,2021,2021-11-22,4100,2021-11-13,1007,26003,WD,6,5,2,4118,0,0,0,,0,030,"SR-84 (WOODSIDE RD)","WHY WORRY LN",80.00,N,-,A,-,Y,,,,,,,,,,N,3,0,2,2,A,-,03,22350,,N,F,A,A,B,H,-,A,D,0,,Y,,,Y,,L,04,0,2,0,0,0,0,2,0,0,"- ","- ",,,"SAN MATEO",WOODSIDE,-122.26753997802734,37.422206878662109
81631957,2021,2021-11-22,4100,2021-10-26,1900,25163,N,2,5,4,4104,0,0,0,,0,00N,"CALIFORNIA DR","CARMELITA AV",0.00,,Y,A,-,N,,,,,,,,,,N,3,0,2,2,A,-,09,21801,A,N,A,C,A,A,H,-,C,A,0,,,,,Y,,A,71,0,2,0,0,0,0,0,0,0,"- ","- ",,,"SAN MATEO",BURLINGAME,-122.36151123046875,37.586761474609375
81636825,2021,2021-11-29,4117,2021-11-08,1523,16AP10,01AK,1,5,5,4117,0,0,0,,0,001,"SOUTH AIRPORT BL","WONDERCOLOR LN",200.00,S,-,B,-,Y,,,,,,,,,,N,3,0,2,2,A,-,03,22350,,N,C,C,A,A,H,-,A,A,0,,,,,Y,,A,01,0,2,0,0,0,0,0,0,0,"- ","- ",37.646820068359375,-122.40544891357422,"SAN MATEO","SOUTH SAN FRANCISCO",-122.40541076660156,37.646228790283203
81638512,2021,2021-11-30,4117,2021-11-24,1437,99ID13,01AQ,3,5,5,4117,0,0,0,,0,001,"EAST GRAND AV","GATEWAY BL",218.00,E,-,A,-,N,,,,,,,,,,N,3,0,1,2,A,-,05,21202,A,N,D,G,A,A,H,-,A,D,0,,Y,,,Y,,L,04,0,1,0,0,0,0,1,0,0,"- ","- ",37.654598236083984,-122.402099609375,"SAN MATEO","SOUTH SAN FRANCISCO",-122.40149688720703,37.654380798339844
81638555,2021,2021-11-30,4117,2021-11-21,1225,17RA05,08AB,7,5,5,4117,0,0,0,,0,004,"AIRPORT BL","PINE AV",0.00,,Y,A,-,N,,,,,,,,,,Y,3,0,3,3,A,-,09,21801,A,N,D,C,A,A,H,-,A,D,0,,,,,Y,,A,01,0,2,1,0,0,0,0,0,0,"- ","- ",37.658370971679688,-122.40586853027344,"SAN MATEO","SOUTH SAN FRANCISCO",-122.40598297119141,37.658374786376953
81640129,2021,2021-12-01,4117,2021-09-03,0340,21MP01,08AO,5,5,5,4117,0,0,0,,0,004,"CYPRESS AV","CALIFORNIA AV",0.00,,Y,A,-,N,,,,,,,,,,Y,3,0,2,4,A,-,12,22450,A,F,D,C,A,A,H,-,C,D,0,,,,,Y,,D,22,0,2,0,0,0,0,0,0,0,"- ","- ",37.657859802246094,-122.40718841552734,"SAN MATEO","SOUTH SAN FRANCISCO",-122.40718841552734,37.657627105712891
81642150,2021,2021-12-03,4100,2021-11-06,1555,19750,HMB,6,5,3,4107,0,0,0,,0,075,"SR-1 (N CABRLLO HWY)","CORONADO ST",1773.00,N,-,A,-,Y,,,,,,,,,,N,4,0,1,2,A,-,03,22350,,N,C,C,A,A,H,-,A,D,0,,,,,Y,,D,22,0,0,1,0,0,0,0,0,0,"- ","- ",,,"SAN MATEO","HALF MOON BAY",-122.47288513183594,37.501880645751953
81642247,2021,2022-03-01,4100,2021-11-18,1456,89432,MLB,4,5,3,4110,0,0,0,,0,061,"STATE HIGHWAY 82 HWY","VICTORIA AV",140.00,S,-,A,-,Y,,,,,,,,,,N,4,0,2,3,A,-,03,22350,,F,C,C,A,A,H,-,A,A,0,,,,,Y,,A,01,0,0,2,0,0,0,0,0,0,"- ","- ",,,"SAN MATEO",MILLBRAE,-122.38935089111328,37.600173950195312
81646801,2021,2021-12-08,4109,2021-11-11,1319,14782,16,4,5,4,4109,0,0,0,,0,002,"MARSH RD","BAY RD",0.00,,Y,A,-,N,,,,,,,,,,Y,3,0,2,2,A,-,12,21453,,N,A,C,A,A,H,-,A,A,0,,,,,Y,,A,01,0,2,0,0,0,0,0,0,0,"- ","- ",37.476718902587891,-122.18670654296875,"SAN MATEO","MENLO PARK",-122.18677520751953,37.476737976074219
81647724,2021,2021-12-09,4109,2021-12-05,1231,145882,25A,7,5,4,4109,0,0,0,,0,001,"EL CAMINO REAL","OAK GROVE AVENUE",0.00,,Y,A,-,N,,,82,,,,,,,N,3,0,5,5,A,-,03,22350,,N,C,C,A,A,H,-,A,A,0,,,,,Y,,A,01,0,2,3,0,0,0,0,0,0,"- ","- ",37.454250335693359,-122.18444061279297,"SAN MATEO","MENLO PARK",-122.18442535400391,37.454277038574219
81649132,2021,2021-12-10,4100,2021-11-18,1448,25954,SNC,4,5,4,4115,0,0,0,,0,051,"ELM ST","BRITTAN AV",36.00,N,-,A,-,N,,,,,,,,,,N,3,0,1,2,A,-,08,22107,,N,B,E,A,A,H,-,A,D,0,,,,,Y,,A,01,0,1,0,0,0,0,0,0,0,"- ","- ",,,"SAN MATEO","SAN CARLOS",-122.25497436523438,37.499000549316406
81654656,2021,2021-12-17,4114,2021-11-25,2003,0941,SNB6,4,5,4,4114,0,0,0,,0,002,"HUNTINGTON AV","SAN MATEO AV",8.00,E,-,A,-,N,,,,,,,,,,N,2,0,1,2,A,-,10,21950,A,N,G,B,B,A,H,-,C,A,0,Y,,,,Y,,A,01,1,0,0,0,1,0,0,0,0,"- ","- ",,,"SAN MATEO","SAN BRUNO",-122.411376953125,37.629508972167969
81656908,2021,2021-12-20,4109,2021-10-27,1238,145882,22,3,5,4,4109,0,0,0,,0,002,"WOODLAND AV","SOUTHERN CURB PROLONGATION LINE OF WOODLAND AVE",6.00,S,-,A,-,N,,,,,,,,,,Y,3,0,3,1,A,-,03,22350,,F,E,I,A,A,H,-,A,D,0,,,,,Y,,A,01,0,2,1,0,0,0,0,0,0,"- ","- ",37.456718444824219,-122.15384674072266,"SAN MATEO","MENLO PARK",,
81659784,2021,2023-06-02,4100,2021-12-04,2357,18110,MLB,6,5,3,4110,0,0,0,,0,062,"SR-82 (EL CAMINO REAL)","NORTH CURB PROLON SAN BENITO AVE",111.00,N,-,A,-,Y,,,,,,,,,,Y,2,0,1,2,A,-,11,21954,A,N,G,B,D,A,H,-,C,D,0,Y,,,,Y,,N,60,1,0,0,0,1,0,0,0,0,"- ","- ",,,"SAN MATEO",MILLBRAE,-122.4647216796875,40.623004913330078
81659801,2021,2021-12-23,4100,2021-12-18,1636,25274,WDS,6,5,2,4118,0,0,0,,0,030,"SR-84 (LA HONDA RD)","PORTOLA RD",436.00,S,-,A,-,Y,,,,,,,,,,N,2,0,1,1,A,-,03,22350,,N,H,A,A,B,H,-,B,D,0,,Y,,,Y,,L,04,1,0,0,0,0,0,1,0,0,"- ","- ",,,"SAN MATEO",WOODSIDE,-122.25658416748047,37.406326293945312
81661402,2021,2021-12-24,4117,2021-11-23,1740,11HV11,25AH,2,5,5,4117,0,0,0,,0,003,"CHESTNUT AV","ANTOINETTE LN",0.00,,Y,A,-,N,,,82,,,,,,,N,3,0,1,2,A,-,17,21970,,N,G,B,B,A,H,-,C,A,0,Y,,,,Y,,A,07,0,1,0,0,1,0,0,0,0,"- ","- ",37.6556396484375,-122.43359375,"SAN MATEO","SOUTH SAN FRANCISCO",-122.43414306640625,37.65496826171875
81662632,2021,2021-12-27,4117,2021-12-09,1617,12JP07,14AE,4,5,5,4117,0,0,0,,0,002,"SOUTH SPRUCE AV","HUNTINGTON AV",35.00,S,-,A,-,N,,,,,,,,,,N,3,0,2,2,A,-,21,22106,,N,C,C,A,A,H,-,A,A,0,,,,,Y,,A,01,0,1,1,0,0,0,0,0,0,"- ","- ",37.64495849609375,-122.42259979248047,"SAN MATEO","SOUTH SAN FRANCISCO",-122.4227294921875,37.644901275634766
81663495,2021,2021-12-28,4114,2021-11-29,1918,1222,SNB10,1,5,4,4114,0,0,0,,0,001,"EL CAMINO REAL","COMMODORE DR",0.00,,-,A,-,Y,,,,,,,,,,Y,2,0,3,2,A,-,05,21651,B,N,A,C,A,A,H,-,C,D,0,,,,,Y,,A,01,1,2,0,0,0,0,0,0,0,"- ","- ",,,"SAN MATEO","SAN BRUNO",-122.42047882080078,37.635200500488281
81665785,2021,2021-12-29,4117,2021-12-16,1152,16AP10,21AK,4,5,5,4117,0,0,0,,0,003,SR-82,"MCLELLAN DR",10.00,S,-,A,-,Y,,,82,,,,,,,N,3,0,1,2,A,-,04,21703,,N,C,C,A,A,H,-,A,A,0,,,,,Y,,A,01,0,1,0,0,0,0,0,0,0,"- ","- ",37.663459777832031,-122.447021484375,"SAN MATEO","SOUTH SAN FRANCISCO",-122.44699859619141,37.663650512695312
81666210,2021,2021-12-30,4114,2021-12-13,2038,0027,SNB33,1,5,4,4114,0,0,0,,0,003,"CRESTMOOR DR.","PRINCETON DR.",50.00,S,-,C,-,N,,,,,,,,,,N,4,0,1,3,A,-,08,22107,,N,C,E,A,B,H,-,C,D,0,,,,,Y,,A,01,0,0,1,0,0,0,0,0,0,"- ","- ",,,"SAN MATEO","SAN BRUNO",-122.43729400634766,37.618701934814453
81667519,2021,2021-12-31,4114,2021-12-09,1418,0048,SNB5,4,5,4,4114,0,0,0,,0,001,"SAN BRUNO AV","HUNTINGTON AV",0.00,,Y,A,-,N,,,,,,,,,,Y,4,0,2,2,A,-,04,21703,,N,C,C,A,A,H,-,A,A,0,,,,,Y,,E,22,0,0,2,0,0,0,0,0,0,"- ","- ",,,"SAN MATEO","SAN BRUNO",-122.4119873046875,37.630592346191406
81667611,2021,2021-12-31,4117,2021-11-23,2015,21JB07,01AM,2,5,5,4117,0,0,0,,0,001,"SOUTH AIRPORT BL","BELLE AIRE RD",380.00,S,-,A,-,N,,,,,,,,,,N,2,0,1,2,A,-,11,21954,A,N,G,B,D,A,H,-,C,D,0,Y,,,,Y,,N,60,1,0,0,0,1,0,0,0,0,"- ","- ",37.639991760253906,-122.401611328125,"SAN MATEO","SOUTH SAN FRANCISCO",-122.40171813964844,37.640033721923828
81671006,2021,2022-01-05,4117,2021-12-17,1314,01FI10,08AB,5,5,5,4117,0,0,0,,0,004,"CYPRESS AV","CALIFORNIA AV",0.00,,Y,A,-,N,,,,,,,,,,N,3,0,1,2,A,-,09,21802,A,N,D,D,A,A,H,-,A,A,0,,,,,Y,,A,01,0,1,0,0,0,0,0,0,0,"- ","- ",37.657619476318359,-122.40715789794922,"SAN MATEO","SOUTH SAN FRANCISCO",-122.40718841552734,37.657627105712891
81672650,2021,2022-03-15,4100,2021-12-10,1228,25242,PV,5,5,2,4112,0,0,0,,0,031,"PORTOLA RD","TARDIN LN",400.00,S,-,A,-,N,,,,,,,,,,N,2,0,5,6,A,-,08,22107,,N,F,A,A,A,H,-,A,D,0,,Y,,,Y,,L,04,3,2,0,0,0,0,5,0,0,"- ","- ",,,"SAN MATEO","PORTOLA VALLEY",-122.24405670166016,37.393581390380859
81672679,2021,2022-01-06,4100,2021-12-16,1500,25194,SNC,4,5,4,4115,0,0,0,,0,051,"1133 OLD COUNTY ROAD","HOWARD AVENUE",35.00,N,-,A,-,N,,,,,,,,,,N,3,0,1,2,A,-,21,22106,,N,G,B,D,A,H,-,A,D,0,Y,,,,Y,,A,01,0,1,0,0,1,0,0,0,0,"- ","- ",,,"SAN MATEO","SAN CARLOS",-122.24977874755859,37.499172210693359
81672718,2021,2022-01-06,4100,2021-12-31,0101,25855,,5,5,4,4115,0,0,0,,0,,"BRITTAN AV","EL CAMINO REAL",0.00,,Y,A,-,N,,,,,,,,,,Y,3,0,1,2,A,-,12,22450,,N,D,C,A,A,H,-,C,A,0,,,,,Y,,A,01,0,1,0,0,0,0,0,0,0,"- ","- ",,,"SAN MATEO","SAN CARLOS",-122.25251770019531,37.500679016113281
81674557,2021,2022-01-10,4109,2021-12-24,1843,146398,22,5,5,4,4109,0,0,0,,0,002,"MIDDLEFIELD RD","WILLOW ROAD",0.00,,Y,C,-,N,,,,,,,,,,N,4,0,1,2,A,-,03,22350,,N,C,C,A,B,H,-,C,A,0,,,,,Y,,A,01,0,0,1,0,0,0,0,0,0,"- ","- ",37.454601287841797,-122.16397857666016,"SAN MATEO","MENLO PARK",-122.16407012939453,37.454597473144531