CASE_ID,ACCIDENT_YEAR,PROC_DATE,JURIS,COLLISION_DATE,COLLISION_TIME,OFFICER_ID,REPORTING_DISTRICT,DAY_OF_WEEK,CHP_SHIFT,POPULATION,CNTY_CITY_LOC,SPECIAL_COND,BEAT_TYPE,CHP_BEAT_TYPE,CITY_DIVISION_LAPD,CHP_BEAT_CLASS,BEAT_NUMBER,PRIMARY_RD,SECONDARY_RD,DISTANCE,DIRECTION,INTERSECTION,WEATHER_1,WEATHER_2,STATE_HWY_IND,CALTRANS_COUNTY,CALTRANS_DISTRICT,STATE_ROUTE,ROUTE_SUFFIX,POSTMILE_PREFIX,POSTMILE,LOCATION_TYPE,RAMP_INTERSECTION,SIDE_OF_HWY,TOW_AWAY,COLLISION_SEVERITY,NUMBER_KILLED,NUMBER_INJURED,PARTY_COUNT,PRIMARY_COLL_FACTOR,PCF_CODE_OF_VIOL,PCF_VIOL_CATEGORY,PCF_VIOLATION,PCF_VIOL_SUBSECTION,HIT_AND_RUN,TYPE_OF_COLLISION,MVIW,PED_ACTION,ROAD_SURFACE,ROAD_COND_1,ROAD_COND_2,LIGHTING,CONTROL_DEVICE,CHP_ROAD_TYPE,PEDESTRIAN_ACCIDENT,BICYCLE_ACCIDENT,MOTORCYCLE_ACCIDENT,TRUCK_ACCIDENT,NOT_PRIVATE_PROPERTY,ALCOHOL_INVOLVED,STWD_VEHTYPE_AT_FAULT,CHP_VEHTYPE_AT_FAULT,COUNT_SEVERE_INJ,COUNT_VISIBLE_INJ,COUNT_COMPLAINT_PAIN,COUNT_PED_KILLED,COUNT_PED_INJURED,COUNT_BICYCLIST_KILLED,COUNT_BICYCLIST_INJURED,COUNT_MC_KILLED,COUNT_MC_INJURED,PRIMARY_RAMP,SECONDARY_RAMP,LATITUDE,LONGITUDE,COUNTY,CITY,POINT_X,POINT_Y
81674779,2021,2022-01-10,4117,2021-12-22,1737,00JB04,07AE,3,5,5,4117,0,0,0,,0,004,"LINDEN AV","AIRPORT BL",50.00,W,-,C,-,N,,,,,,,,,,N,3,0,1,2,A,-,03,22350,,M,C,C,A,B,H,-,C,A,0,,,,,Y,,A,01,0,1,0,0,0,0,0,0,0,"- ","- ",37.661048889160156,-122.40395355224609,"SAN MATEO","SOUTH SAN FRANCISCO",-122.40420532226562,37.661151885986328
81675102,2021,2022-01-10,4109,2021-12-23,1927,146398,18,4,5,4,4109,0,0,0,,0,004,"UNIVERSITY AVENUE","BAYFRONT EXPRESSWAY",0.00,,Y,A,-,N,,,,,,,,,,N,4,0,1,2,A,-,03,22350,,M,C,C,A,A,H,-,C,A,0,,,,,Y,,A,01,0,0,1,0,0,0,0,0,0,"- ","- ",37.48651123046875,-122.14269256591797,"SAN MATEO","MENLO PARK",,
81695334,2021,2022-02-07,4109,2021-12-19,1355,14591,26,7,5,4,4109,0,0,0,,0,001,"SR-82 (EL CAMINO REAL)","MIDDLE AVENUE",425.00,N,-,A,-,Y,,,82,,,,,,,Y,3,0,1,2,A,-,09,21801,A,N,D,C,A,A,H,-,A,D,0,,,,,Y,,A,01,0,1,0,0,0,0,0,0,0,"- ","- ",37.450508117675781,-122.17713165283203,"SAN MATEO","MENLO PARK",-122.17716979980469,37.450447082519531
81696756,2021,2022-02-09,4109,2021-06-02,1918,145611,27,3,5,4,4109,0,0,0,,0,001,"WALLEA DR","CATHY PL",0.00,,Y,A,-,N,,,,,,,,,,Y,3,0,2,2,A,-,09,21804,A,N,D,C,A,A,H,-,A,D,0,,Y,,,Y,,L,04,0,2,0,0,0,0,2,0,0,"- ","- ",37.442741394042969,-122.18608856201172,"SAN MATEO","MENLO PARK",-122.18608856201172,37.442771911621094
81697273,2021,2022-02-09,4109,2021-04-29,1343,145990,22,4,5,4,4109,0,0,0,,0,002,"WILLOW RD","OKEEFE ST",0.00,,Y,A,-,N,,,,,,,,,,N,3,0,2,3,A,-,03,22350,,N,C,C,A,A,H,-,A,A,0,,,,,Y,,A,01,0,1,1,0,0,0,0,0,0,"- ","- ",37.463890075683594,-122.15785980224609,"SAN MATEO","MENLO PARK",-122.15785217285156,37.463905334472656
91386468,2021,2021-01-13,9335,2021-01-06,1402,022596,,3,2,6,4106,0,1,1,,2,021,"I-280 N/B TO HICKEY BLVD.","HICKEY BLVD",136.00,S,N,A,-,Y,,,280,,,,R,,N,N,4,0,2,4,A,-,03,22350,,N,C,C,A,A,H,-,A,D,0,,,,,Y,,A,07,0,0,2,0,0,0,0,0,0,"- ","- ",37.662689208984375,-122.46405792236328,"SAN MATEO","DALY CITY",-122.46405792236328,37.662689208984375
91387277,2021,2021-01-14,9335,2021-01-04,2050,022596,,1,2,5,4117,0,1,2,,2,012,"US-101 N/B","GRAND AVE",15.00,N,N,A,-,Y,,,101,,,,,,N,Y,4,0,1,2,A,-,03,22350,,N,B,C,A,A,H,-,D,D,0,,,,,Y,,A,01,0,0,1,0,0,0,0,0,0,"- ","- ",37.654491424560547,-122.40679931640625,"SAN MATEO","SOUTH SAN FRANCISCO",-122.40683746337891,37.654495239257812
91387625,2021,2021-01-14,9330,2021-01-10,1245,022020,,7,1,9,4100,0,1,1,,2,044,"I-280 NORTHBOUND TO EDGEWOOD ROAD","INTERSTATE 280 (I-280) O/C",140.00,E,N,A,-,N,,,280,,,,R,,N,N,4,0,1,1,A,-,08,22107,,N,E,I,A,A,H,-,A,D,0,,,Y,,Y,,C,02,0,0,1,0,0,0,0,0,1,"- ","- ",37.46881103515625,-122.29171752929688,"SAN MATEO",UNINCORPORATED,-122.29171752929688,37.46881103515625
91391958,2021,2021-01-21,9335,2021-01-15,0450,021474,,5,3,9,4100,0,1,2,,2,011,"US-101 N/B TO SAN BRUNO AVENUE","SAN BRUNO AVE. O/C",1740.00,S,N,A,-,Y,,,101,,,,R,,N,Y,4,0,1,1,A,-,08,22107,,N,E,I,A,A,H,-,D,D,0,,,,,Y,,A,01,0,0,1,0,0,0,0,0,0,"- ","- ",37.62677001953125,-122.40129089355469,"SAN MATEO",UNINCORPORATED,-122.40129089355469,37.62677001953125
91392489,2021,2021-01-22,9330,2021-01-17,1233,022279,,7,1,9,4100,0,1,3,,1,021,SR-92,"R ROAD",100.00,E,N,A,-,Y,,,92,,,,,,,Y,3,0,1,1,A,-,08,22107,,N,F,A,A,A,H,-,A,D,0,,,Y,,Y,,C,02,0,1,0,0,0,0,0,0,1,"- ","- ",37.476188659667969,-122.41767883300781,"SAN MATEO",UNINCORPORATED,-122.41764831542969,37.476139068603516
91392529,2021,2021-01-22,9345,2021-01-14,2130,022352,,4,2,4,4109,0,1,3,,2,084,"SR-84 NORTHBOUND","UNIVERSITY AVE",2640.00,N,N,A,-,Y,,,84,,,,,,N,Y,4,0,1,3,A,-,03,22350,,N,C,C,A,A,H,-,D,D,0,,,,,Y,,A,01,0,0,1,0,0,0,0,0,0,"- ","- ",37.492469787597656,-122.13580322265625,"SAN MATEO","MENLO PARK",-122.13581085205078,37.492477416992188
91394001,2021,2021-01-26,9330,2021-01-16,1448,021843,,6,2,9,4100,0,1,3,,2,042,"SR-35 (SKYLINE BOULEVARD)","QUAIL COURT",10.00,N,N,A,-,Y,,,35,,,,,,,Y,3,0,1,1,A,-,08,22107,,N,E,I,A,A,H,-,A,D,0,,,,,Y,,A,01,0,1,0,0,0,0,0,0,0,"- ","- ",37.465511322021484,-122.34713745117188,"SAN MATEO",UNINCORPORATED,-122.34707641601562,37.465564727783203
91394274,2021,2021-01-26,9330,2021-01-04,0415,022595,,1,3,9,4100,0,3,5,,2,505,"8TH AVE.","SPRING STREET",250.00,E,N,A,-,N,,,,,,,,,,Y,3,0,1,2,A,-,01,23152,F,M,B,E,A,A,H,-,C,D,0,,,,,Y,,A,01,0,1,0,0,0,0,0,0,0,"- ","- ",37.479591369628906,-122.19670104980469,"SAN MATEO",UNINCORPORATED,-122.19671630859375,37.479583740234375
91395047,2021,2021-01-27,9330,2021-01-08,2305,022072,,5,3,5,4113,0,1,2,,2,048,"US-101 N/B","WHIPPLE AVE",1056.00,S,N,B,-,Y,,,101,,,,,,N,Y,4,0,1,1,A,-,01,23152,A,N,E,I,A,A,D,-,C,D,0,,,,,Y,Y,A,01,0,0,1,0,0,0,0,0,0,"- ","- ",37.495540618896484,-122.22946166992188,"SAN MATEO","REDWOOD CITY",-122.22949981689453,37.495388031005859
91398338,2021,2021-02-08,9330,2021-01-20,0549,022279,,3,3,5,4113,0,1,2,,2,048,"US-101 N/B","WHIPPLE AVE",2640.00,N,N,A,-,Y,,,101,,,,,,N,Y,2,0,3,2,A,-,01,23152,A,N,C,C,A,A,H,-,D,D,0,,,,,Y,Y,A,01,1,1,1,0,0,0,0,0,0,"- ","- ",37.500701904296875,-122.24086761474609,"SAN MATEO","REDWOOD CITY",-122.24091339111328,37.500648498535156
91398441,2021,2021-01-29,9330,2021-01-24,1231,022279,,7,1,9,4100,0,1,3,,1,021,SR-92,"PILARCITOS QUARRY RD",1584.00,W,N,B,C,Y,,,92,,,,,,,Y,4,0,1,1,A,-,08,22107,,N,E,I,A,B,H,-,A,D,0,,,,,Y,,A,01,0,0,1,0,0,0,0,0,0,"- ","- ",37.487758636474609,-122.39524078369141,"SAN MATEO",UNINCORPORATED,-122.39521789550781,37.487739562988281
91398454,2021,2021-01-29,9335,2021-01-26,1715,021886,,2,2,6,4106,0,1,1,,2,021,"I-280 S/B TO SERRAMONTE BLVD.","SERRAMONTE BLVD U/C",1033.00,N,N,C,-,Y,,,280,,,,R,,S,Y,4,0,1,2,A,-,07,21658,A,N,B,C,A,B,H,-,A,D,0,,,,,Y,,A,01,0,0,1,0,0,0,0,0,0,"- ","- ",37.672420501708984,-122.46778869628906,"SAN MATEO","DALY CITY",-122.46778869628906,37.672420501708984
91399156,2021,2021-02-01,9335,2021-01-24,1700,021736,,7,2,6,4106,0,1,1,,2,021,"I-280 N/B","KING DRIVE",2043.00,N,N,C,-,Y,,,280,,,,,,N,Y,4,0,1,1,A,-,08,22107,,N,E,I,A,B,H,-,C,D,0,,,,,Y,,A,01,0,0,1,0,0,0,0,0,0,"- ","- ",37.656139373779297,-122.45906066894531,"SAN MATEO","DALY CITY",-122.45899963378906,37.656215667724609
91399297,2021,2021-02-01,9330,2021-01-23,1020,022212,,6,1,4,4109,0,1,2,,2,058,"US-101 N/B","WILLOW RD",3168.00,S,N,A,-,Y,,,101,,,,,,N,Y,4,0,3,2,A,-,08,22107,,N,E,I,A,A,H,-,A,D,0,,,,,Y,,A,07,0,0,3,0,0,0,0,0,0,"- ","- ",37.462799072265625,-122.14546203613281,"SAN MATEO","MENLO PARK",-122.145263671875,37.463146209716797
91399657,2021,2021-02-01,9330,2021-01-25,1530,021594,,1,2,5,4116,0,1,2,,2,048,"US-101 NORTHBOUND TO SR-92 EASTBOUND",SR-92,1056.00,S,N,A,-,Y,,,101,,,,R,,N,N,4,0,1,2,A,-,03,22350,,N,C,C,A,A,H,-,A,D,0,,,,,Y,,D,22,0,0,1,0,0,0,0,0,0,"- ","- ",37.549690246582031,-122.29229736328125,"SAN MATEO","SAN MATEO",-122.29229736328125,37.549690246582031
91399959,2021,2021-02-01,9330,2021-01-25,1615,016184,,1,2,5,4116,0,1,3,,2,031,"SR-92 EASTBOUND TO W. HILLSDALE BLVD.","W. HILLSDALE BLVD.",400.00,W,N,A,-,Y,,,92,,,,R,,E,Y,4,0,1,1,A,-,01,23152,A,N,E,I,A,A,H,-,A,D,0,,,,,Y,Y,A,01,0,0,1,0,0,0,0,0,0,"- ","- ",37.531700134277344,-122.32929992675781,"SAN MATEO","SAN MATEO",-122.32929992675781,37.531700134277344
91400442,2021,2021-02-02,9330,2021-01-29,0355,022385,,5,3,9,4100,0,1,1,,2,044,"I-280 N/B","VISTA 3 UNDER-CROSSING",1584.00,N,N,B,-,Y,,,280,,,,,,N,Y,4,0,1,1,A,-,08,22107,,N,E,I,A,B,H,-,C,D,0,,,,,Y,,A,01,0,0,1,0,0,0,0,0,0,"- ","- ",37.500789642333984,-122.32218170166016,"SAN MATEO",UNINCORPORATED,-122.32217407226562,37.500846862792969
91403937,2021,2021-02-08,9125,2021-01-30,1110,021927,,6,1,5,4116,0,1,S,,2,038,"US-101 NB","DORE AVE.",700.00,S,N,A,-,Y,,,101,,,,,,N,N,4,0,1,2,A,-,03,22350,,N,C,C,A,A,D,-,A,D,0,,,,,Y,,A,01,0,0,1,0,0,0,0,0,0,"- ","- ",37.576541900634766,-122.31999969482422,"SAN MATEO","SAN MATEO",-122.32001495361328,37.576522827148438
91404936,2021,2021-02-09,9330,2021-02-02,2110,020646,,2,2,9,4100,0,1,3,,1,011,"SR 92 E/B","SR 35 (UPPER)",4224.00,W,N,B,-,Y,,,92,,,,,,E,Y,4,0,1,1,A,-,08,22107,,N,E,I,A,A,H,-,D,D,0,,,,,Y,,A,01,0,0,1,0,0,0,0,0,0,"- ","- ",37.485248565673828,-122.37127685546875,"SAN MATEO",UNINCORPORATED,-122.371337890625,37.485694885253906
91405689,2021,2021-02-10,9330,2021-02-03,1815,016184,,3,2,9,4100,0,1,3,,2,042,"SR-35 SOUTHBOUND","MEGANS LANE",111.00,N,N,B,-,Y,,,35,,,,,,S,Y,4,0,1,1,A,-,08,22107,,N,E,I,A,B,H,-,D,D,0,,,,,Y,,A,01,0,0,1,0,0,0,0,0,0,"- ","- ",37.442539215087891,-122.32586669921875,"SAN MATEO",UNINCORPORATED,-122.32591247558594,37.442489624023438
91405777,2021,2021-02-10,9335,2021-01-28,1500,022007,,4,2,6,4106,0,1,1,,2,021,"I-280 S/B","SAN PEDRO ROAD OVER-CROSSING",25.00,S,N,B,C,Y,,,280,,,,,,S,Y,4,0,1,1,A,-,08,22107,,N,E,I,A,B,H,-,A,D,0,,,,,Y,,A,01,0,0,1,0,0,0,0,0,0,"- ","- ",37.684638977050781,-122.47178649902344,"SAN MATEO","DALY CITY",-122.47152709960938,37.684627532958984
91405810,2021,2021-02-10,9330,2021-01-07,0454,022590,,4,3,5,4116,0,1,2,,2,048,"US-101 NORTHBOUND","EAST HILLSDALE BOULEVARD OVERCROSSING",975.00,S,N,A,-,Y,,,101,,,,,,N,Y,4,0,1,1,A,-,08,22107,,N,E,I,A,A,D,-,D,D,0,,,,,Y,,A,07,0,0,1,0,0,0,0,0,0,"- ","- ",37.542648315429688,-122.28594970703125,"SAN MATEO","SAN MATEO",-122.28600311279297,37.5426025390625
91406946,2021,2021-02-11,9330,2021-01-07,2125,022595,,4,2,9,4100,0,2,4,,1,051,"MIDDLEFIELD ROAD","5TH AVE",0.00,,Y,A,-,N,,,,,,,,,,Y,3,0,1,2,A,-,09,21801,A,N,D,C,A,A,H,-,C,A,0,,,,,Y,,A,07,0,1,0,0,0,0,0,0,0,"- ","- ",34.472061157226562,-122.20449066162109,"SAN MATEO",UNINCORPORATED,-122.20451354980469,37.472103118896484
91407064,2021,2021-02-11,9330,2021-02-05,2150,022207,,5,2,4,4120,0,1,3,,1,035,"SR-92 W/B","PIER 1",10560.00,E,N,A,-,Y,,,92,,,,,,W,Y,3,0,1,2,A,-,03,22350,,N,C,C,A,A,H,-,D,D,0,,,,,Y,,A,01,0,1,0,0,0,0,0,0,0,"- ","- ",37.594158172607422,-122.23239135742188,"SAN MATEO","FOSTER CITY",-122.23234558105469,37.594020843505859
91407366,2021,2021-02-12,9330,2021-02-03,2105,022589,,3,2,4,4104,0,1,2,,2,038,"US-101 SOUTHBOUND",BROADWAY,6336.00,S,N,A,-,Y,,,101,,,,,,S,Y,4,0,2,5,A,-,03,22350,,N,B,C,A,A,D,-,D,D,0,,,,,Y,,A,01,0,0,2,0,0,0,0,0,0,"- ","- ",37.586818695068359,-122.33930969238281,"SAN MATEO",BURLINGAME,-122.33930969238281,37.586769104003906
91408309,2021,2021-03-29,9335,2021-02-12,1540,022517,,5,2,6,4106,0,1,1,,2,020,"I-280 N/B","KING DRIVE UNDER CROSSING",1742.00,N,N,A,-,Y,,,280,,,,,,N,Y,4,0,1,2,A,-,03,22350,,N,C,C,A,A,H,-,A,D,0,,,,Y,Y,,F,55,0,0,1,0,0,0,0,0,0,"- ","- ",37.655719757080078,-122.45813751220703,"SAN MATEO","DALY CITY",-122.45822143554688,37.655612945556641
91408457,2021,2021-02-16,9330,2021-02-03,1910,020954,,3,2,9,4100,0,2,4,,1,051,"5TH AVENUE","PARK AVENUE",528.00,E,N,B,-,N,,,,,,,,,,Y,3,0,1,2,A,-,09,21804,A,N,D,C,A,A,H,-,C,D,0,,,,,Y,,D,22,0,1,0,0,0,0,0,0,0,"- ","- ",37.474739074707031,-122.20287322998047,"SAN MATEO",UNINCORPORATED,-122.2022705078125,37.475784301757812
91408459,2021,2021-02-16,9330,2021-02-06,1605,021594,,6,2,9,4100,0,1,3,,2,042,SR-35,SR-92,2112.00,S,N,A,-,Y,,,35,,,,,,,Y,3,0,1,1,A,-,03,22350,,N,F,A,A,A,H,-,A,D,0,,,Y,,Y,,C,02,0,1,0,0,0,0,0,0,1,"- ","- ",37.490310668945312,-122.36646270751953,"SAN MATEO",UNINCORPORATED,-122.36643981933594,37.490314483642578
91410025,2021,2021-02-17,9330,2021-02-11,1855,016184,,4,2,9,4100,0,1,1,,2,034,"I-280 NORTHBOUND","LARKSPUR DR.",400.00,N,N,B,C,Y,,,280,,,,,,N,Y,4,0,1,1,A,-,03,22350,,N,E,I,A,B,H,-,D,D,0,,,,,Y,,A,01,0,0,1,0,0,0,0,0,0,"- ","- ",37.597038269042969,-122.42018890380859,"SAN MATEO",UNINCORPORATED,-122.42021179199219,37.597011566162109
91410906,2021,2021-02-18,9330,2021-01-17,1021,022590,,7,1,5,4116,0,1,2,,2,048,"US-101 NORTHBOUND","EAST HILLSDALE BOULEVARD",4752.00,S,N,A,-,Y,,,101,,,,,,N,Y,3,0,1,2,A,-,08,22107,,N,B,C,A,A,D,-,A,D,0,,,,,Y,,A,01,0,1,0,0,0,0,0,0,0,"- ","- ",37.533618927001953,-122.27761840820312,"SAN MATEO","SAN MATEO",-122.27764129638672,37.533603668212891
91411025,2021,2021-02-22,9330,2021-02-06,1155,022212,,6,1,5,4116,0,1,2,,2,048,"US-101 N/B","HILLSDALE BLVD",450.00,S,N,A,-,Y,,,101,,,,,,N,Y,4,0,4,4,A,-,03,22350,,N,C,C,A,A,D,-,A,D,0,,,,,Y,,A,01,0,0,4,0,0,0,0,0,0,"- ","- ",37.542991638183594,-122.28636169433594,"SAN MATEO","SAN MATEO",-122.28634643554688,37.542999267578125
91411375,2021,2021-02-19,9330,2021-02-12,0310,022053,,5,3,4,4115,0,1,2,,2,048,"US-101 S/B TO HOLLY STREET OFF RAMP","HOLLY STREET",0.00,,N,B,-,Y,,,101,,,,R,,S,Y,4,0,1,1,A,-,08,22107,,N,E,I,A,B,H,-,D,D,0,,,,,Y,,A,07,0,0,1,0,0,0,0,0,0,"- ","- ",37.514739990234375,-122.25779724121094,"SAN MATEO","SAN CARLOS",-122.25779724121094,37.514739990234375
91412066,2021,2021-02-22,9335,2021-02-11,1635,022517,,4,2,6,4106,0,1,1,,2,021,"I-280 N/B","JUNIPERO SERRA BLVD OVER CROSSING",700.00,N,N,B,C,Y,,,280,,,,,,N,Y,2,0,1,3,A,-,08,22107,,N,B,C,A,B,H,-,A,D,0,,,,,Y,,A,07,1,0,0,0,0,0,0,0,0,"- ","- ",37.697608947753906,-122.47135162353516,"SAN MATEO","DALY CITY",-122.47124481201172,37.6976318359375
91412072,2021,2021-02-22,9335,2021-02-13,0815,022040,,6,1,6,4106,0,1,1,,2,021,"I-280 S/B","WASHINGTON STREET",210.00,S,N,C,-,Y,,,280,,,,,,S,Y,3,0,1,2,A,-,08,22107,,N,D,C,A,B,H,-,A,D,0,,,,,Y,,A,01,0,1,0,0,0,0,0,0,0,"- ","- ",37.687259674072266,-122.47138977050781,"SAN MATEO","DALY CITY",-122.47126007080078,37.687221527099609
91412079,2021,2021-02-22,9335,2021-02-17,1900,021424,,3,2,5,4117,0,1,2,,2,012,"US-101 S/B","OYSTER POINT BLVD",1700.00,N,N,A,-,Y,,,101,,,,,,S,Y,3,0,2,2,A,-,03,22350,,N,C,C,A,A,H,-,C,D,0,,,,,Y,,A,07,0,2,0,0,0,0,0,0,0,"- ","- ",37.667518615722656,-122.39501190185547,"SAN MATEO","SOUTH SAN FRANCISCO",-122.39505767822266,37.667564392089844
91412662,2021,2021-02-22,9330,2021-02-15,1145,022020,,1,1,9,4100,0,1,3,,1,011,SR-92,"PILARCITOS CREEK ROAD",1150.00,W,N,C,-,Y,,,92,,,,,,,Y,4,0,1,2,A,-,09,21804,A,N,D,C,A,B,H,-,A,D,0,,,,,Y,,A,01,0,0,1,0,0,0,0,0,0,"- ","- ",37.488029479980469,-122.39450836181641,"SAN MATEO",UNINCORPORATED,-122.39452362060547,37.488067626953125
91413590,2021,2021-02-23,9330,2021-02-07,0950,022279,,7,1,9,4100,0,1,3,,1,011,SR-92,"DIGGES CANYON RD",1056.00,E,N,A,-,Y,,,92,,,,,,,Y,4,0,2,2,A,-,09,21804,A,N,D,C,A,A,H,-,A,D,0,,,,,Y,,A,01,0,0,2,0,0,0,0,0,0,"- ","- ",37.479000091552734,-122.41030883789062,"SAN MATEO",UNINCORPORATED,-122.41030883789062,37.479000091552734
91414102,2021,2021-02-24,9330,2021-02-12,0445,022589,,5,3,9,4100,0,1,1,,2,054,"I-280 NORTHBOUND TO ALPINE ROAD","ALPINE ROAD",400.00,S,N,C,-,Y,,,280,,,,R,,N,Y,3,0,1,1,A,-,03,22350,,N,E,I,A,B,H,-,D,D,0,,,,,Y,,A,01,0,1,0,0,0,0,0,0,0,"- ","- ",37.409740447998047,-122.19319152832031,"SAN MATEO",UNINCORPORATED,-122.19319152832031,37.409740447998047
91414253,2021,2021-02-24,9330,2021-02-17,1529,019764,,3,2,4,4104,0,1,2,,2,038,"US-101 S/B",BROADWAY,1200.00,N,N,A,-,Y,,,,,,,,,,Y,4,0,2,4,A,-,07,21658,A,N,C,C,A,A,H,-,A,D,0,,,,,Y,,A,01,0,0,2,0,0,0,0,0,0,"- ","- ",37.592731475830078,-122.26555633544922,"SAN MATEO",BURLINGAME,-122.36480712890625,37.592269897460938
91414537,2021,2021-02-24,9330,2021-02-18,1722,019764,,4,2,5,4116,0,1,2,,2,038,"US-101 S/B FROM 3RD AVE.","3RD AVE.",40.00,N,N,B,-,Y,,,101,,,,R,,S,Y,3,0,1,1,A,-,01,23152,A,N,E,I,A,A,H,-,A,D,0,,,,,Y,Y,A,01,0,1,0,0,0,0,0,0,0,"- ","- ",37.570838928222656,-122.31446075439453,"SAN MATEO","SAN MATEO",-122.31446075439453,37.570838928222656
91414551,2021,2021-02-24,9335,2021-02-24,0808,017995,,3,1,9,4100,0,1,2,,2,011,"101 N/B FROM SFO DOMESTIC TERMINAL","US-101 S/B FROM SFO INTER. TERMINAL",30.00,N,N,A,-,Y,,,,,,,,,,Y,4,0,4,2,A,-,03,22350,,N,C,C,A,A,H,-,A,A,0,,,,,Y,,A,07,0,0,4,0,0,0,0,0,0,"- ","- ",37.614730834960938,-122.39700317382812,"SAN MATEO",UNINCORPORATED,,
91414937,2021,2021-02-25,9330,2021-02-18,0713,022244,,4,1,9,4100,0,2,4,,1,051,"MIDDLEFIELD RD","DUMBARTON AVE",125.00,N,N,A,-,N,,,,,,,,,,N,4,0,1,2,A,-,08,22107,,N,B,C,A,A,H,-,A,D,0,,,,,Y,,D,22,0,0,1,0,0,0,0,0,0,"- ","- ",37.475360870361328,-122.20957946777344,"SAN MATEO",UNINCORPORATED,-122.20943450927734,37.475383758544922
91421488,2021,2021-03-05,9330,2021-02-25,1415,021953,,4,2,9,4100,0,1,3,,1,021,"SR-84 (LA HONDA ROAD)",SEQUOIA,1584.00,W,N,A,-,N,,,84,,,,,,,Y,4,0,1,1,A,-,08,22107,,N,E,I,A,A,H,-,A,D,0,,,,,Y,,A,01,0,0,1,0,0,0,0,0,0,"- ","- ",37.363620758056641,-122.26039123535156,"SAN MATEO",UNINCORPORATED,-122.26042938232422,37.363563537597656
91422116,2021,2021-03-08,9330,2021-02-26,0803,022279,,5,1,5,4113,0,1,2,,2,048,"US-101 S/B","WHIPPLE AVE",10.00,S,N,A,-,Y,,,101,,,,,,S,Y,3,0,1,1,A,-,03,22350,,N,F,A,A,A,A,D,A,D,0,,,Y,,Y,,C,02,0,1,0,0,0,0,0,0,1,"- ","- ",37.496208190917969,-122.23297882080078,"SAN MATEO","REDWOOD CITY",-122.23297882080078,37.496223449707031
91422181,2021,2021-03-08,9330,2021-02-25,1710,020207,,4,2,9,4100,0,3,5,,2,001,"SR-35 (SKYLINE BLVD.)",SR-92,2112.00,N,N,A,-,Y,,,35,,,,,,,N,3,0,1,2,A,-,09,21801,A,N,H,G,A,A,H,-,A,D,0,,Y,,,Y,,D,22,0,1,0,0,0,0,1,0,0,"- ","- ",37.5177001953125,-122.35500335693359,"SAN MATEO",UNINCORPORATED,-122.35494995117188,37.517723083496094
91422191,2021,2021-03-08,9330,2021-02-27,0945,022101,,6,1,4,4120,0,1,3,,1,035,"SR-92 E/B","PIER ONE",3168.00,E,N,A,-,Y,,,92,,,,,,E,Y,4,0,1,2,A,-,03,22350,,N,C,C,A,A,H,-,A,D,0,,,,,Y,,A,07,0,0,1,0,0,0,0,0,0,"- ","- ",37.580459594726562,-122.25496673583984,"SAN MATEO","FOSTER CITY",-122.25492095947266,37.580406188964844
91422260,2021,2021-03-08,9330,2021-02-26,1720,022524,,5,2,5,4116,0,1,2,,2,048,"US-101 N/B FROM E. HILLSDALE BLVD. W/B","E. HILLSDALE BLVD",1056.00,N,N,A,-,Y,,,101,,,,R,,N,N,4,0,1,2,A,-,08,22107,,N,B,D,A,A,D,-,A,D,0,,,,,Y,,A,01,0,0,1,0,0,0,0,0,0,"- ","- ",37.547019958496094,-122.28994750976562,"SAN MATEO","SAN MATEO",-122.28994750976562,37.547019958496094
91424447,2021,2021-03-10,9330,2021-02-26,2345,022381,,5,3,9,4100,0,3,5,,2,407,"JEFFERSON AVENUE","CALIFORNIA WAY",0.00,,Y,A,-,N,,,,,,,,,,Y,4,0,1,2,A,-,06,21750,,M,B,C,A,A,H,-,D,D,0,,,,,Y,,D,22,0,0,1,0,0,0,0,0,0,"- ","- ",37.45703125,-122.26779937744141,"SAN MATEO",UNINCORPORATED,-122.26776885986328,37.457038879394531
91424962,2021,2021-03-11,9330,2021-03-02,0805,022590,,2,1,5,4113,0,1,2,,2,048,"US-101 N/B","WHIPPLE AVE",200.00,S,N,A,-,Y,,,101,,,,,,N,Y,3,0,1,2,A,-,08,22107,,N,D,C,A,A,D,-,A,D,0,,,,,Y,,A,07,0,1,0,0,0,0,0,0,0,"- ","- ",37.496131896972656,-122.23224639892578,"SAN MATEO","REDWOOD CITY",-122.23223876953125,37.496158599853516