CASE_ID,ACCIDENT_YEAR,PROC_DATE,JURIS,COLLISION_DATE,COLLISION_TIME,OFFICER_ID,REPORTING_DISTRICT,DAY_OF_WEEK,CHP_SHIFT,POPULATION,CNTY_CITY_LOC,SPECIAL_COND,BEAT_TYPE,CHP_BEAT_TYPE,CITY_DIVISION_LAPD,CHP_BEAT_CLASS,BEAT_NUMBER,PRIMARY_RD,SECONDARY_RD,DISTANCE,DIRECTION,INTERSECTION,WEATHER_1,WEATHER_2,STATE_HWY_IND,CALTRANS_COUNTY,CALTRANS_DISTRICT,STATE_ROUTE,ROUTE_SUFFIX,POSTMILE_PREFIX,POSTMILE,LOCATION_TYPE,RAMP_INTERSECTION,SIDE_OF_HWY,TOW_AWAY,COLLISION_SEVERITY,NUMBER_KILLED,NUMBER_INJURED,PARTY_COUNT,PRIMARY_COLL_FACTOR,PCF_CODE_OF_VIOL,PCF_VIOL_CATEGORY,PCF_VIOLATION,PCF_VIOL_SUBSECTION,HIT_AND_RUN,TYPE_OF_COLLISION,MVIW,PED_ACTION,ROAD_SURFACE,ROAD_COND_1,ROAD_COND_2,LIGHTING,CONTROL_DEVICE,CHP_ROAD_TYPE,PEDESTRIAN_ACCIDENT,BICYCLE_ACCIDENT,MOTORCYCLE_ACCIDENT,TRUCK_ACCIDENT,NOT_PRIVATE_PROPERTY,ALCOHOL_INVOLVED,STWD_VEHTYPE_AT_FAULT,CHP_VEHTYPE_AT_FAULT,COUNT_SEVERE_INJ,COUNT_VISIBLE_INJ,COUNT_COMPLAINT_PAIN,COUNT_PED_KILLED,COUNT_PED_INJURED,COUNT_BICYCLIST_KILLED,COUNT_BICYCLIST_INJURED,COUNT_MC_KILLED,COUNT_MC_INJURED,PRIMARY_RAMP,SECONDARY_RAMP,LATITUDE,LONGITUDE,COUNTY,CITY,POINT_X,POINT_Y
91537440,2021,2021-08-05,9330,2021-07-24,1325,021927,,6,1,9,4100,0,3,5,,2,509,"ALAMEDA DE LAS PULGAS","VALPARAISO  AVE.",0.00,,Y,A,-,N,,,,,,,,,,N,4,0,1,2,A,-,12,21453,A,N,D,G,A,A,H,-,A,A,0,,Y,,,Y,,D,22,0,0,1,0,0,0,1,0,0,"- ","- ",37.434120178222656,-122.20588684082031,"SAN MATEO",UNINCORPORATED,-122.20584106445312,37.434059143066406
91538581,2021,2021-08-06,9330,2021-08-04,1705,016184,,3,2,5,4116,0,1,2,,2,048,"US-101 NORTHBOUND","E. HILLSDALE BLVD",2640.00,S,N,A,-,Y,,,101,,,,,,N,Y,4,0,1,2,A,-,03,22350,,N,C,C,A,A,D,E,A,D,0,,,,,Y,,A,01,0,0,1,0,0,0,0,0,0,"- ","- ",37.540050506591797,-122.28360748291016,"SAN MATEO","SAN MATEO",-122.28359985351562,37.540058135986328
91538672,2021,2021-08-06,9330,2021-08-03,1331,016184,,2,1,9,4100,0,1,3,,1,011,"SR-92 WESTBOUND","DIGGES CANYON RD.",60.00,W,N,A,-,Y,,,,,,,,,,N,4,0,1,2,A,-,03,22350,,N,C,C,A,A,H,-,A,D,0,,,,,Y,,A,07,0,0,1,0,0,0,0,0,0,"- ","- ",37.478321075439453,-122.41602325439453,"SAN MATEO",UNINCORPORATED,-122.41391754150391,37.478244781494141
91538944,2021,2021-08-06,9330,2021-08-02,1620,022436,,1,2,5,4113,0,1,2,,2,048,"US-101 S/B","WHIPPLE AVENUE",3168.00,N,N,A,-,Y,,,101,,,,,,S,N,4,0,4,2,A,-,03,22350,,N,C,C,A,A,D,-,A,D,0,,,,,Y,,A,07,0,0,4,0,0,0,0,0,0,"- ","- ",37.501338958740234,-122.241943359375,"SAN MATEO","REDWOOD CITY",-122.24198913574219,37.501289367675781
91543196,2021,2021-08-12,9335,2021-07-02,1350,022241,,5,1,6,4106,0,1,1,,2,021,"I-280 N/B","THE SAN PEDRO ROAD OVERCROSSING",81.00,S,N,A,-,Y,,,280,,,,,,N,N,3,0,1,2,A,-,07,21658,A,M,B,C,A,A,H,-,A,D,0,,,,,Y,,-,99,0,1,0,0,0,0,0,0,0,"- ","- ",37.685070037841797,-122.47116851806641,"SAN MATEO","DALY CITY",-122.47135162353516,37.685081481933594
91543369,2021,2021-08-12,9330,2021-07-31,1500,022381,,6,2,5,4116,0,1,2,,2,038,"US-101 NB","DORE AVENUE",528.00,S,N,A,-,Y,,,101,,,,,,N,Y,4,0,1,2,A,-,03,22350,,N,C,C,A,A,D,-,A,D,0,,,,,Y,,A,07,0,0,1,0,0,0,0,0,0,"- ","- ",37.57672119140625,-122.32034301757812,"SAN MATEO","SAN MATEO",-122.32028961181641,37.576774597167969
91543436,2021,2021-08-12,9330,2021-07-31,2120,022185,,6,2,9,4100,0,3,5,,2,511,"SAND HILL ROAD","WHISKEY HILL ROAD",528.00,E,N,A,-,N,,,,,,,,,,N,4,0,1,1,A,-,08,22107,,N,E,I,A,A,H,-,D,D,0,,,,,Y,,A,08,0,0,1,0,0,0,0,0,0,"- ","- ",37.412960052490234,-122.23982238769531,"SAN MATEO",UNINCORPORATED,-122.23938751220703,37.413661956787109
91543683,2021,2021-08-12,9330,2021-08-01,1218,022595,,7,1,9,4100,0,1,3,,1,021,"SR-84 (LA HONDA ROAD)","SYLVAN WAY",1056.00,W,N,A,-,Y,,,84,,,,,,,N,3,0,1,2,A,-,05,21460,A,N,B,D,A,A,H,-,A,D,0,,,Y,,Y,,C,02,0,1,0,0,0,0,0,0,1,"- ","- ",37.318019866943359,-122.29476928710938,"SAN MATEO",UNINCORPORATED,-122.29476928710938,37.318019866943359
91544146,2021,2021-08-13,9330,2021-08-03,0125,022020,,2,3,9,4100,0,1,1,,2,034,"I-280 S/B","CRYSTAL SPRINGS ROAD U/C",2200.00,N,N,A,-,Y,,,280,,,,,,S,Y,4,0,2,1,A,-,08,22107,,N,E,I,A,A,H,-,D,D,0,,,,,Y,,A,08,0,0,2,0,0,0,0,0,0,"- ","- ",37.536991119384766,-122.36416625976562,"SAN MATEO",UNINCORPORATED,-122.36425018310547,37.536937713623047
91544275,2021,2021-08-13,9330,2021-08-03,1155,021628,,2,1,9,4100,0,1,3,,1,010,"SR-1 (CABRILLO HIGHWAY)","MIRAMAR DRIVE",10.00,S,N,A,-,Y,,,1,,,,,,,Y,4,0,1,3,A,-,03,22350,,N,C,C,A,A,D,-,A,D,0,,,,,Y,,A,01,0,0,1,0,0,0,0,0,0,"- ","- ",37.495220184326172,-122.45564270019531,"SAN MATEO",UNINCORPORATED,-122.45565032958984,37.495204925537109
91547334,2021,2021-08-17,9330,2021-08-09,1520,016184,,1,2,9,4100,0,3,5,,2,205,"KINGS MOUNTAIN RD.","HUDDART PARK",6864.00,W,N,A,-,N,,,,,,,,,,Y,3,0,2,1,A,-,03,22350,,N,E,I,A,A,H,-,A,D,0,,,,,Y,,A,01,0,2,0,0,0,0,0,0,0,"- ","- ",37.432598114013672,-122.29837036132812,"SAN MATEO",UNINCORPORATED,-122.29855346679688,37.432624816894531
91548191,2021,2021-08-18,9330,2021-08-07,1200,022524,,6,1,5,4116,0,1,2,,2,048,"US-101 N/B","E. HILLSDALE BOULEVARD",1056.00,S,N,A,-,Y,,,101,,,,,,N,N,4,0,1,2,A,-,03,22350,,N,C,C,A,A,D,-,A,D,0,,,,Y,Y,,F,26,0,0,1,0,0,0,0,0,0,"- ","- ",37.542140960693359,-122.28550720214844,"SAN MATEO","SAN MATEO",-122.28555297851562,37.542102813720703
91548461,2021,2021-08-19,9330,2021-08-08,2100,022185,,7,2,5,4116,0,1,2,,2,038,"US-101 N/B FROM FASHION ISLAND BLVD","FASHION ISLAND BOULEVARD",50.00,N,N,A,-,Y,,,101,,,,R,,N,N,3,0,1,1,A,-,01,23152,A,N,E,I,A,A,H,-,C,D,0,,,,,Y,Y,A,07,0,1,0,0,0,0,0,0,0,"- ","- ",37.553668975830078,-122.2938232421875,"SAN MATEO","SAN MATEO",-122.2938232421875,37.553668975830078
91552155,2021,2021-08-24,9330,2021-08-11,2330,022355,,3,3,5,4116,0,1,2,,2,038,"US-101 N/B","3RD AVENUE",1056.00,N,N,A,-,Y,,,101,,,,,,N,Y,2,0,3,2,A,-,01,23152,A,N,C,E,A,A,D,-,D,D,0,,,,,Y,Y,A,01,1,2,0,0,0,0,0,0,0,"- ","- ",37.573860168457031,-122.31717681884766,"SAN MATEO","SAN MATEO",-122.31715393066406,37.573883056640625
91553292,2021,2021-08-25,9330,2021-08-13,1255,022575,,5,1,4,4104,0,1,2,,2,038,"US-101 S/B",BROADWAY,2200.00,N,N,A,-,Y,,,101,,,,,,S,N,3,0,1,2,A,-,03,22350,,N,C,C,A,A,D,-,A,D,0,,,,Y,Y,,A,01,0,1,0,0,0,0,0,0,0,"- ","- ",37.594280242919922,-122.36784362792969,"SAN MATEO",BURLINGAME,-122.36785888671875,37.594245910644531
91554462,2021,2021-08-26,9330,2021-08-16,1135,022504,,1,1,9,4100,0,1,3,,1,011,"SR-92 WB","LEMOS FARM",2112.00,W,N,A,-,Y,,,92,,,,,,W,Y,4,0,1,2,A,-,08,22107,,N,B,C,A,A,H,-,A,D,0,,,,,Y,,A,07,0,0,1,0,0,0,0,0,0,"- ","- ",37.482959747314453,-122.40129852294922,"SAN MATEO",UNINCORPORATED,-122.40135192871094,37.482990264892578
91554554,2021,2021-08-26,9330,2021-08-17,2230,021630,,2,3,5,4113,0,1,2,,2,048,"US-101 N/B","WHIPPLE AVENUE",2640.00,N,N,A,-,Y,,,101,,,,,,N,N,4,0,2,2,A,-,03,22350,,N,C,D,A,A,D,-,C,D,0,,,,,Y,,A,01,0,0,2,0,0,0,0,0,0,"- ","- ",37.499469757080078,-122.23973083496094,"SAN MATEO","REDWOOD CITY",-122.23966217041016,37.499542236328125
91555497,2021,2021-08-26,9330,2021-08-16,1430,016184,,1,2,9,4100,0,1,3,,1,011,SR-92,SR-35,884.00,W,N,A,-,Y,,,92,,,,,,,Y,3,0,2,2,A,-,05,21460,A,N,A,C,A,A,H,-,A,D,0,,,,Y,Y,Y,A,01,0,2,0,0,0,0,0,0,0,"- ","- ",37.509929656982422,-122.35122680664062,"SAN MATEO",UNINCORPORATED,-122.35124969482422,37.509952545166016
91557409,2021,2021-08-27,9345,2021-08-20,1325,022705,,5,1,4,4109,0,1,3,,2,084,"SR-84 SOUTHBOUND","SAN MATEO/ALAMEDA COUNTY LINE",2640.00,S,N,A,-,Y,,,84,,,,,,S,Y,3,0,2,2,A,-,03,22350,,N,C,C,A,A,H,-,A,D,0,,,,,Y,,A,07,0,1,1,0,0,0,0,0,0,"- ","- ",37.501789093017578,-122.12480163574219,"SAN MATEO","MENLO PARK",-122.12478637695312,37.501773834228516
91560531,2021,2021-09-01,9330,2021-08-20,1800,022244,,5,2,5,4116,0,1,3,,2,031,"SR-92 EB","ALAMEDA DE LAS PULGAS",2112.00,W,N,B,-,Y,,,92,,,,,,E,Y,4,0,1,2,A,-,03,22350,,N,C,C,A,A,H,-,A,D,0,,,,,Y,,A,01,0,0,1,0,0,0,0,0,0,"- ","- ",37.543819427490234,-122.32811737060547,"SAN MATEO","SAN MATEO",-122.32809448242188,37.543788909912109
91563388,2021,2021-09-06,9335,2021-08-13,1645,022667,,5,2,6,4106,0,1,1,,2,021,"I-280 SB","SCHOOL STREET OVERCROSSING",80.00,S,N,B,-,Y,,,280,,,,,,S,Y,4,0,1,1,A,-,08,22107,,N,E,I,A,A,H,-,A,D,0,,,,,Y,,A,01,0,0,1,0,0,0,0,0,0,"- ","- ",37.693061828613281,-122.470458984375,"SAN MATEO","DALY CITY",-122.47055053710938,37.693058013916016
91563439,2021,2021-09-06,9335,2021-08-22,2146,022596,,7,2,6,4106,0,1,1,,2,021,"I-280 S/B","JOHN DALY BOULEVARD OVERCROSSING",1372.00,S,N,A,-,Y,,,280,,,,,,S,Y,4,0,1,1,A,-,01,23152,A,N,E,I,A,A,H,-,C,D,0,,,,,Y,Y,A,01,0,0,1,0,0,0,0,0,0,"- ","- ",37.700981140136719,-122.47209167480469,"SAN MATEO","DALY CITY",-122.47187805175781,37.701000213623047
91564192,2021,2021-09-07,9330,2021-08-25,0910,021979,,3,1,5,4116,0,1,3,,2,031,"SR-92 W/B TO US-101 S/B","E. HILLSDALE BLVD",4000.00,N,N,A,-,Y,,,92,,,,R,,W,N,3,0,1,3,A,-,03,22350,,N,C,C,A,A,H,-,A,D,0,,,,,Y,,A,07,0,1,0,0,0,0,0,0,0,"- ","- ",37.553501129150391,-122.29660034179688,"SAN MATEO","SAN MATEO",-122.29660034179688,37.553501129150391
91565813,2021,2021-09-09,9330,2021-08-01,1250,022524,,7,1,9,4100,0,1,3,,1,035,"I-280 N/B","CANADA ROAD",1056.00,S,N,A,-,Y,,,280,,,,,,N,Y,3,0,1,3,A,-,08,22107,,N,E,I,A,A,H,-,A,D,0,,,,,Y,,A,01,0,1,0,0,0,0,0,0,0,"- ","- ",37.457038879394531,-122.28840637207031,"SAN MATEO",UNINCORPORATED,-122.28841400146484,37.457035064697266
91566385,2021,2021-09-09,9330,2021-08-30,0735,022212,,1,1,4,4120,0,1,3,,2,031,"SR-92 W/B","FOSTER CITY BLVD",500.00,W,N,A,-,Y,,,92,,,,,,W,N,3,0,1,2,A,-,03,22350,,M,C,C,A,A,H,-,A,D,0,,,,,Y,Y,-,99,0,1,0,0,0,0,0,0,0,"- ","- ",37.563678741455078,-122.27365112304688,"SAN MATEO","FOSTER CITY",-122.27365112304688,37.563686370849609
91566593,2021,2021-09-09,9330,2021-08-27,0755,022524,,5,1,9,4100,0,2,4,,1,051,"MIDDLEFIELD ROAD","THIRD AVENUE",0.00,,Y,A,-,N,,,,,,,,,,Y,4,0,2,2,A,-,09,21802,A,N,D,C,A,A,D,-,A,A,0,,,,,Y,,A,07,0,0,2,0,0,0,0,0,0,"- ","- ",37.473201751708984,-122.20619201660156,"SAN MATEO",UNINCORPORATED,-122.20613861083984,37.473201751708984
91569490,2021,2021-09-14,9330,2021-08-21,0255,022185,,6,3,4,4104,0,1,2,,2,038,"US-101 S/B",BROADWAY,1584.00,S,N,A,-,Y,,,101,,,,,,S,Y,2,0,1,1,A,-,01,23152,A,N,E,I,A,A,D,-,C,D,0,,,,,Y,Y,A,07,1,0,0,0,0,0,0,0,0,"- ","- ",37.587989807128906,-122.35726928710938,"SAN MATEO",BURLINGAME,-122.35729217529297,37.587928771972656
91570315,2021,2021-09-15,9330,2021-09-04,1840,022436,,6,2,9,4100,0,1,1,,2,054,"I-280 N/B","ALPINE ROAD",319.00,N,N,A,-,Y,,,280,,,,,,N,Y,3,0,4,1,A,-,08,22107,,N,E,I,A,A,H,-,A,D,0,,,,,Y,,A,01,0,1,3,0,0,0,0,0,0,"- ","- ",37.409759521484375,-122.19586944580078,"SAN MATEO",UNINCORPORATED,-122.19589996337891,37.409660339355469
91571384,2021,2021-09-15,9330,2021-09-07,1336,019764,,2,1,9,4100,0,1,3,,1,011,SR-92,"PILARCITOS CREEK RD.",5808.00,W,N,A,-,N,,,,,,,,,,Y,3,0,1,1,A,-,03,22350,,N,F,I,A,A,H,-,A,D,0,,,Y,,Y,,C,02,0,1,0,0,0,0,0,0,1,"- ","- ",37.492271423339844,-122.40229034423828,"SAN MATEO",UNINCORPORATED,-122.40187072753906,37.482376098632812
91571446,2021,2021-09-16,9330,2021-08-31,2007,021662,,2,2,4,4115,0,1,2,,2,048,"US-101 N/B","HOLLY STREET",2598.00,S,N,A,-,Y,,,101,,,,,,N,Y,3,0,1,1,A,-,01,23152,A,N,F,8,A,A,D,-,D,D,0,,,,,Y,Y,D,22,0,1,0,0,0,0,0,0,0,"- ","- ",37.508628845214844,-122.24989318847656,"SAN MATEO","SAN CARLOS",-122.24991607666016,37.508602142333984
91575615,2021,2021-09-21,9330,2021-09-13,0910,022279,,1,1,5,4116,0,1,2,,2,048,"US-101 N/B",SR-92,1584.00,S,N,A,-,Y,,,101,,,,,,N,N,4,0,1,2,A,-,03,22350,,N,C,C,A,A,H,-,A,D,0,,,,,Y,,A,01,0,0,1,0,0,0,0,0,0,"- ","- ",37.549259185791016,-122.29248046875,"SAN MATEO","SAN MATEO",-122.29228210449219,37.549442291259766
91576372,2021,2021-09-22,9330,2021-09-10,1645,022590,,5,2,5,4113,0,1,2,,2,048,"US-101 S/B","MAPLE STREET",1050.00,N,N,A,-,Y,,,101,,,,,,S,Y,3,0,2,2,A,-,08,22107,,F,B,C,A,A,H,-,A,D,0,,,,,Y,,-,99,0,2,0,0,0,0,0,0,0,"- ","- ",37.494091033935547,-122.22569274902344,"SAN MATEO","REDWOOD CITY",-122.22568511962891,37.494106292724609
91576893,2021,2021-09-22,9330,2021-09-13,2225,022042,,1,3,5,4116,0,1,2,,2,048,"US-101 N/B","HILLSDALE BOULEVARD",2640.00,S,N,A,-,Y,,,101,,,,,,N,Y,4,0,2,1,A,-,08,22107,,N,E,I,A,A,D,-,C,D,0,,,,,Y,,A,01,0,0,2,0,0,0,0,0,0,"- ","- ",37.538200378417969,-122.28186798095703,"SAN MATEO","SAN MATEO",-122.28189086914062,37.538181304931641
91578766,2021,2021-09-24,9335,2021-09-08,2010,021916,,3,2,6,4106,0,1,1,,2,021,"SR-1 N/B TO EASTMOOR AVENUE","PROLONGATION OF JUNIPERO SERRA BLVD",975.00,S,N,A,-,Y,,,1,,,,R,,N,Y,3,0,1,1,A,-,08,22107,,N,E,I,A,A,H,-,C,D,0,,,Y,,Y,,C,02,0,1,0,0,0,0,0,0,1,"- ","- ",37.681110382080078,-122.47109985351562,"SAN MATEO","DALY CITY",-122.47109985351562,37.681110382080078
91578873,2021,2021-09-24,9330,2021-09-15,1614,019764,,3,2,4,4120,0,1,3,,1,035,"SR-92 W/B","FOSTER CITY BLVD.",13200.00,E,N,A,-,Y,,,92,,,,,,W,Y,4,0,1,1,A,-,08,22107,,N,E,I,A,A,H,-,A,D,0,,,,,Y,,A,07,0,0,1,0,0,0,0,0,0,"- ","- ",37.600650787353516,-122.21073150634766,"SAN MATEO","FOSTER CITY",-122.21068572998047,37.600509643554688
91579160,2021,2021-09-24,9335,2021-09-14,0829,017995,,2,1,9,4100,0,1,2,,2,011,"US-101 S/B FROM SFO CONNECTOR","SFO OFF-RAMP",90.00,N,N,A,-,Y,,,101,,,,R,,S,N,3,0,1,2,A,-,08,22107,,N,B,C,A,A,H,-,A,D,0,,,,,Y,,A,01,0,1,0,0,0,0,0,0,0,"- ","- ",37.618110656738281,-122.39939117431641,"SAN MATEO",UNINCORPORATED,-122.39939117431641,37.618110656738281
91579312,2021,2021-09-24,9330,2021-08-29,1745,022590,,7,2,5,4113,0,1,2,,2,048,"US-101 S/B TO SR-84 (WOODSIDE ROAD)",BROADWAY,260.00,E,N,A,-,Y,,,101,,,,R,,S,Y,4,0,2,4,A,-,03,22350,,N,C,C,A,A,H,-,A,A,0,,,,,Y,,D,22,0,0,2,0,0,0,0,0,0,"- ","- ",37.487819671630859,-122.21425628662109,"SAN MATEO","REDWOOD CITY",-122.21425628662109,37.487819671630859
91580181,2021,2021-09-27,9335,2021-09-18,0455,022525,,6,3,2,4103,0,1,2,,2,012,"US-101 NB","ALANA WAY UNDERCROSSING",3221.00,S,N,B,-,Y,,,101,,,,,,N,Y,4,0,3,2,A,-,03,22350,,N,C,C,A,A,H,-,D,D,0,,,,,Y,,A,07,0,0,3,0,0,0,0,0,0,"- ","- ",37.700160980224609,-122.39299011230469,"SAN MATEO",BRISBANE,-122.39301300048828,37.700153350830078
91580187,2021,2021-09-27,9335,2021-09-17,2328,022596,,5,3,5,4117,0,1,2,,2,012,"US-101 S/B","I-380 W/B FROM N. ACCESS ROAD",647.00,N,N,A,-,Y,,,101,,,,,,S,Y,4,0,1,2,A,-,03,22350,,N,C,C,A,A,H,-,C,D,0,,,,,Y,,A,07,0,0,1,0,0,0,0,0,0,"- ","- ",37.637798309326172,-122.40487670898438,"SAN MATEO","SOUTH SAN FRANCISCO",-122.40479278564453,37.637840270996094
91582042,2021,2021-09-28,9335,2021-09-19,0005,022326,,7,3,9,4100,0,1,2,,2,011,"US-101 N/B TO SFO INTERNATIONAL TERMINAL","MILLBRAE AVENUE",4435.00,N,N,C,-,Y,,,101,,,,R,,N,Y,2,0,1,1,A,-,01,23152,A,N,E,I,A,B,H,-,C,D,0,,,,,Y,Y,A,08,1,0,0,0,0,0,0,0,0,"- ","- ",37.610561370849609,-122.39199066162109,"SAN MATEO",UNINCORPORATED,-122.39199066162109,37.610561370849609
91585508,2021,2021-10-01,9330,2021-09-21,1215,020289,,2,1,9,4100,0,1,1,,2,054,"I-280 S/B","SR-84 (WOODSIDE ROAD)",1584.00,S,N,A,-,Y,,,,,,,,,,N,2,0,1,1,A,-,08,22107,,N,F,A,A,A,H,-,A,D,0,,,Y,,Y,,C,02,1,0,0,0,0,0,0,0,1,"- ","- ",37.431819915771484,-122.23928070068359,"SAN MATEO",UNINCORPORATED,-122.24191284179688,37.434059143066406
91588018,2021,2021-10-05,9330,2021-09-23,2140,022394,,4,2,5,4116,0,1,2,,2,048,"US-101 N/B TO SR-92 E/B",SR-92,528.00,S,N,A,-,Y,,,101,,,,R,,N,N,3,0,1,1,A,-,08,22107,,N,E,I,A,A,H,-,D,D,0,,,,,Y,,A,01,0,1,0,0,0,0,0,0,0,"- ","- ",37.553310394287109,-122.29257965087891,"SAN MATEO","SAN MATEO",-122.29257965087891,37.553310394287109
91588035,2021,2021-10-05,9335,2021-09-12,1900,022007,,7,2,5,4117,0,1,2,,2,012,"US-101 FROM NORTH ACCESS ROAD","S. AIRPORT BLVD UNDER-CROSSING",303.00,E,N,A,-,Y,,,,,,,,,,Y,3,0,1,1,A,-,08,22107,,N,E,I,A,A,H,-,A,D,0,,,,,Y,,A,07,0,1,0,0,0,0,0,0,0,"- ","- ",37.638671875,-122.39968872070312,"SAN MATEO","SOUTH SAN FRANCISCO",-122.40658569335938,37.649600982666016
91589060,2021,2021-10-06,9330,2021-09-25,0435,022185,,6,3,4,4115,0,1,2,,2,048,"US-101 N/B","HOLLY STREET",4224.00,S,N,A,-,Y,,,101,,,,,,N,Y,4,0,1,2,A,-,03,22350,,N,C,C,A,A,D,-,D,D,0,,,,Y,Y,,A,01,0,0,1,0,0,0,0,0,0,"- ","- ",37.505329132080078,-122.24611663818359,"SAN MATEO","SAN CARLOS",-122.24617004394531,37.505275726318359
91590434,2021,2021-10-07,9330,2021-09-26,0115,022394,,7,3,9,4100,0,1,3,,1,021,"SR-84 (LA HONDA ROAD)","MADERA LANE",1584.00,E,N,A,-,Y,,,84,,,,,,,Y,2,0,1,1,A,-,08,22107,,N,F,A,A,A,H,-,D,D,0,,,,,Y,,D,22,1,0,0,0,0,0,0,0,0,"- ","- ",37.316558837890625,-122.33162689208984,"SAN MATEO",UNINCORPORATED,-122.33157348632812,37.316627502441406
91590599,2021,2021-10-07,9330,2021-02-27,1935,022042,,6,2,9,4100,0,1,3,,1,020,"SR-1 (CABRILLO HIGHWAY)","DEHOFF CANYON ROAD",4224.00,S,N,A,-,Y,,,1,,,,,,,Y,1,1,2,2,A,-,01,23152,A,N,A,C,A,A,H,-,D,D,0,,,,,Y,Y,A,07,1,1,0,0,0,0,0,0,0,"- ","- ",37.411098480224609,-122.42239379882812,"SAN MATEO",UNINCORPORATED,-122.42237091064453,37.411106109619141
91591137,2021,2021-10-08,9330,2021-09-27,1636,022053,,1,2,9,4100,0,3,5,,2,505,"MIDDLEFIELD RD","FIRST STREET",0.00,,Y,A,-,N,,,,,,,,,,Y,4,0,2,2,A,-,09,21802,A,N,A,C,A,A,H,-,A,A,0,,,,,Y,,A,07,0,0,2,0,0,0,0,0,0,"- ","- ",37.474239349365234,-122.20771789550781,"SAN MATEO",UNINCORPORATED,-122.20772552490234,37.474254608154297
91592335,2021,2021-10-11,9335,2021-09-24,1805,022241,,5,2,9,4100,0,1,2,,2,010,"SFO VIADUCT","SAN BRUNO AVENUE OVERCROSSING",3360.00,S,N,A,-,Y,,,,,,,,,,Y,3,0,3,2,D,-,00,,,N,B,C,A,A,H,-,A,D,0,,,,,Y,,-,"- ",0,1,2,0,0,0,0,0,0,"- ","- ",37.622360229492188,-122.39996337890625,"SAN MATEO",UNINCORPORATED,,
91592644,2021,2021-10-11,9330,2021-09-23,1145,022595,,4,1,4,4104,0,1,2,,2,038,"US-101 N/B","ANZA BOULEVARD",300.00,N,N,A,-,Y,,,101,,,,,,N,Y,3,0,1,2,A,-,08,22107,,N,B,C,A,A,D,-,A,D,0,,,,Y,Y,,A,01,0,1,0,0,0,0,0,0,0,"- ","- ",37.587318420410156,-122.35296630859375,"SAN MATEO",BURLINGAME,-122.35296630859375,37.587333679199219
91593828,2021,2021-10-12,9335,2021-09-30,0015,021301,,4,3,5,4117,0,1,1,,2,021,"I-280 N/B","AVALON DRIVE UNDER-CROSSING",170.00,N,N,A,-,Y,,,280,,,,,,N,N,4,0,1,1,A,-,08,22107,,N,E,I,A,A,H,-,D,D,0,,,,,Y,,A,01,0,0,1,0,0,0,0,0,0,"- ","- ",37.640098571777344,-122.44229888916016,"SAN MATEO","SOUTH SAN FRANCISCO",-122.44228363037109,37.640117645263672
91593861,2021,2021-10-12,9330,2021-09-30,0745,022169,,4,1,5,4113,0,1,2,,2,058,"US-101 N/B","MARSH ROAD",1584.00,N,N,A,-,Y,,,101,,,,,,N,Y,4,0,1,2,A,-,03,22350,,N,C,C,A,A,H,-,A,D,0,,,,,Y,,A,01,0,0,1,0,0,0,0,0,0,"- ","- ",37.485210418701172,-122.18714904785156,"SAN MATEO","REDWOOD CITY",-122.18714904785156,37.485214233398438
91594640,2021,2021-10-13,9335,2021-10-04,1335,021957,,1,1,4,4114,0,1,1,,2,038,"I-380 W/B","CHERRY AVE. U/C",590.00,E,N,A,-,Y,,,380,,,,,,W,Y,4,0,1,3,A,-,03,22350,,N,C,C,A,A,H,-,A,D,0,,,,,Y,,A,07,0,0,1,0,0,0,0,0,0,"- ","- ",37.630680084228516,-122.42481231689453,"SAN MATEO","SAN BRUNO",-122.42479705810547,37.630649566650391
91595828,2021,2021-10-14,9335,2021-10-06,1150,021099,,3,1,9,4100,0,1,1,,2,021,"I280 S/B FROM HICKEY BLVD","THE SOUTH ROAD EDGE PROLONGATION OF HICKEY BLVD",500.00,S,N,B,-,Y,,,,,,,,,,N,3,0,1,2,A,-,07,21658,A,M,B,C,A,A,H,-,A,D,0,,,Y,,Y,Y,-,99,0,1,0,0,0,0,0,0,1,"- ","- ",37.662239074707031,-122.46591186523438,"SAN MATEO",UNINCORPORATED,,