CASE_ID,ACCIDENT_YEAR,PROC_DATE,JURIS,COLLISION_DATE,COLLISION_TIME,OFFICER_ID,REPORTING_DISTRICT,DAY_OF_WEEK,CHP_SHIFT,POPULATION,CNTY_CITY_LOC,SPECIAL_COND,BEAT_TYPE,CHP_BEAT_TYPE,CITY_DIVISION_LAPD,CHP_BEAT_CLASS,BEAT_NUMBER,PRIMARY_RD,SECONDARY_RD,DISTANCE,DIRECTION,INTERSECTION,WEATHER_1,WEATHER_2,STATE_HWY_IND,CALTRANS_COUNTY,CALTRANS_DISTRICT,STATE_ROUTE,ROUTE_SUFFIX,POSTMILE_PREFIX,POSTMILE,LOCATION_TYPE,RAMP_INTERSECTION,SIDE_OF_HWY,TOW_AWAY,COLLISION_SEVERITY,NUMBER_KILLED,NUMBER_INJURED,PARTY_COUNT,PRIMARY_COLL_FACTOR,PCF_CODE_OF_VIOL,PCF_VIOL_CATEGORY,PCF_VIOLATION,PCF_VIOL_SUBSECTION,HIT_AND_RUN,TYPE_OF_COLLISION,MVIW,PED_ACTION,ROAD_SURFACE,ROAD_COND_1,ROAD_COND_2,LIGHTING,CONTROL_DEVICE,CHP_ROAD_TYPE,PEDESTRIAN_ACCIDENT,BICYCLE_ACCIDENT,MOTORCYCLE_ACCIDENT,TRUCK_ACCIDENT,NOT_PRIVATE_PROPERTY,ALCOHOL_INVOLVED,STWD_VEHTYPE_AT_FAULT,CHP_VEHTYPE_AT_FAULT,COUNT_SEVERE_INJ,COUNT_VISIBLE_INJ,COUNT_COMPLAINT_PAIN,COUNT_PED_KILLED,COUNT_PED_INJURED,COUNT_BICYCLIST_KILLED,COUNT_BICYCLIST_INJURED,COUNT_MC_KILLED,COUNT_MC_INJURED,PRIMARY_RAMP,SECONDARY_RAMP,LATITUDE,LONGITUDE,COUNTY,CITY,POINT_X,POINT_Y
91595857,2021,2021-11-15,9335,2021-10-10,2038,022596,,7,2,2,4103,0,1,2,,2,012,"US-101 S/B","ALANA WAY",621.00,S,N,A,-,Y,,,101,,,,,,S,Y,3,0,1,1,A,-,08,22107,,N,E,I,A,A,H,-,C,D,0,,,,,Y,,A,01,0,1,0,0,0,0,0,0,0,"- ","- ",37.707111358642578,-122.39478302001953,"SAN MATEO",BRISBANE,-122.39484405517578,37.707096099853516
91596239,2021,2021-10-14,9330,2021-10-02,1510,022394,,6,2,9,4100,0,3,5,,2,004,"KINGS MOUNTAIN ROAD","SKYLINE TRAIL",500.00,E,N,A,-,N,,,,,,,,,,Y,3,0,1,1,A,-,08,22107,,N,E,J,A,D,H,-,A,D,0,,,,,Y,,A,01,0,1,0,0,0,0,0,0,0,"- ","- ",37.426689147949219,-122.305908203125,"SAN MATEO",UNINCORPORATED,-122.31224822998047,37.425434112548828
91596266,2021,2021-10-14,9330,2021-10-03,0110,022409,,7,3,9,4100,0,1,1,,2,034,"I-280 N/B","BUNKER HILL DRIVE",3000.00,S,N,A,-,Y,,,280,,,,,,N,N,4,0,2,1,A,-,08,22107,,N,E,I,A,A,H,-,D,D,0,,,,,Y,,A,01,0,0,2,0,0,0,0,0,0,"- ","- ",37.516048431396484,-122.35030364990234,"SAN MATEO",UNINCORPORATED,-122.35027313232422,37.516078948974609
91596410,2021,2021-10-14,9335,2021-08-16,1840,020991,,1,2,9,4100,0,3,5,,2,001,"GUADALUPE CANYON PKY","PRICE ST",3490.00,E,N,A,-,N,,,,,,,,,,Y,3,0,1,1,A,-,08,22107,,N,F,A,A,A,H,-,A,D,0,,,,,Y,,A,01,0,1,0,0,0,0,0,0,0,"- ","- ",37.701580047607422,-122.44846343994141,"SAN MATEO",UNINCORPORATED,-122.44859313964844,37.701534271240234
91596861,2021,2021-10-14,9330,2021-10-02,1305,022515,,6,1,9,4100,0,3,5,,2,005,"SR-82 (EL CAMINO REAL)","5TH AVENUE",0.00,,Y,A,-,N,,,82,,,,,,,N,4,0,1,2,D,-,00,,,N,A,C,A,A,H,-,A,B,0,,,,,Y,,-,"- ",0,0,1,0,0,0,0,0,0,"- ","- ",37.467189788818359,-122.20903778076172,"SAN MATEO",UNINCORPORATED,-122.20903778076172,37.467189788818359
91597264,2021,2021-10-15,9335,2021-09-05,2310,022187,,7,3,6,4106,0,1,1,,2,021,"I-280 N/B","THE JOHN DALY BOULEVARD OVER-CROSSING",1010.00,S,N,A,-,Y,,,280,,,,,,N,Y,3,0,1,2,A,-,07,21658,A,F,F,I,A,A,H,-,D,D,0,,,Y,,Y,,-,99,0,1,0,0,0,0,0,0,1,"- ","- ",37.702079772949219,-122.47135925292969,"SAN MATEO","DALY CITY",-122.47134399414062,37.702079772949219
91597379,2021,2021-10-15,9330,2021-10-05,1735,019764,,2,2,4,4104,0,1,2,,2,038,"US-101 S/B",BROADWAY,3168.00,N,N,A,-,Y,,,101,,,,,,S,N,4,0,1,2,A,-,03,22350,,N,C,C,A,A,H,-,A,D,0,,,,,Y,,D,22,0,0,1,0,0,0,0,0,0,"- ","- ",37.595928192138672,-122.37030029296875,"SAN MATEO",BURLINGAME,-122.37033843994141,37.595867156982422
91597836,2021,2021-10-15,9330,2021-10-05,0200,021630,,2,3,4,4104,0,1,2,,2,038,"US-101 S/B","MILLBRAE AVENUE",620.00,N,N,A,-,Y,,,,,,,,,,Y,3,0,1,3,A,-,01,23152,A,N,C,E,A,A,D,-,C,D,0,,,,,Y,Y,A,07,0,1,0,0,0,0,0,0,0,"- ","- ",37.603668212890625,-122.38247680664062,"SAN MATEO",BURLINGAME,-122.3819580078125,37.603446960449219
91598330,2021,2021-10-18,9335,2021-10-08,1625,022241,,5,2,6,4106,0,1,1,,2,021,"I-280 N/B","SCHOOL ST. OVERCROSSING",310.00,S,N,B,-,Y,,,280,,,,,,N,Y,4,0,2,2,A,-,03,22350,,N,C,C,A,A,H,-,A,D,0,,,,,Y,,A,01,0,0,2,0,0,0,0,0,0,"- ","- ",37.692451477050781,-122.47013854980469,"SAN MATEO","DALY CITY",-122.47032165527344,37.692447662353516
91599113,2021,2021-10-18,9330,2021-06-14,1720,020207,,1,2,4,4127,0,1,2,,2,058,"US-101 NB","EMBARCADERO ROAD",3168.00,N,N,A,-,Y,,,101,,,,,,N,Y,3,0,2,4,A,-,08,22107,,F,B,C,A,A,H,-,A,D,0,,,,,Y,,-,99,0,1,1,0,0,0,0,0,0,"- ","- ",37.454700469970703,-122.13086700439453,"SAN MATEO","EAST PALO ALTO",-122.13088226318359,37.454677581787109
91600482,2021,2021-10-19,9335,2021-10-16,0745,020972,,6,1,9,4100,0,1,3,,2,035,"SKYLINE BLVD N/B","OLYMPIC WAY",1000.00,N,N,B,-,Y,,,,,,,,,,Y,3,0,1,1,A,-,08,22107,,N,E,J,A,A,H,-,A,D,0,,,,,Y,,A,07,0,1,0,0,0,0,0,0,0,"- ","- ",37.704929351806641,-122.49794769287109,"SAN MATEO",UNINCORPORATED,-122.497802734375,37.704734802246094
91601145,2021,2021-10-20,9330,2021-10-08,1650,022394,,5,2,3,4110,0,1,2,,2,038,"US-101 S/B","MILLBRAE AVENUE",340.00,S,N,A,-,Y,,,101,,,,,,S,Y,2,0,1,2,A,-,03,22350,,N,C,C,A,A,D,-,A,D,0,,,,,Y,,A,01,1,0,0,0,0,0,0,0,0,"- ","- ",37.601829528808594,-122.37938690185547,"SAN MATEO",MILLBRAE,-122.37940216064453,37.601806640625
91602470,2021,2021-10-21,9330,2021-10-09,2155,022141,,6,2,9,4100,0,1,1,,2,054,"I-280 N/B","SR-84 (WOODSIDE ROAD)",2112.00,N,N,A,-,Y,,,,,,,,,,Y,2,0,1,1,C,-,18,,,N,H,A,A,A,H,-,D,D,0,,,,,Y,Y,-,"- ",1,0,0,0,0,0,0,0,0,"- ","- ",37.439441680908203,-122.24796295166016,"SAN MATEO",UNINCORPORATED,-122.24501037597656,37.437000274658203
91602659,2021,2021-10-21,9335,2021-10-15,1630,022241,,5,2,6,4106,0,1,1,,2,021,"I-280 N/B","SOUTH EDGE OF SCHOOL STREET OVERCROSSING",35.00,N,N,A,-,Y,,,280,,,,,,N,Y,4,0,1,4,A,-,03,22350,,N,C,C,A,A,H,-,A,D,0,,,,,Y,,A,01,0,0,1,0,0,0,0,0,0,"- ","- ",37.693378448486328,-122.47032165527344,"SAN MATEO","DALY CITY",-122.47032928466797,37.693378448486328
91602977,2021,2021-10-21,9335,2021-10-15,1800,022241,,5,2,9,4100,0,1,3,,2,040,"SR-1 N/B","1ST STREET",4062.00,N,N,A,-,Y,,,1,,,,,,N,Y,3,0,1,1,A,-,03,22350,,N,F,A,A,A,B,-,A,D,0,,,Y,,Y,,C,02,0,1,0,0,0,0,0,0,1,"- ","- ",37.557270050048828,-122.51361846923828,"SAN MATEO",UNINCORPORATED,-122.51363372802734,37.557247161865234
91604456,2021,2021-10-25,9335,2021-10-16,1715,022241,,6,2,4,4114,0,1,1,,2,038,"I-380 W/B TO EL CAMINO REAL","EL CAMINO REAL",50.00,E,N,A,-,Y,,,380,,,,R,,W,N,4,0,1,3,A,-,03,22350,,N,C,C,A,A,H,-,A,A,0,,,,,Y,,A,07,0,0,1,0,0,0,0,0,0,"- ","- ",37.634208679199219,-122.41941070556641,"SAN MATEO","SAN BRUNO",-122.41941070556641,37.634208679199219
91604615,2021,2021-12-27,9335,2021-09-23,1405,021916,,4,2,6,4106,0,1,1,,2,021,"I-280 S/B","SAN PEDRO ROAD OVERCROSSING",215.00,S,N,A,-,Y,,,280,,,,,,S,N,4,0,1,2,A,-,07,21658,A,M,B,C,A,A,H,-,A,D,0,,,,,Y,,A,01,0,0,1,0,0,0,0,0,0,"- ","- ",37.684261322021484,-122.47167205810547,"SAN MATEO","DALY CITY",-122.47154998779297,37.684253692626953
91606594,2021,2021-10-26,9330,2021-10-15,1425,022595,,5,2,4,4104,0,1,2,,2,038,"US-101 N/B","PENINSULA AVE",2275.00,N,N,A,-,Y,,,101,,,,,,N,Y,3,0,1,2,A,-,07,21658,A,F,B,C,A,A,D,-,A,D,0,,,,,Y,,-,99,0,1,0,0,0,0,0,0,0,"- ","- ",37.586898803710938,-122.33556365966797,"SAN MATEO",BURLINGAME,-122.33556365966797,37.586864471435547
91606972,2021,2021-10-26,9330,2021-10-17,1050,022212,,7,1,9,4100,0,3,5,,2,004,"CANADA ROAD",SR-92,5280.00,S,N,A,-,N,,,,,,,,,,N,4,0,1,1,A,-,03,22350,,N,F,A,A,A,H,-,A,D,0,,Y,,,Y,,L,04,0,0,1,0,0,0,1,0,0,"- ","- ",37.491771697998047,-122.32369232177734,"SAN MATEO",UNINCORPORATED,-122.32811737060547,37.498630523681641
91607452,2021,2021-10-27,9330,2021-10-16,1545,022589,,6,2,5,4116,0,1,2,,2,038,"US-101 N/B","PENINSULA AVE OVERCROSSING",150.00,S,N,A,-,Y,,,101,,,,,,N,Y,3,0,1,2,A,-,03,22350,,N,C,C,A,A,D,-,A,D,0,,,,,Y,,A,01,0,1,0,0,0,0,0,0,0,"- ","- ",37.583938598632812,-122.32817840576172,"SAN MATEO","SAN MATEO",-122.32810974121094,37.584014892578125
91609239,2021,2021-10-28,9330,2021-10-19,1400,016184,,2,2,9,4100,0,1,3,,1,011,"SR-92 E/B","LEMOS FARMS RD.",230.00,W,N,A,-,Y,,,92,,,,,,E,Y,4,0,1,2,A,-,09,21804,A,N,D,C,A,A,H,-,A,D,0,,,,,Y,,D,22,0,0,1,0,0,0,0,0,0,"- ","- ",37.479518890380859,-122.40854644775391,"SAN MATEO",UNINCORPORATED,-122.40859985351562,37.479648590087891
91609250,2021,2021-10-28,9335,2021-10-16,0924,019581,,6,1,4,4114,0,1,1,,2,020,"I-280 N/B","I-380 W/B TO I-280 S/B O/C",800.00,S,N,A,-,Y,,,280,,,,,,N,Y,4,0,2,2,A,-,08,22107,,N,B,C,A,A,H,-,A,D,0,,,,Y,Y,,A,07,0,0,2,0,0,0,0,0,0,"- ","- ",37.626731872558594,-122.43007659912109,"SAN MATEO","SAN BRUNO",-122.43012237548828,37.626693725585938
91610312,2021,2021-10-29,9335,2021-10-22,1805,022241,,5,2,6,4106,0,1,1,,2,021,"I-280 N/B TO 19TH AVENUE","THE JOHN DALY BOULEVARD OVERCROSSING",1247.00,S,N,A,-,Y,,,280,,,,R,,N,Y,4,0,1,2,A,-,03,22350,,N,C,C,A,A,H,-,A,D,0,,,,,Y,,A,01,0,0,1,0,0,0,0,0,0,"- ","- ",37.701450347900391,-122.47142028808594,"SAN MATEO","DALY CITY",-122.47142028808594,37.701450347900391
91610603,2021,2021-10-29,9335,2021-10-17,1715,022241,,7,2,4,4111,0,1,3,,2,041,"SR-1 S/B","GATEWAY DRIVE UNDERCROSSING",1175.00,S,N,B,C,Y,,,1,,,,,,S,Y,3,0,1,1,A,-,08,22107,,N,E,I,A,B,H,-,A,D,0,,,,,Y,,A,01,0,1,0,0,0,0,0,0,0,"- ","- ",37.662628173828125,-122.48448181152344,"SAN MATEO",PACIFICA,-122.48441314697266,37.662666320800781
91612848,2021,2021-11-02,9335,2021-10-16,0845,020972,,6,1,6,4106,0,1,1,,2,021,"I-280 NB TO HICKEY BL.","HICKEY BOULEVARD",870.00,S,N,A,-,Y,,,280,,,,R,,N,Y,4,0,1,2,A,-,03,22350,,N,B,C,A,A,H,-,A,D,0,,,,,Y,,A,07,0,0,1,0,0,0,0,0,0,"- ","- ",37.660728454589844,-122.46420288085938,"SAN MATEO","DALY CITY",-122.46420288085938,37.660728454589844
91613421,2021,2022-11-03,9330,2021-05-07,1332,022590,,5,1,9,4100,0,2,4,,1,051,"MIDDLEFIELD ROAD","FOURTH AVENUE",2.00,S,N,A,-,N,,,,,,,,,,N,2,0,2,3,A,-,10,21950,A,N,G,B,B,A,H,-,A,A,0,Y,,,,Y,,A,01,2,0,0,0,2,0,0,0,0,"- ","- ",37.472110748291016,-122.20449829101562,"SAN MATEO",UNINCORPORATED,-122.20533752441406,37.47265625
91615354,2021,2021-11-04,9330,2021-10-22,0559,022200,,5,3,9,4100,0,1,1,,2,034,"I-280 N/B","BUNKER HILL ROAD",1584.00,N,N,C,-,Y,,,280,,,,,,N,Y,2,0,2,2,A,-,03,22350,,N,C,C,A,B,F,-,D,D,0,,,,,Y,,-,"- ",1,1,0,0,0,0,0,0,0,"- ","- ",37.527988433837891,-122.35939025878906,"SAN MATEO",UNINCORPORATED,-122.35945892333984,37.527957916259766
91615885,2021,2021-11-04,9330,2021-10-23,0340,022409,,6,3,4,4104,0,1,2,,2,038,"US-101 SOUTHBOUND","MILLBRAE AVENUE",350.00,N,N,B,-,Y,,,,,,,,,,N,4,0,1,2,A,-,01,23152,A,N,C,C,A,A,H,-,C,B,0,,,,,Y,Y,A,01,0,0,1,0,0,0,0,0,0,"- ","- ",37.603118896484375,-122.38168334960938,"SAN MATEO",BURLINGAME,-122.38123321533203,37.602977752685547
91616012,2021,2021-11-04,9335,2021-10-24,0830,022032,,7,1,6,4106,0,1,1,,2,021,"I-280 N/B","SCHOOL ST",1500.00,N,N,C,-,Y,,,280,,,,,,N,Y,4,0,1,1,A,-,08,22107,,N,E,I,A,B,H,-,A,D,0,,,,,Y,,A,01,0,0,1,0,0,0,0,0,0,"- ","- ",37.697498321533203,-122.47099304199219,"SAN MATEO","DALY CITY",-122.47119140625,37.697425842285156
91616076,2021,2021-11-04,9335,2021-10-24,1130,020972,,7,1,5,4117,0,1,2,,2,012,"US 101 S/B","S. AIRPORT BOULEVARD",1000.00,S,N,C,-,Y,,,,,,,,,,Y,4,0,1,2,A,-,03,22350,,N,C,C,A,B,F,-,C,D,0,,,,,Y,,A,01,0,0,1,0,0,0,0,0,0,"- ","- ",37.646671295166016,-122.40656280517578,"SAN MATEO","SOUTH SAN FRANCISCO",-122.40669250488281,37.648017883300781
91616155,2021,2021-11-04,9335,2021-10-24,1455,022326,,7,2,6,4106,0,1,1,,2,021,"I-280 N/B","WASHINGTON STREET",65.00,N,N,C,-,Y,,,280,,,,,,N,Y,4,0,1,1,A,-,08,22107,,N,E,I,A,B,H,-,D,D,0,,,,,Y,,A,01,0,0,1,0,0,0,0,0,0,"- ","- ",37.688179016113281,-122.47084808349609,"SAN MATEO","DALY CITY",-122.47074890136719,37.688144683837891
91616397,2021,2021-11-04,9335,2021-10-24,2120,022667,,7,2,5,4117,0,1,2,,2,012,"US-101 N/B","SOUTH ROAD EDGE OF OYSTER POINT BLVD OVERCROSSING",55.00,N,N,C,-,Y,,,101,,,,,,N,Y,4,0,4,1,A,-,08,22107,,N,E,I,A,B,H,-,D,D,0,,,,,Y,,A,07,0,0,4,0,0,0,0,0,0,"- ","- ",37.663688659667969,-122.39891815185547,"SAN MATEO","SOUTH SAN FRANCISCO",-122.39898681640625,37.663787841796875
91616585,2021,2021-11-04,9330,2021-10-24,0640,022515,,7,1,9,4100,0,1,1,,2,044,I-280,"FARM HILL BOULEVARD",2428.00,S,N,C,-,Y,,,,,,,,,,N,3,0,2,1,A,-,03,22350,,N,E,I,A,B,H,-,D,D,0,,,,,Y,,A,01,0,2,0,0,0,0,0,0,0,"- ","- ",37.443458557128906,-122.25441741943359,"SAN MATEO",UNINCORPORATED,-122.26365661621094,37.443588256835938
91616689,2021,2021-11-05,9335,2021-10-24,2200,022271,,7,3,6,4106,0,1,1,,2,021,"I-280 N/B","WASHINGTON STREET",440.00,N,N,B,C,Y,,,280,,,,,,N,Y,4,0,1,2,A,-,03,22350,,N,C,C,A,B,F,-,C,D,0,,,,,Y,,A,07,0,0,1,0,0,0,0,0,0,"- ","- ",37.689170837402344,-122.47039794921875,"SAN MATEO","DALY CITY",-122.47042846679688,37.689174652099609
91616745,2021,2021-11-05,9330,2021-10-24,0145,022504,,7,3,5,4116,0,1,2,,2,038,"US-101 NB","KEHOE AVENUE",1056.00,S,N,C,-,Y,,,101,,,,,,N,Y,3,0,3,3,A,-,03,22350,,N,B,C,A,B,D,-,D,D,0,,,,,Y,,A,07,0,1,2,0,0,0,0,0,0,"- ","- ",37.560539245605469,-122.30254364013672,"SAN MATEO","SAN MATEO",-122.30258941650391,37.56048583984375
91617904,2021,2021-11-08,9335,2021-10-27,2215,021672,,3,3,5,4117,0,1,2,,2,012,"US-101 S/B","OYSTER POINT BLVD O/C",569.00,N,N,A,-,Y,,,101,,,,,,S,Y,3,0,3,3,A,-,03,22350,,N,C,C,A,A,H,-,C,D,0,,,,,Y,,A,07,0,2,1,0,0,0,0,0,0,"- ","- ",37.665088653564453,-122.39742279052734,"SAN MATEO","SOUTH SAN FRANCISCO",-122.39745330810547,37.665130615234375
91618362,2021,2021-11-08,9330,2021-10-27,1755,020215,,3,2,9,4100,0,1,3,,1,021,"SR-84 (LA HONDA ROAD)","OLD STAGE ROAD",1584.00,W,N,A,-,Y,,,84,,,,,,,Y,3,0,3,2,A,-,05,21460,A,N,A,C,A,A,H,-,D,D,0,,,,,Y,,A,01,0,1,2,0,0,0,0,0,0,"- ","- ",37.311050415039062,-122.281982421875,"SAN MATEO",UNINCORPORATED,-122.28193664550781,37.311088562011719
91619011,2021,2021-11-08,9335,2021-10-28,0840,019581,,4,1,4,4114,0,1,1,,2,020,"I-280 S/B","SNEATH LN.",2000.00,N,N,A,-,Y,,,280,,,,,,S,Y,3,0,2,2,A,-,03,22350,,N,C,C,A,A,H,-,A,D,0,,,,,Y,,A,01,0,2,0,0,0,0,0,0,0,"- ","- ",37.634971618652344,-122.43916320800781,"SAN MATEO","SAN BRUNO",-122.43907165527344,37.635009765625
91620817,2021,2021-11-09,9330,2021-09-29,1800,021594,,3,2,9,4100,0,3,5,,2,005,"SAND HILL ROAD W/B","LAWLER RANCH ROAD",0.00,,Y,A,-,N,,,,,,,,,,N,4,0,1,2,A,-,08,22107,,N,D,C,A,A,H,-,A,D,0,,,,,Y,,A,01,0,0,1,0,0,0,0,0,0,"- ","- ",37.418300628662109,-122.22537994384766,"SAN MATEO",UNINCORPORATED,-122.22532653808594,37.418148040771484
91623948,2021,2021-11-15,9330,2021-11-02,1820,019764,,2,2,5,4116,0,1,3,,2,031,"SR-92 E/B","DELAWARE ST",930.00,W,N,A,-,Y,,,92,,,,,,E,N,4,0,1,2,A,-,03,22350,,N,C,C,A,A,H,-,B,D,0,,,,,Y,,A,07,0,0,1,0,0,0,0,0,0,"- ","- ",37.552139282226562,-122.30867767333984,"SAN MATEO","SAN MATEO",-122.30866241455078,37.552101135253906
91626846,2021,2021-11-17,9330,2021-07-26,0105,022372,,1,3,4,4104,0,1,2,,2,038,"US-101 N/B TO BROADWAY",BROADWAY,528.00,N,N,A,-,Y,,,101,,,,R,,N,Y,3,0,1,2,A,-,08,22107,,N,D,E,A,A,D,-,E,D,0,,,,Y,Y,,A,01,0,1,0,0,0,0,0,0,0,"- ","- ",37.591690063476562,-122.36298370361328,"SAN MATEO",BURLINGAME,-122.36298370361328,37.591690063476562
91626906,2021,2021-11-17,9330,2021-11-05,0150,022409,,5,3,4,4109,0,1,2,,2,058,"101 S/B FROM E/B MARSH ROAD",US-101,320.00,W,N,A,-,Y,,,,,,,,,,N,4,0,1,1,A,-,01,23152,A,N,F,A,A,A,H,-,D,D,0,,,,,Y,Y,A,01,0,0,1,0,0,0,0,0,0,"- ","- ",37.482311248779297,-122.18083953857422,"SAN MATEO","MENLO PARK",,
91630127,2021,2021-11-19,9330,2021-11-08,0815,021628,,1,1,5,4116,0,1,3,,2,031,"SR-92 EASTBOUND","ALAMEDA DE LAS PULGAS",1584.00,W,N,A,-,Y,,,92,,,,,,E,Y,4,0,1,2,A,-,03,22350,,N,C,C,A,A,H,-,A,D,0,,,,,Y,,A,01,0,0,1,0,0,0,0,0,0,"- ","- ",37.544689178466797,-122.32698059082031,"SAN MATEO","SAN MATEO",-122.32695770263672,37.544662475585938
91630531,2021,2021-11-19,9330,2021-11-08,0700,021145,,1,1,5,4116,0,1,2,,2,038,"US-101 S/B",BROADWAY,6864.00,S,N,A,-,Y,,,101,,,,,,S,Y,3,0,1,2,A,-,03,22350,,N,C,C,A,A,H,-,A,D,0,,,,Y,Y,,A,01,0,1,0,0,0,0,0,0,0,"- ","- ",37.586711883544922,-122.33733367919922,"SAN MATEO","SAN MATEO",-122.33732604980469,37.586715698242188
91631303,2021,2021-11-22,9335,2021-10-25,0520,022416,,1,3,6,4106,0,1,1,,2,021,"I-280 N/B","SERRAMONTE BLVD",517.00,S,N,C,-,Y,,,280,,,,,,N,Y,4,0,1,1,A,-,08,22107,,N,E,I,A,B,H,-,D,D,0,,,,,Y,,A,01,0,0,1,0,0,0,0,0,0,"- ","- ",37.668251037597656,-122.46572875976562,"SAN MATEO","DALY CITY",-122.46563720703125,37.668270111083984
91632192,2021,2021-11-22,9335,2021-11-10,1925,020991,,3,2,5,4117,0,1,2,,2,012,"US-101 S/B","SAN BRUNO AVE OVERCROSSING",1761.00,S,N,A,-,Y,,,,,,,,,,Y,3,0,1,2,A,-,07,21658,A,N,B,C,A,A,H,-,C,D,0,,,,,Y,,A,01,0,1,0,0,0,0,0,0,0,"- ","- ",37.626369476318359,-122.40193939208984,"SAN MATEO","SOUTH SAN FRANCISCO",-122.40531158447266,37.763175964355469
91633629,2021,2021-11-23,9330,2021-11-12,0615,022306,,5,1,9,4100,0,1,3,,1,011,"SR-92 EASTBOUND","LOWER SR-35",3696.00,W,N,A,-,Y,,,92,,,,,,E,Y,3,0,1,2,A,-,03,22350,,N,E,I,A,B,H,-,A,D,0,,,,,Y,,A,01,0,1,0,0,0,0,0,0,0,"- ","- ",37.485740661621094,-122.37113952636719,"SAN MATEO",UNINCORPORATED,-122.37113952636719,37.4857177734375
91633718,2021,2021-11-23,9330,2021-11-11,1520,016184,,4,2,9,4100,0,3,5,,2,407,"EDGEWOOD ROAD","CRESTVIEW DR.",1056.00,W,N,A,-,N,,,,,,,,,,Y,4,0,1,2,A,-,08,22107,,N,B,G,A,A,H,-,A,D,0,,Y,,,Y,,A,01,0,0,1,0,0,0,1,0,0,"- ","- ",37.473739624023438,-122.28412628173828,"SAN MATEO",UNINCORPORATED,-122.28371429443359,37.473991394042969
91635340,2021,2021-11-25,9330,2021-11-13,1145,021927,,6,1,9,4100,0,3,5,,2,203,"STAGE RD.","POMPONIO CREEK RD.",5280.00,S,N,A,-,N,,,,,,,,,,N,3,0,1,1,A,-,03,22350,,N,F,A,A,B,G,-,A,D,0,,Y,,,Y,,L,04,0,1,0,0,0,0,1,0,0,"- ","- ",37.295341491699219,-122.38648223876953,"SAN MATEO",UNINCORPORATED,-122.38362884521484,37.296127319335938
91635366,2021,2021-11-26,9335,2021-11-14,0135,022596,,7,3,9,4100,0,1,2,,2,011,"US-101 S/B","AIRPORT ACCESS ROAD OVERCROSSING",67.00,N,N,A,-,Y,,,101,,,,,,S,Y,3,0,1,2,A,-,03,22350,,N,C,C,A,A,H,-,D,D,0,,,,,Y,,A,01,0,1,0,0,0,0,0,0,0,"- ","- ",37.614170074462891,-122.3973388671875,"SAN MATEO",UNINCORPORATED,-122.39731597900391,37.614189147949219
91635369,2021,2021-11-26,9335,2021-10-16,0130,022703,,6,3,5,4117,0,1,2,,2,012,"US-101 SOUTHBOUND","ALANA WAY",6178.00,S,N,A,-,Y,,,,,,,,,,Y,3,0,1,1,A,-,01,23152,A,N,F,A,A,A,H,-,D,D,0,,,,,Y,Y,A,01,0,1,0,0,0,0,0,0,0,"- ","- ",37.691070556640625,-122.39151763916016,"SAN MATEO","SOUTH SAN FRANCISCO",-122.39507293701172,37.708240509033203
91636203,2021,2021-11-29,9330,2021-11-15,0815,021628,,1,1,4,4120,0,1,3,,1,035,"SR-92 WESTBOUND","SUBSTATION 5",2640.00,E,N,B,-,Y,,,92,,,,,,W,Y,4,0,1,2,A,-,07,21658,A,M,B,C,A,A,H,-,A,D,0,,,,,Y,,-,99,0,0,1,0,0,0,0,0,0,"- ","- ",37.604408264160156,-122.19753265380859,"SAN MATEO","FOSTER CITY",-122.19753265380859,37.604427337646484
91636772,2021,2021-11-29,9330,2021-11-13,1130,022306,,6,1,9,4100,0,1,3,,1,010,SR-1,"ETHELDORE STREET",1584.00,S,N,A,-,Y,,,1,,,,,,,Y,2,0,1,2,A,-,08,22107,,N,F,A,A,A,H,-,A,D,0,,,Y,,Y,,D,22,1,0,0,0,0,0,0,0,1,"- ","- ",37.518291473388672,-122.50144195556641,"SAN MATEO",UNINCORPORATED,-122.50145721435547,37.518257141113281
91637257,2021,2021-11-29,9330,2021-11-13,0910,022515,,6,1,5,4116,0,1,3,,2,031,"US-101 S/B FROM SR-92 W/B",SR-92,330.00,N,N,A,-,Y,,,101,,,,R,,S,Y,3,0,1,1,A,-,03,22350,,N,F,0,A,A,H,-,A,D,0,,,Y,,Y,,C,02,0,1,0,0,0,0,0,0,1,"- ","- ",37.553939819335938,-122.29714965820312,"SAN MATEO","SAN MATEO",-122.29714965820312,37.553939819335938