CASE_ID,ACCIDENT_YEAR,PROC_DATE,JURIS,COLLISION_DATE,COLLISION_TIME,OFFICER_ID,REPORTING_DISTRICT,DAY_OF_WEEK,CHP_SHIFT,POPULATION,CNTY_CITY_LOC,SPECIAL_COND,BEAT_TYPE,CHP_BEAT_TYPE,CITY_DIVISION_LAPD,CHP_BEAT_CLASS,BEAT_NUMBER,PRIMARY_RD,SECONDARY_RD,DISTANCE,DIRECTION,INTERSECTION,WEATHER_1,WEATHER_2,STATE_HWY_IND,CALTRANS_COUNTY,CALTRANS_DISTRICT,STATE_ROUTE,ROUTE_SUFFIX,POSTMILE_PREFIX,POSTMILE,LOCATION_TYPE,RAMP_INTERSECTION,SIDE_OF_HWY,TOW_AWAY,COLLISION_SEVERITY,NUMBER_KILLED,NUMBER_INJURED,PARTY_COUNT,PRIMARY_COLL_FACTOR,PCF_CODE_OF_VIOL,PCF_VIOL_CATEGORY,PCF_VIOLATION,PCF_VIOL_SUBSECTION,HIT_AND_RUN,TYPE_OF_COLLISION,MVIW,PED_ACTION,ROAD_SURFACE,ROAD_COND_1,ROAD_COND_2,LIGHTING,CONTROL_DEVICE,CHP_ROAD_TYPE,PEDESTRIAN_ACCIDENT,BICYCLE_ACCIDENT,MOTORCYCLE_ACCIDENT,TRUCK_ACCIDENT,NOT_PRIVATE_PROPERTY,ALCOHOL_INVOLVED,STWD_VEHTYPE_AT_FAULT,CHP_VEHTYPE_AT_FAULT,COUNT_SEVERE_INJ,COUNT_VISIBLE_INJ,COUNT_COMPLAINT_PAIN,COUNT_PED_KILLED,COUNT_PED_INJURED,COUNT_BICYCLIST_KILLED,COUNT_BICYCLIST_INJURED,COUNT_MC_KILLED,COUNT_MC_INJURED,PRIMARY_RAMP,SECONDARY_RAMP,LATITUDE,LONGITUDE,COUNTY,CITY,POINT_X,POINT_Y
91637972,2021,2021-11-30,9335,2021-11-12,2145,022326,,5,2,5,4117,0,1,2,,2,012,"US-101 N/B","SOUTH AIRPORT BOULEVARD",2800.00,S,N,A,-,Y,,,101,,,,,,N,Y,3,0,1,2,A,-,07,21658,A,N,B,2,A,A,H,-,C,D,0,,,,,Y,,-,"- ",0,1,0,0,0,0,0,0,0,"- ","- ",37.642280578613281,-122.40586853027344,"SAN MATEO","SOUTH SAN FRANCISCO",-122.40594482421875,37.64227294921875
91638684,2021,2021-11-30,9330,2021-11-16,1845,022244,,2,2,5,4113,0,1,2,,2,058,"US-101 NB","WOODSIDE ROAD",528.00,S,N,A,-,Y,,,101,,,,,,N,Y,3,0,2,2,A,-,03,22350,,N,C,C,A,A,H,-,B,D,0,,,,,Y,,A,07,0,1,1,0,0,0,0,0,0,"- ","- ",37.488479614257812,-122.21089935302734,"SAN MATEO","REDWOOD CITY",-122.21089935302734,37.488498687744141
91642724,2021,2021-12-06,9330,2021-11-19,2005,022381,,5,2,4,4120,0,1,3,,1,035,"SR-92 EB (SAN MATEO/HAYWARD BRIDGE)","SUBSTATION 4",2112.00,W,N,B,-,Y,,,92,,,,,,E,Y,4,0,2,2,A,-,01,23152,A,N,C,2,A,B,H,-,C,D,0,,,,,Y,Y,A,01,0,0,2,0,0,0,0,0,0,"- ","- ",37.595420837402344,-122.22724914550781,"SAN MATEO","FOSTER CITY",-122.22724914550781,37.595424652099609
91647789,2021,2021-12-09,9335,2021-11-29,2220,022179,,1,3,5,4117,0,1,2,,2,012,"US-101 S/B","GRAND AVENUE UNDERCROSSING",2200.00,N,N,A,-,Y,,,101,,,,,,S,Y,3,0,2,3,A,-,01,23152,A,N,C,C,A,A,H,-,C,D,0,,,,,Y,Y,A,01,0,1,1,0,0,0,0,0,0,"- ","- ",37.660129547119141,-122.40438842773438,"SAN MATEO","SOUTH SAN FRANCISCO",-122.40442657470703,37.66015625
91647849,2021,2021-12-09,9330,2021-10-16,1944,022595,,6,2,4,4109,0,1,2,,2,058,"US-101 S/B","WILLOW ROAD",1584.00,N,N,A,-,Y,,,101,,,,,,S,Y,3,0,2,3,A,-,03,22350,,F,C,C,A,A,H,-,C,D,0,,,,,Y,Y,-,99,0,2,0,0,0,0,0,0,0,"- ","- ",37.471408843994141,-122.15966033935547,"SAN MATEO","MENLO PARK",-122.15969085693359,37.471359252929688
91648244,2021,2021-12-09,9335,2021-11-27,0650,022667,,6,1,6,4106,0,1,1,,2,021,"I-280 N/B","WASHINGTON ST. OVERCROSSING",410.00,N,N,A,-,Y,,,280,,,,,,N,Y,3,0,2,1,A,-,08,22107,,N,E,I,A,A,H,-,B,D,0,,,,,Y,,A,01,0,1,1,0,0,0,0,0,0,"- ","- ",37.689090728759766,-122.47052764892578,"SAN MATEO","DALY CITY",-122.47046661376953,37.689067840576172
91648749,2021,2021-12-10,9335,2021-11-18,1842,021886,,4,2,5,4117,0,1,2,,2,012,"US-101 S/B","SAN BRUNO AVE. O/C",2970.00,N,N,B,-,Y,,,101,,,,,,S,Y,4,0,1,2,A,-,07,21658,A,N,B,C,A,A,H,-,C,D,0,,,,,Y,,A,01,0,0,1,0,0,0,0,0,0,"- ","- ",37.639228820800781,-122.40557098388672,"SAN MATEO","SOUTH SAN FRANCISCO",-122.40545654296875,37.639270782470703
91649065,2021,2021-12-10,9335,2021-12-02,1605,021474,,4,2,9,4100,0,1,2,,2,011,"US-101 S/B","MILLBRAE AVE. O/C",1584.00,N,N,A,-,Y,,,101,,,,,,S,N,3,0,2,2,A,-,03,22350,,N,C,C,A,A,H,-,A,D,0,,,,,Y,,A,01,0,2,0,0,0,0,0,0,0,"- ","- ",37.605270385742188,-122.38478851318359,"SAN MATEO",UNINCORPORATED,-122.38478088378906,37.60528564453125
91650271,2021,2021-12-13,9335,2021-12-05,0300,022271,,7,3,6,4106,0,1,3,,2,041,"SR-1 S/B","SOUTHGATE AVE",1015.00,S,N,A,-,Y,,,1,,,,,,S,Y,4,0,1,2,A,-,03,22350,,N,C,C,A,A,H,-,C,D,0,,,,,Y,,A,01,0,0,1,0,0,0,0,0,0,"- ","- ",37.673271179199219,-122.47453308105469,"SAN MATEO","DALY CITY",-122.47450256347656,37.673252105712891
91651732,2021,2021-12-14,9330,2021-12-01,0216,022101,,3,3,5,4113,0,1,2,,2,058,"US-101 S/B FROM WOODSIDE ROAD E/B","WOODSIDE ROAD",140.00,S,N,A,-,Y,,,101,,,,R,,S,Y,3,0,1,1,B,-,22,,,N,E,I,A,A,H,-,C,D,0,,,,,Y,,J,48,0,1,0,0,0,0,0,0,0,"- ","- ",37.487869262695312,-122.21343231201172,"SAN MATEO","REDWOOD CITY",-122.21343231201172,37.487869262695312
91652669,2021,2021-12-15,9335,2021-12-03,1315,022667,,5,1,6,4106,0,1,1,,2,021,"I-280 N/B","SOUTH GATE AVE. UNDERCROSSING",25.00,S,N,B,-,Y,,,280,,,,,,N,Y,3,0,1,2,A,-,03,22350,,N,B,C,A,A,H,-,A,D,0,,,,,Y,,A,01,0,1,0,0,0,0,0,0,0,"- ","- ",37.675041198730469,-122.46916961669922,"SAN MATEO","DALY CITY",-122.46926116943359,37.674972534179688
91652843,2021,2021-12-15,9335,2021-12-08,1830,020991,,3,2,5,4117,0,1,2,,2,012,"US-101 S/B","BAYSHORE BLVD. O/C",77.00,S,N,A,-,Y,,,101,,,,,,S,Y,4,0,1,2,A,-,03,22350,,N,C,C,A,A,H,-,A,D,0,,,,,Y,,A,07,0,0,1,0,0,0,0,0,0,"- ","- ",37.670021057128906,-122.39260101318359,"SAN MATEO","SOUTH SAN FRANCISCO",-122.39266204833984,37.670074462890625
91653100,2021,2021-12-15,9335,2021-12-08,1800,021474,,3,2,2,4103,0,1,2,,2,012,"US-101 S/B","SIERRA POINT PKY U/C",3854.00,N,N,B,-,Y,,,101,,,,,,S,Y,4,0,2,2,A,-,03,22350,,N,C,C,A,B,H,-,C,D,0,,,,,Y,,A,07,0,0,2,0,0,0,0,0,0,"- ","- ",37.684368133544922,-122.38967132568359,"SAN MATEO",BRISBANE,-122.38971710205078,37.684360504150391
91654004,2021,2021-12-16,9330,2021-12-04,0840,022515,,6,1,9,4100,0,1,3,,1,011,SR-92,"PILARCITOS QUARRY ROAD",62.00,E,N,B,-,Y,,,92,,,,,,,N,4,0,1,2,A,-,03,22350,,N,C,C,A,A,H,-,A,D,0,,,,,Y,,D,22,0,0,1,0,0,0,0,0,0,"- ","- ",37.4898681640625,-122.39089965820312,"SAN MATEO",UNINCORPORATED,-122.39092254638672,37.489925384521484
91655056,2021,2021-12-17,9330,2021-11-28,1920,022381,,7,2,4,4115,0,1,2,,2,048,"US-101 NB","HOLLY STREET OVERCROSSING",50.00,S,N,A,-,Y,,,101,,,,,,N,Y,4,0,1,2,A,-,01,23152,A,N,C,C,A,A,H,-,C,D,0,,,,,Y,Y,A,07,0,0,1,0,0,0,0,0,0,"- ","- ",37.513809204101562,-122.25588989257812,"SAN MATEO","SAN CARLOS",-122.25587463378906,37.513824462890625
91655628,2021,2021-12-20,9335,2021-12-09,1805,021474,,4,2,6,4106,0,1,1,,2,021,"I-280 N/B","HICKEY BLVD. U/C",895.00,N,N,A,-,Y,,,280,,,,,,N,N,4,0,1,2,A,-,03,22350,,N,C,C,A,A,H,-,D,D,0,,,,,Y,,A,01,0,0,1,0,0,0,0,0,0,"- ","- ",37.666141510009766,-122.46544647216797,"SAN MATEO","DALY CITY",-122.46556854248047,37.6661376953125
91656083,2021,2022-11-08,9330,2021-08-07,2308,022372,,6,3,3,4110,0,1,2,,2,038,"US-101 SOUTHBOUND","MILLBRAE AVENUE",50.00,N,N,A,-,Y,,,101,,,,,,S,N,1,1,0,2,A,-,00,21960,A,N,G,B,E,A,D,-,D,D,0,Y,,,,Y,,N,60,0,0,0,1,0,0,0,0,0,"- ","- ",37.602699279785156,-122.38092041015625,"SAN MATEO",MILLBRAE,-122.38087463378906,37.602767944335938
91656179,2021,2021-12-20,9335,2021-12-17,1515,021957,,5,2,6,4106,0,1,1,,2,021,"I-280 NB","JOHN DALY BLVD O/C",212.00,S,N,A,-,Y,,,280,,,,,,N,N,4,0,1,2,A,-,03,22350,,N,C,C,A,A,H,-,A,D,0,,,,,Y,,A,01,0,0,1,0,0,0,0,0,0,"- ","- ",37.704280853271484,-122.47148132324219,"SAN MATEO","DALY CITY",-122.47129821777344,37.704265594482422
91656223,2021,2021-12-20,9330,2021-12-09,1530,022575,,4,2,5,4116,0,1,2,,2,048,"US-101 N/B","E. HILLSDALE BOULEVARD",2200.00,S,N,A,-,Y,,,101,,,,,,N,Y,4,0,1,1,A,-,08,22107,,N,E,I,A,A,D,-,A,D,0,,,,,Y,,A,01,0,0,1,0,0,0,0,0,0,"- ","- ",37.539600372314453,-122.282958984375,"SAN MATEO","SAN MATEO",-122.2830810546875,37.53948974609375
91656400,2021,2021-12-20,9330,2021-12-09,1500,022381,,4,2,4,4120,0,1,3,,1,035,"SR-92 EB (SAN MATEO/HAYWARD BRIDGE)","TURNOUT 1",7392.00,W,N,A,-,Y,,,92,,,,,,E,Y,3,0,1,4,A,-,03,22350,,N,C,C,A,A,H,-,A,D,0,,,,,Y,,D,22,0,1,0,0,0,0,0,0,0,"- ","- ",37.578048706054688,-122.2576904296875,"SAN MATEO","FOSTER CITY",-122.25762176513672,37.577972412109375
91657284,2021,2021-12-21,9335,2021-12-19,0300,022179,,7,3,4,4102,0,1,S,,2,904,"US-101 S/B","O'NEILL PEDESTRIAN O/C",68.00,S,N,B,-,Y,,,101,,,,,,S,Y,3,0,1,1,A,-,01,23152,A,N,E,I,A,A,H,-,C,D,0,,,,,Y,Y,A,01,0,1,0,0,0,0,0,0,0,"- ","- ",37.527801513671875,-122.27217864990234,"SAN MATEO",BELMONT,-122.27207946777344,37.527912139892578
91657550,2021,2021-12-21,9335,2021-12-15,1723,022186,,3,2,5,4117,0,1,2,,2,012,"US-101 N/B","SOUTH AIRPORT BOULEVARD",2605.00,S,N,C,-,Y,,,101,,,,,,N,Y,3,0,2,3,A,-,08,22107,,N,D,C,A,B,H,-,C,D,0,,,,,Y,,A,07,0,1,1,0,0,0,0,0,0,"- ","- ",37.642780303955078,-122.40602111816406,"SAN MATEO","SOUTH SAN FRANCISCO",-122.40599822998047,37.642784118652344
91659819,2021,2021-12-23,9335,2021-11-09,1940,021424,,2,2,5,4117,0,1,2,,2,012,"US-101 S/B","S. AIRPORT BLVD",3500.00,S,N,B,-,Y,,,101,,,,,,S,Y,4,0,1,3,A,-,08,22107,,F,C,C,A,A,H,-,C,A,0,,,,,Y,,-,99,0,0,1,0,0,0,0,0,0,"- ","- ",37.640411376953125,-122.40598297119141,"SAN MATEO","SOUTH SAN FRANCISCO",-122.40587615966797,37.640438079833984
91660162,2021,2021-12-23,9330,2021-12-11,1140,022515,,6,1,5,4116,0,1,2,,2,048,"US-101 NORTHBOUND",SR-92,2217.00,S,N,A,-,Y,,,101,,,,,,N,N,4,0,1,2,A,-,03,22350,,N,C,C,A,A,D,-,D,D,0,,,,,Y,,A,01,0,0,1,0,0,0,0,0,0,"- ","- ",37.548069000244141,-122.29115295410156,"SAN MATEO","SAN MATEO",-122.29105377197266,37.548160552978516
91660222,2021,2021-12-23,9330,2021-07-14,2500,021942,,3,4,9,4100,0,1,3,,1,020,"SR-1 (CABRILLO HIGHWAY)","PESCADERO BEACH STATE PARK",2300.00,N,N,B,-,Y,,,1,,,,,,,Y,1,1,0,1,A,-,08,22107,,N,E,I,A,A,H,-,D,D,0,,,,,Y,,A,07,0,0,0,0,0,0,0,0,0,"- ","- ",37.280040740966797,-122.40873718261719,"SAN MATEO",UNINCORPORATED,-122.40821075439453,37.279983520507812
91660271,2021,2021-12-23,9330,2021-12-13,0655,021628,,1,1,9,4100,0,1,1,,2,044,"I-280 SOUTHBOUND",SR-92,3696.00,S,N,B,C,Y,,,280,,,,,,S,Y,4,0,1,1,A,-,03,22350,,N,E,I,A,B,H,-,B,D,0,,,,,Y,,A,01,0,0,1,0,0,0,0,0,0,"- ","- ",37.500720977783203,-122.32785034179688,"SAN MATEO",UNINCORPORATED,-122.32788848876953,37.500572204589844
91660657,2021,2021-12-23,9330,2021-12-13,1605,022053,,1,2,9,4100,0,1,1,,2,054,"I-280 N/B","SAND HILL ROAD",2112.00,S,N,C,-,Y,,,280,,,,,,N,Y,4,0,1,1,A,-,03,22350,,N,E,I,A,B,H,-,D,D,0,,,,,Y,,A,07,0,0,1,0,0,0,0,0,0,"- ","- ",37.416431427001953,-122.21131134033203,"SAN MATEO",UNINCORPORATED,-122.21128082275391,37.416461944580078
91660754,2021,2021-12-24,9335,2021-11-01,1335,021886,,1,1,4,4111,0,1,3,,2,041,"SR-1 N/B","MONTEREY RD.",1095.00,N,N,B,-,Y,,,1,,,,,,N,N,3,0,1,3,A,-,08,22107,,F,G,E,E,B,H,-,A,D,0,Y,,,,Y,,-,99,0,1,0,0,1,0,0,0,0,"- ","- ",37.654850006103516,-122.49078369140625,"SAN MATEO",PACIFICA,-122.49085235595703,37.654804229736328
91661805,2021,2021-12-27,9335,2021-10-24,1645,021474,,7,2,4,4111,0,1,3,,2,041,"SR-1 N/B","PALOMA AVENUE O/C",2957.00,N,N,C,G,Y,,,1,,,,,,N,Y,3,0,1,2,A,-,03,22350,,N,D,C,A,B,F,-,A,D,0,,,,,Y,,A,01,0,1,0,0,0,0,0,0,0,"- ","- ",37.644519805908203,-122.491943359375,"SAN MATEO",PACIFICA,-122.49193572998047,37.644519805908203
91661880,2021,2021-12-27,9335,2021-12-16,0715,022703,,4,1,5,4117,0,1,1,,2,020,"I-280 SOUTHBOUND","THE WESTBOROUGH BOULEVARD UNDERCROSSING",680.00,S,N,B,-,Y,,,280,,,,,,S,Y,4,0,1,3,A,-,08,22107,,N,D,C,A,B,H,-,A,D,0,,,,,Y,,D,22,0,0,1,0,0,0,0,0,0,"- ","- ",37.66162109375,-122.46543884277344,"SAN MATEO","SOUTH SAN FRANCISCO",-122.46539306640625,37.661636352539062
91662097,2021,2021-12-27,9335,2021-12-25,0910,019631,,6,1,6,4106,0,1,1,,2,021,"I-280 N/B","SERRAMONTE BLVD",420.00,S,N,C,-,Y,,,280,,,,,,N,Y,4,0,1,1,A,-,08,22107,,N,E,I,A,B,H,-,A,D,0,,,,,Y,,A,01,0,0,1,0,0,0,0,0,0,"- ","- ",37.668548583984375,-122.46569061279297,"SAN MATEO","DALY CITY",-122.4656982421875,37.668548583984375
91662720,2021,2021-12-27,9335,2021-12-23,1205,021328,,4,1,4,4114,0,1,1,,2,038,"I-380 E/B FROM EL CAMINO REAL S/B","EL CAMINO REAL UNDERCROSSING",40.00,W,N,B,-,Y,,,380,,,,R,,E,N,4,0,1,1,A,-,03,22350,,N,E,I,A,B,H,-,A,D,0,,,,,Y,,D,22,0,0,1,0,0,0,0,0,0,"- ","- ",37.632839202880859,-122.41944885253906,"SAN MATEO","SAN BRUNO",-122.41944885253906,37.632839202880859
91665181,2021,2021-12-29,9330,2021-12-13,2110,021630,,1,2,9,4100,0,1,1,,2,044,"I-280 S/B","FARM HILL BOULEVARD",690.00,N,N,C,-,Y,,,,,,,,,,N,4,0,1,1,A,-,08,22107,,N,E,I,A,B,H,-,D,D,0,,,,,Y,,A,01,0,0,1,0,0,0,0,0,0,"- ","- ",37.443778991699219,-122.26631164550781,"SAN MATEO",UNINCORPORATED,-122.26129913330078,37.443817138671875
91665860,2021,2021-12-29,9330,2021-12-16,1020,022306,,4,1,5,4113,0,1,2,,2,048,"US-101 SOUTHBOUND","WHIPPLE AVENUE",2640.00,N,N,A,-,Y,,,101,,,,,,S,Y,3,0,1,1,A,-,08,22107,,N,E,I,A,A,D,-,A,D,0,,,,,Y,,A,01,0,1,0,0,0,0,0,0,0,"- ","- ",37.500450134277344,-122.2410888671875,"SAN MATEO","REDWOOD CITY",-122.24106597900391,37.500480651855469
91667624,2021,2021-12-31,9330,2021-12-02,0825,021942,,4,1,5,4116,0,1,2,,2,048,"US-101 NB",SR-92,1056.00,S,N,A,-,Y,,,101,,,,,,N,Y,3,0,1,2,A,-,03,22350,,N,C,C,A,A,H,-,A,D,0,,,,,Y,,A,08,0,1,0,0,0,0,0,0,0,"- ","- ",37.548458099365234,-122.29135894775391,"SAN MATEO","SAN MATEO",-122.29135131835938,37.548465728759766
91668153,2021,2022-01-03,9335,2021-12-23,0810,022032,,4,1,6,4106,0,1,1,,2,021,"I-280 N/B","SERRAMONTE BLVD",240.00,S,N,B,C,Y,,,280,,,,,,N,Y,3,0,1,1,A,-,08,22107,,N,E,I,A,B,H,-,A,D,0,,,,,Y,,A,01,0,1,0,0,0,0,0,0,0,"- ","- ",37.669010162353516,-122.46585845947266,"SAN MATEO","DALY CITY",-122.46579742431641,37.669021606445312
91672141,2021,2022-01-06,9330,2021-12-27,1617,020554,,1,2,5,4116,0,1,3,,2,031,"SR-92 W/B","DE ANZA BLVD.",100.00,E,N,B,-,Y,,,92,,,,,,W,Y,3,0,1,2,A,-,07,21658,A,N,F,C,A,A,H,-,A,D,0,,,Y,,Y,,A,01,0,1,0,0,0,0,0,0,1,"- ","- ",37.523159027099609,-122.33251190185547,"SAN MATEO","SAN MATEO",-122.33255767822266,37.523151397705078
91672212,2021,2022-01-06,9330,2021-12-23,0912,022279,,4,1,9,4100,0,1,1,,2,034,"I-280 S/B","BLACK MOUNTAIN ROAD",528.00,S,N,C,-,Y,,,280,,,,,,S,Y,4,0,1,1,A,-,03,22350,,N,E,I,A,B,H,-,A,D,0,,,,,Y,,A,07,0,0,1,0,0,0,0,0,0,"- ","- ",37.545799255371094,-122.37117767333984,"SAN MATEO",UNINCORPORATED,-122.37128448486328,37.545703887939453
91673268,2021,2022-01-07,9335,2021-12-24,0440,022525,,5,3,5,4117,0,1,2,,2,012,"US-101 N/B TO S. AIRPORT BLVD.","THE S. AIRPORT U/C",1200.00,S,N,B,C,Y,,,101,,,,R,,N,Y,3,0,1,1,A,-,01,23152,A,N,E,I,A,B,H,-,C,D,0,,,,,Y,Y,A,01,0,1,0,0,0,0,0,0,0,"- ","- ",37.646579742431641,-122.40608978271484,"SAN MATEO","SOUTH SAN FRANCISCO",-122.40608978271484,37.646579742431641
91674602,2021,2022-01-10,9330,2021-12-30,1800,022394,,4,2,9,4100,0,1,1,,2,054,"ALPINE ROAD","I-280 N/B ONRAMP/OFFRAMP",0.00,,Y,A,-,N,,,,,,,,,,Y,4,0,1,2,A,-,09,21800,A,N,D,C,A,A,H,-,A,A,0,,,,,Y,,A,07,0,0,1,0,0,0,0,0,0,"- ","- ",37.410190582275391,-122.19464111328125,"SAN MATEO",UNINCORPORATED,,
91676004,2021,2022-01-11,9330,2021-12-23,0810,022515,,4,1,9,4100,0,1,1,,2,044,"I-280 SOUTHBOUND","SAND HILL ROAD",2270.00,S,N,B,C,Y,,,280,,,,,,S,N,4,0,1,1,A,-,03,22350,,N,E,I,A,B,H,-,A,D,0,,,,,Y,,A,01,0,0,1,0,0,0,0,0,0,"- ","- ",37.416488647460938,-122.21150970458984,"SAN MATEO",UNINCORPORATED,-122.21158599853516,37.416397094726562
91683369,2021,2022-06-08,9330,2021-12-24,1241,022595,,5,1,9,4100,0,3,5,,2,004,"EDGEWOOD ROAD","EL VANADA ROAD",270.00,W,N,B,-,N,,,,,,,,,,Y,2,0,1,2,A,-,01,23152,A,F,C,G,A,A,H,-,A,D,0,,Y,,,Y,Y,A,08,1,0,0,0,0,0,1,0,0,"- ","- ",37.474578857421875,-122.27689361572266,"SAN MATEO",UNINCORPORATED,-122.27680206298828,37.474571228027344
91684481,2021,2022-01-25,9330,2021-11-28,2100,022367,,7,2,9,4100,0,3,5,,2,303,"VALDEFLORES DRIVE","LA MESA DRIVE",82.00,N,N,A,-,N,,,,,,,,,,Y,3,0,1,1,A,-,01,23152,A,N,E,I,A,A,H,-,D,D,0,,,,,Y,Y,A,01,0,1,0,0,0,0,0,0,0,"- ","- ",37.573581695556641,-122.39037322998047,"SAN MATEO",UNINCORPORATED,-122.39034271240234,37.573566436767578
91688267,2021,2022-01-28,9330,2021-11-12,0851,022344,,5,1,5,4116,0,1,2,,2,048,"US-101 (BAYSHORE FREEWAY) N/B","E. HILLSDALE BOULEVARD",1500.00,N,N,A,-,Y,,,101,,,,,,N,N,3,0,1,3,A,-,07,21658,A,F,B,C,A,A,D,-,A,A,0,,,Y,,Y,,-,99,0,1,0,0,0,0,0,0,1,"- ","- ",37.547981262207031,-122.29096221923828,"SAN MATEO","SAN MATEO",-122.29091644287109,37.548019409179688
91689790,2021,2022-01-31,9330,2021-12-29,0610,020646,,3,1,9,4100,0,1,1,,2,034,"I-280 S/B","SR-92 E/B",1584.00,N,N,B,C,Y,,,280,,,,,,S,Y,4,0,1,1,A,-,08,22107,,N,E,I,A,B,H,-,B,D,0,,,,,Y,,A,01,0,0,1,0,0,0,0,0,0,"- ","- ",37.510700225830078,-122.34456634521484,"SAN MATEO",UNINCORPORATED,-122.34467315673828,37.510540008544922
91690327,2021,2022-02-01,9330,2021-12-13,2145,022042,,1,2,5,4116,0,1,2,,2,038,"US-101 S/B","3RD AVENUE",900.00,S,N,B,C,Y,,,101,,,,,,S,Y,3,0,2,3,A,-,08,22107,,M,D,C,A,B,D,-,C,D,0,,,,,Y,,D,22,0,1,1,0,0,0,0,0,0,"- ","- ",37.568840026855469,-122.31185150146484,"SAN MATEO","SAN MATEO",-122.3118896484375,37.568794250488281
91694450,2021,2022-02-07,9330,2021-12-24,0808,022200,,5,1,9,4100,0,3,5,,2,005,"SR-82 (EL CAMINO REAL)","FIFTH AVENUE",0.00,,Y,B,-,N,,,82,,,,,,,Y,4,0,2,2,A,-,12,21453,A,N,D,C,A,B,H,-,A,A,0,,,,,Y,,A,07,0,0,2,0,0,0,0,0,0,"- ","- ",37.467250823974609,-122.20896911621094,"SAN MATEO",UNINCORPORATED,-122.20902252197266,37.467178344726562
91695447,2021,2022-02-08,9330,2021-11-12,2200,022101,,5,3,9,4100,0,1,1,,2,044,"I-280 N/B",SR-92,5280.00,S,N,A,-,Y,,,280,,,,,,N,Y,3,0,2,1,A,-,08,22107,,N,E,I,A,A,H,-,A,B,0,,,,,Y,,A,01,0,2,0,0,0,0,0,0,0,"- ","- ",37.501178741455078,-122.32756805419922,"SAN MATEO",UNINCORPORATED,-122.32754516601562,37.501308441162109
91701587,2021,2022-02-15,9330,2021-10-16,1550,022590,,6,2,9,4100,0,1,3,,1,011,SR-92,"COZZOLINOS FARM",115.00,W,N,A,-,Y,,,92,,,,,,,N,3,0,1,2,A,-,08,22107,,N,F,A,A,A,H,-,A,D,0,,,Y,,Y,,C,02,0,1,0,0,0,0,0,0,1,"- ","- ",37.4781494140625,-122.41443634033203,"SAN MATEO",UNINCORPORATED,-122.41444396972656,37.478183746337891
91715929,2021,2022-03-07,9330,2021-12-27,1430,021662,,1,2,5,4116,0,1,2,,2,048,"US-101 N/B","HILLSDALE BLVD. OVER-CROSSING NORTH ROAD EDGE",15.00,S,N,B,-,Y,,,101,,,,,,N,Y,4,0,1,7,A,-,03,22350,,N,C,C,A,A,D,-,A,D,0,,,,,Y,,D,22,0,0,1,0,0,0,0,0,0,"- ","- ",37.544479370117188,-122.28774261474609,"SAN MATEO","SAN MATEO",-122.28765869140625,37.544548034667969
91730569,2021,2022-03-24,9330,2021-11-25,0255,022042,,4,3,4,4102,0,1,2,,2,048,"US-101 N/B","RALSTON AVENUE BIKEWAY OVERCROSSING",335.00,N,N,A,-,Y,,,101,,,,,,N,Y,1,1,2,4,A,-,03,22350,,N,C,C,A,A,D,-,C,D,0,,,,,Y,,A,01,0,0,2,0,0,0,0,0,0,"- ","- ",37.528881072998047,-122.27291870117188,"SAN MATEO",BELMONT,-122.27291107177734,37.528888702392578
91755250,2021,2022-04-25,9330,2021-11-02,1640,020954,,2,2,5,4116,0,1,2,,2,038,"US-101 SOUTHBOUND","POPLAR AVENUE",50.00,N,N,A,-,Y,,,101,,,,,,S,Y,2,0,4,3,A,-,08,22107,,N,B,2,A,A,H,-,A,D,0,,,,Y,Y,Y,G,55,1,1,2,0,0,0,0,0,0,"- ","- ",37.581180572509766,-122.32530212402344,"SAN MATEO","SAN MATEO",-122.32532501220703,37.581150054931641
91783966,2021,2022-05-30,9335,2021-12-16,2210,019999,,4,3,6,4106,0,1,1,,2,021,"I-280 N/B","HICKEY BLVD",1753.00,N,N,C,-,Y,,,280,,,,,,N,Y,1,1,0,1,A,-,08,22107,,N,E,I,A,B,H,-,D,D,0,,,,,Y,,A,01,0,0,0,0,0,0,0,0,0,"- ","- ",37.668338775634766,-122.46572875976562,"SAN MATEO","DALY CITY",-122.46565246582031,37.668354034423828
91820307,2021,2022-07-19,9330,2021-08-07,2302,022207,,6,3,3,4110,0,1,2,,2,038,"US-101 S/B","MILLBRAE AVENUE",150.00,N,N,A,-,Y,,,101,,,,,,S,Y,3,0,1,1,A,-,08,22107,,N,H,8,A,A,H,-,D,D,0,,,,,Y,,D,22,0,1,0,0,0,0,0,0,0,"- ","- ",37.602649688720703,-122.38108825683594,"SAN MATEO",MILLBRAE,-122.38097381591797,37.602828979492188