CASE_ID,ACCIDENT_YEAR,PROC_DATE,JURIS,COLLISION_DATE,COLLISION_TIME,OFFICER_ID,REPORTING_DISTRICT,DAY_OF_WEEK,CHP_SHIFT,POPULATION,CNTY_CITY_LOC,SPECIAL_COND,BEAT_TYPE,CHP_BEAT_TYPE,CITY_DIVISION_LAPD,CHP_BEAT_CLASS,BEAT_NUMBER,PRIMARY_RD,SECONDARY_RD,DISTANCE,DIRECTION,INTERSECTION,WEATHER_1,WEATHER_2,STATE_HWY_IND,CALTRANS_COUNTY,CALTRANS_DISTRICT,STATE_ROUTE,ROUTE_SUFFIX,POSTMILE_PREFIX,POSTMILE,LOCATION_TYPE,RAMP_INTERSECTION,SIDE_OF_HWY,TOW_AWAY,COLLISION_SEVERITY,NUMBER_KILLED,NUMBER_INJURED,PARTY_COUNT,PRIMARY_COLL_FACTOR,PCF_CODE_OF_VIOL,PCF_VIOL_CATEGORY,PCF_VIOLATION,PCF_VIOL_SUBSECTION,HIT_AND_RUN,TYPE_OF_COLLISION,MVIW,PED_ACTION,ROAD_SURFACE,ROAD_COND_1,ROAD_COND_2,LIGHTING,CONTROL_DEVICE,CHP_ROAD_TYPE,PEDESTRIAN_ACCIDENT,BICYCLE_ACCIDENT,MOTORCYCLE_ACCIDENT,TRUCK_ACCIDENT,NOT_PRIVATE_PROPERTY,ALCOHOL_INVOLVED,STWD_VEHTYPE_AT_FAULT,CHP_VEHTYPE_AT_FAULT,COUNT_SEVERE_INJ,COUNT_VISIBLE_INJ,COUNT_COMPLAINT_PAIN,COUNT_PED_KILLED,COUNT_PED_INJURED,COUNT_BICYCLIST_KILLED,COUNT_BICYCLIST_INJURED,COUNT_MC_KILLED,COUNT_MC_INJURED,PRIMARY_RAMP,SECONDARY_RAMP,LATITUDE,LONGITUDE,COUNTY,CITY,POINT_X,POINT_Y
9192799,2021,2021-06-07,4102,2021-05-19,1900,48400,2DG,3,5,4,4102,0,0,0,,0,002,"RT 82","DAVEY GLEN RD",0.00,,Y,A,-,Y,SM,4,82,-,-,8.295,I,5,S,Y,3,0,3,2,A,-,00,23104,A,F,D,C,A,A,H,-,A,A,0,,,,,Y,,A,01,0,2,1,0,0,0,0,0,0,"- ","- ",37.526748657226562,-122.28354644775391,"SAN MATEO",BELMONT,-122.28366851806641,37.526748657226562
92009260,2021,2023-03-03,9335,2021-11-21,2300,022468,,7,3,6,4106,0,1,1,,2,021,"I-280 S/B",SR-1,8.00,N,N,A,-,Y,,,280,,,,,,S,Y,1,1,0,1,A,-,08,22107,,N,E,I,A,A,H,-,D,D,0,,,,,Y,,A,01,0,0,0,0,0,0,0,0,0,"- ","- ",37.677730560302734,-122.47165679931641,"SAN MATEO","DALY CITY",-122.47145843505859,37.677806854248047
9205195,2021,2021-03-08,4113,2021-01-07,0737,351,4,4,5,5,4113,0,0,0,,0,004,"WOODSIDE RD","MIDDLEFIELD RD",210.00,W,N,A,-,Y,SM,4,84,-,-,25.010,H,-,N,Y,2,0,2,3,A,-,03,22350,,N,C,C,A,A,H,-,A,A,0,,,,,Y,,A,08,1,1,0,0,0,0,0,0,0,"- ","- ",37.480888366699219,-122.21852874755859,"SAN MATEO","REDWOOD CITY",-122.21942901611328,37.480567932128906
9206382,2021,2021-03-22,4116,2021-01-22,2132,28776,52,5,5,5,4116,0,0,0,,0,00D,"NEWBRIDGE AV","OCEAN VIEW AV",85.00,E,N,B,-,N,,,,,,,,,,N,3,0,1,2,A,-,01,23152,A,M,A,E,A,A,H,-,C,D,0,,,,,Y,Y,A,01,0,1,0,0,0,0,0,0,0,"- ","- ",37.570301055908203,-122.30406188964844,"SAN MATEO","SAN MATEO",-122.30373382568359,37.570766448974609
9211818,2021,2023-06-19,4100,2021-03-01,2142,25277,MLB,1,5,3,4110,0,0,0,,0,065,"RT 82","MILLBRAE AV",400.00,S,N,A,-,Y,SM,4,82,-,-,15.870,H,-,N,Y,1,1,1,3,A,-,11,21956,A,N,G,B,D,A,H,-,C,D,0,Y,,,,Y,Y,N,60,0,1,0,1,0,0,0,0,0,"- ","- ",,,"SAN MATEO",MILLBRAE,-122.38665771484375,37.597553253173828
9211819,2021,2021-04-15,4100,2021-03-02,1405,25189,SNC,2,5,4,4115,0,0,0,,0,053,"CRESTVIEW DR","EDMONDS RD",0.00,,Y,A,-,N,,,,,,,,,,Y,1,1,1,2,A,-,09,21804,A,N,D,C,A,A,H,-,E,A,0,,,,,Y,,A,01,0,0,1,0,0,0,0,0,0,"- ","- ",,,"SAN MATEO","SAN CARLOS",-122.2801513671875,37.475883483886719
9212580,2021,2021-01-27,4106,2021-01-05,1130,1180,11,2,5,6,4106,0,0,0,,0,005,"SKYLINE BL","JOHN DALY BL",510.00,S,N,A,-,Y,SM,4,35,-,-,30.730,H,-,N,N,3,0,1,1,A,-,03,22350,,N,H,J,A,A,H,-,A,D,0,,Y,,,Y,,L,04,0,1,0,0,0,0,1,0,0,"- ","- ",,,"SAN MATEO","DALY CITY",-122.49462890625,37.697341918945312
9213043,2021,2021-02-08,4114,2021-01-05,1853,48,SNB5,2,5,4,4114,0,0,0,,0,001,"EL CAMINO REAL","RT 380",0.00,,Y,A,-,Y,SM,4,380,-,-,5.178,R,4,E,N,4,0,1,2,A,-,12,21453,A,N,B,C,A,A,H,-,C,A,0,,,,,Y,,-,"- ",0,0,1,0,0,0,0,0,0,"- ",EF,,,"SAN MATEO","SAN BRUNO",-122.42359161376953,37.6307373046875
9213044,2021,2021-02-03,4116,2021-01-12,1554,25586,50,2,5,5,4116,0,0,0,,0,00D,"PENINSULA AV","AIRPORT BL",71.00,,N,A,-,N,,,,,,,,,,N,3,0,2,2,A,-,05,21650,,N,A,G,A,A,H,-,A,D,0,,Y,,,Y,,L,04,0,1,1,0,0,0,2,0,0,"- ","- ",37.585369110107422,-122.32765197753906,"SAN MATEO","SAN MATEO",-122.32763671875,37.585357666015625
9213068,2021,2021-02-08,4111,2021-01-17,0817,P5152,P13,7,5,4,4111,0,0,0,,0,0P2,"SKYLINE BL","WESTBOROUGH BL",130.00,N,N,A,-,Y,SM,4,35,-,-,26.261,H,-,N,Y,3,0,4,3,A,-,00,21703,A,N,C,C,A,A,H,-,A,D,0,,,,,Y,,A,01,0,1,3,0,0,0,0,0,0,"- ","- ",,,"SAN MATEO",PACIFICA,-122.46440124511719,37.639228820800781
9216362,2021,2021-03-17,4113,2021-01-03,1806,474,4,7,5,5,4113,0,0,0,,0,004,"WOODSIDE RD","MIDDLEFIELD AV",550.00,E,N,A,-,N,,,84,,,,,,,N,2,0,2,3,A,-,03,22350,,N,C,C,A,A,H,-,C,A,0,,,,,Y,Y,D,22,1,0,1,0,0,0,0,0,0,"- ","- ",37.481098175048828,-122.21898651123047,"SAN MATEO","REDWOOD CITY",-122.21907043457031,37.481147766113281
9217136,2021,2021-03-15,4106,2021-01-05,1746,2122,4,2,5,6,4106,0,0,0,,0,003,"JOHN DALY BL","NIANTIC AV",136.00,W,N,A,-,N,,,,,,,,,,N,4,0,1,2,A,-,03,22350,,N,C,C,A,A,H,-,C,D,0,,,,,Y,,A,01,0,0,1,0,0,0,0,0,0,"- ","- ",,,"SAN MATEO","DALY CITY",-122.47004699707031,37.705005645751953
9217394,2021,2021-03-17,4111,2021-01-17,1108,P5152,P07,7,5,4,4111,0,0,0,,0,0P1,"PALMETTO AV","SHOREVIEW AV",94.00,N,N,A,-,N,,,,,,,,,,N,3,0,2,1,A,-,08,22107,,M,E,I,A,A,H,-,A,D,0,,,,,Y,,A,01,0,1,1,0,0,0,0,0,0,"- ","- ",,,"SAN MATEO",PACIFICA,-122.49247741699219,37.639816284179688
9217778,2021,2021-03-16,4113,2021-01-06,1850,477,8,3,5,5,4113,0,0,0,,0,008,"MASSACHUSETTS AV","ALAMEDA DE LAS PULGAS",0.00,,Y,A,-,N,,,,,,,,,,N,3,0,1,3,A,-,10,21950,A,N,G,B,B,A,H,-,C,D,0,Y,,,,Y,,A,01,0,1,0,0,1,0,0,0,0,"- ","- ",37.45391845703125,-122.23744964599609,"SAN MATEO","REDWOOD CITY",-122.23741912841797,37.453861236572266
9219994,2021,2021-03-17,4113,2021-01-04,1010,383,7,1,5,5,4113,0,0,0,,0,007,"EL CAMINO REAL","WHIPPLE AV",0.00,,Y,B,C,N,,,82,,,,,,,Y,3,0,4,2,A,-,01,23153,A,F,D,C,A,B,H,-,A,A,0,,,,,Y,,A,01,0,3,1,0,0,0,0,0,0,"- ","- ",37.490440368652344,-122.23985290527344,"SAN MATEO","REDWOOD CITY",-122.23982238769531,37.490467071533203
9219995,2021,2021-03-17,4113,2021-01-17,1019,479,8,7,5,5,4113,0,0,0,,0,008,"FARM HILL BL","MCGARVEY AV",0.00,,Y,A,-,N,,,,,,,,,,N,3,0,1,2,A,-,12,21453,A,N,H,G,A,A,H,-,A,A,0,,Y,,,Y,,L,04,0,1,0,0,0,0,1,0,0,"- ","- ",37.460891723632812,-122.24990844726562,"SAN MATEO","REDWOOD CITY",-122.24990081787109,37.460887908935547
9220000,2021,2021-03-17,4116,2021-01-11,1604,25586,62,1,5,5,4116,0,0,0,,0,00D,"EAST HILLSDALE BL","FRANKLIN PKWY",0.00,,Y,A,-,N,,,,,,,,,,Y,4,0,1,2,A,-,12,21453,A,N,D,C,A,A,H,-,A,A,0,,,,,Y,,A,01,0,0,1,0,0,0,0,0,0,"- ","- ",37.543121337890625,-122.29062652587891,"SAN MATEO","SAN MATEO",-122.27555084228516,37.555648803710938
9220022,2021,2021-03-17,4116,2021-01-01,0933,27872,12,5,5,5,4116,0,0,0,,0,00A,"TILTON AVE","HUMBOLDT AV",0.00,,Y,A,-,N,,,,,,,,,,Y,2,0,1,2,A,-,12,22450,,F,D,G,A,A,H,-,A,B,0,,Y,,,Y,,A,01,1,0,0,0,0,0,1,0,0,"- ","- ",37.573520660400391,-122.32054901123047,"SAN MATEO","SAN MATEO",-122.32056427001953,37.573532104492188
9221040,2021,2021-03-26,4102,2021-02-05,1312,48800,3DT,5,5,4,4102,0,0,0,,0,002,"F ST","OLD COUNTY RD",58.00,W,N,A,-,N,,,,,,,,,,N,3,0,1,1,A,-,13,22515,A,N,E,I,A,A,H,-,A,D,0,,,,,Y,,A,01,0,1,0,0,0,0,0,0,0,"- ","- ",37.514030456542969,-122.26766967773438,"SAN MATEO",BELMONT,-122.26738739013672,37.514205932617188
9221329,2021,2021-02-11,4102,2021-01-20,1636,48800,2DG,3,5,4,4102,0,0,0,,0,002,"EL CAMINO REAL","DAVEY GLEN RD",640.00,S,N,A,-,Y,SM,4,82,-,-,8.170,H,-,S,Y,3,0,1,3,A,-,09,21804,A,N,B,C,A,A,H,-,A,D,0,,,,,Y,,A,01,0,1,0,0,0,0,0,0,0,"- ","- ",37.525981903076172,-122.28269958496094,"SAN MATEO",BELMONT,-122.28200531005859,37.525516510009766
9221405,2021,2021-02-12,4102,2021-01-21,1731,69800,3DT,4,5,4,4102,0,0,0,,0,002,"EL CAMINO REAL","RALSTON AV",32.00,S,N,A,-,Y,SM,4,82,-,-,7.670,H,-,S,N,3,0,1,2,A,-,12,21453,A,N,H,G,A,A,H,-,C,A,0,,Y,,,Y,,A,01,0,1,0,0,0,0,1,0,0,"- ","- ",37.514190673828125,-122.28707122802734,"SAN MATEO",BELMONT,-122.27570343017578,37.520206451416016
9221567,2021,2021-03-04,4101,2021-01-20,0817,14TB01,,3,5,2,4101,0,0,0,,0,,"RT 82","ALMENDRAL AV",14.00,S,N,A,-,Y,SM,4,82,-,-,2.177,I,5,S,N,3,0,1,2,A,-,10,21950,A,N,G,B,B,A,H,-,A,A,0,Y,,,,Y,,A,01,0,1,0,0,1,0,0,0,0,"- ","- ",37.464298248291016,-122.20471954345703,"SAN MATEO",ATHERTON,-122.20471954345703,37.464397430419922
9221782,2021,2021-03-09,4100,2021-01-15,1202,25289,1G,5,5,2,4118,0,0,0,,0,003,"RT 84","FOX HILL DR",0.00,,-,A,-,Y,SM,4,84,-,-,17.570,H,-,S,Y,3,0,1,1,A,-,03,22350,,N,E,I,A,A,H,-,A,D,0,,,Y,,Y,,C,02,0,1,0,0,0,0,0,0,1,"- ","- ",,,"SAN MATEO",WOODSIDE,-122.26070404052734,37.398666381835938
9221848,2021,2021-03-10,4111,2021-02-05,1359,P5152,P12,5,5,4,4111,0,0,0,,0,0P2,"CABRILLO HWY","REINA DEL MAR AV",35.00,N,N,A,-,Y,SM,4,1,-,R,42.610,H,-,S,Y,3,0,1,2,A,-,03,22350,,N,C,C,A,A,H,-,A,A,0,,,,,Y,,A,01,0,1,0,0,0,0,0,0,0,"- ","- ",,,"SAN MATEO",PACIFICA,-122.48683166503906,37.614192962646484
9221887,2021,2021-03-05,4114,2021-01-30,0951,869,SNB1,6,5,4,4114,0,0,0,,0,001,"HERMAN ST","ATLANTIC AV",0.00,,Y,A,-,N,,,,,,,,,,N,4,0,1,2,A,-,09,21800,B,N,A,G,A,A,H,-,A,D,0,,Y,,,Y,,A,01,0,0,1,0,0,0,1,0,0,"- ","- ",,,"SAN MATEO","SAN BRUNO",-122.41329956054688,37.638999938964844
9222167,2021,2021-03-29,4116,2021-02-23,1846,28071,13,2,5,5,4116,0,0,0,,0,0DT,"SOUTH EL CAMINO REAL","BALDWIN AV",0.00,,Y,A,-,Y,SM,4,82,-,-,11.921,I,5,N,Y,3,0,1,2,A,-,09,21801,A,N,D,C,A,A,H,-,C,A,0,,,,,Y,,A,01,0,1,0,0,0,0,0,0,0,"- ","- ",37.5654296875,-122.32808685302734,"SAN MATEO","SAN MATEO",-122.32813262939453,37.565422058105469
9222200,2021,2021-03-18,4106,2021-02-05,1108,2081,10,5,5,6,4106,0,0,0,,0,004,"WESTMOOR AV","SKYLINE DR",0.00,,Y,A,-,N,,,,,,,,,,Y,3,0,1,2,A,-,08,22101,D,N,D,D,A,A,H,-,A,A,0,,,,,Y,,A,01,0,1,0,0,0,0,0,0,0,"- ","- ",,,"SAN MATEO","DALY CITY",-122.49012756347656,37.683467864990234
9223535,2021,2021-03-18,4101,2021-01-05,1030,20DA05,,2,5,2,4101,0,0,0,,0,001,"MIDDLEFIELD RD","OAK GROVE AV",0.00,,Y,A,-,N,,,,,,,,,,N,4,0,2,3,A,-,10,21950,A,N,G,B,B,A,H,-,A,A,0,Y,,,,Y,,D,22,0,0,2,0,2,0,0,0,0,"- ","- ",37.461868286132812,-122.17858123779297,"SAN MATEO",ATHERTON,-122.17852783203125,37.461898803710938
9225635,2021,2021-03-29,4113,2021-02-02,1523,351,6,2,5,5,4113,0,0,0,,0,006,"ROOSEVELT AV","FULTON ST",0.00,,Y,A,-,N,,,,,,,,,,N,3,0,1,2,A,-,09,21802,A,N,A,C,A,A,H,-,A,D,0,,,,,Y,,A,01,0,1,0,0,0,0,0,0,0,"- ","- ",37.4752197265625,-122.23043823242188,"SAN MATEO","REDWOOD CITY",-122.23043823242188,37.475227355957031
9227259,2021,2021-03-24,4127,2021-02-16,1736,279,4127,2,5,4,4127,0,0,0,,0,004,"EUCLID AV","OCONNOR ST",257.00,E,N,A,-,N,,,,,,,,,,N,2,0,1,3,A,-,08,22107,,N,G,B,E,A,H,-,C,A,0,Y,,,,Y,,A,01,1,0,0,0,1,0,0,0,0,"- ","- ",,,"SAN MATEO","EAST PALO ALTO",-122.14445495605469,37.461135864257812
9227504,2021,2021-04-12,4104,2021-02-19,1528,0256,1,5,5,4,4104,0,0,0,,0,00A,"CALIFORNIA DR","PENINSULA AV",200.00,N,N,A,-,N,,,,,,,,,,Y,3,0,3,3,A,-,03,22350,,N,C,C,A,A,H,-,A,A,0,,,,,Y,,A,01,0,3,0,0,0,0,0,0,0,"- ","- ",37.577190399169922,-122.33952331542969,"SAN MATEO",BURLINGAME,-122.33997344970703,37.577327728271484
9227954,2021,2021-04-20,4104,2021-03-02,0900,0231,9,2,5,4,4104,0,0,0,,0,00B,"CAPUCHINO AV",BROADWAY,190.00,N,N,A,-,N,,,,,,,,,,N,3,0,1,2,A,-,10,21952,,N,G,B,F,A,H,-,A,D,0,Y,,,,Y,,A,01,0,1,0,0,1,0,0,0,0,"- ","- ",37.585048675537109,-122.36636352539062,"SAN MATEO",BURLINGAME,-122.36627197265625,37.585201263427734
9228132,2021,2021-04-19,4127,2021-03-11,1120,2263,4127,4,5,4,4127,0,0,0,,0,004,"WOODLAND AV","UNIVERSITY AV",57.00,N,N,A,-,N,,,,,,,,,,Y,4,0,1,2,A,-,01,23152,A,F,C,C,A,A,H,-,A,A,0,,,,,Y,Y,D,82,0,0,1,0,0,0,0,0,0,"- ","- ",,,"SAN MATEO","EAST PALO ALTO",-122.14191436767578,37.458038330078125
9230381,2021,2021-04-06,4103,2021-01-19,0624,QU400,1,2,5,2,4103,0,0,0,,0,00U,"BAYSHORE BL","GUADALUPE CANYON PKWY",200.00,,N,A,-,N,,,,,,,,,,N,2,0,1,2,A,-,03,22350,,N,G,B,D,A,H,-,C,D,0,Y,,,,Y,,A,01,1,0,0,0,1,0,0,0,0,"- ","- ",37.692550659179688,-122.40458679199219,"SAN MATEO",BRISBANE,-122.40463256835938,37.692520141601562
9230508,2021,2021-03-25,4114,2021-02-21,1855,0027,SNB3,7,5,4,4114,0,0,0,,0,001,"HUNTINGTON AV","SNEATH LN",276.00,N,N,A,-,N,,,,,,,,,,N,3,0,1,2,A,-,11,21955,,N,G,B,D,A,H,-,C,D,0,Y,,,,Y,Y,N,60,0,1,0,0,1,0,0,0,0,"- ","- ",,,"SAN MATEO","SAN BRUNO",-122.41900634765625,37.640018463134766
9230954,2021,2021-03-15,4111,2021-01-25,1205,P5159,P02,1,5,4,4111,0,0,0,,0,0P1,"IMPERIAL DR","LYNBROOK DR",207.00,S,N,A,-,N,,,,,,,,,,Y,3,0,1,2,A,-,00,22017,,N,A,E,A,A,H,-,A,D,0,,,,,Y,,A,01,0,1,0,0,0,0,0,0,0,"- ","- ",,,"SAN MATEO",PACIFICA,-122.47734832763672,37.656238555908203
9231847,2021,2021-04-28,4102,2021-03-25,2127,00675,2N,4,5,4,4102,0,0,0,,0,002,"EL CAMINO REAL","BELMONT AV",93.00,S,N,A,-,Y,SM,4,82,-,-,8.360,H,-,S,N,3,0,1,2,A,-,03,22350,,F,E,J,E,A,H,-,C,D,0,Y,,,,Y,,A,01,0,1,0,0,1,0,0,0,0,"- ","- ",37.526718139648438,-122.28471374511719,"SAN MATEO",BELMONT,-122.28455352783203,37.527355194091797
9231868,2021,2021-04-28,4113,2021-03-31,1639,445,3,3,5,5,4113,0,0,0,,0,003,"BAY RD","WOODSIDE RD",0.00,,Y,A,-,Y,SM,4,84,-,-,25.447,I,6,N,N,4,0,1,2,A,-,03,22350,,N,C,C,A,A,H,-,A,-,0,,,,,Y,,A,01,0,0,1,0,0,0,0,0,0,"- ","- ",37.485370635986328,-122.21452331542969,"SAN MATEO","REDWOOD CITY",-122.21468353271484,37.485359191894531
9231898,2021,2021-04-28,4102,2021-04-06,2031,55960,2DG,2,5,4,4102,0,0,0,,0,002,"EL CAMINO REAL","DAVEY GLEN RD",712.00,S,N,A,-,Y,SM,4,82,-,-,8.170,H,-,S,N,3,0,1,2,A,-,09,21804,A,F,B,C,A,A,H,-,C,D,0,,,Y,,Y,,A,01,0,1,0,0,0,0,0,0,1,"- ","- ",37.524490356445312,-122.28147888183594,"SAN MATEO",BELMONT,-122.28200531005859,37.525516510009766
9233406,2021,2021-04-10,4106,2021-02-06,0430,2154,3,6,5,6,4106,0,0,0,,0,002,"TEMPLETON AV","HANOVER ST",118.00,S,N,A,-,N,,,,,,,,,,Y,4,0,1,2,A,-,"- ",,,M,B,E,A,A,H,-,C,D,0,,,,,Y,,A,01,0,0,1,0,0,0,0,0,0,"- ","- ",,,"SAN MATEO","DALY CITY",-122.45221710205078,37.705677032470703
9233682,2021,2021-04-12,4102,2021-02-20,1152,00675,6CI,6,5,4,4102,0,0,0,,0,003,"RALSTON AV","PULLMAN AV",0.00,,Y,A,-,N,,,,,,,,,,Y,2,0,1,2,A,-,09,21800,A,N,D,C,A,A,H,-,A,A,0,,,Y,,Y,,A,01,1,0,0,0,0,0,0,0,1,"- ","- ",37.511341094970703,-122.29741668701172,"SAN MATEO",BELMONT,-122.29740142822266,37.5113525390625
9233750,2021,2021-04-13,4113,2021-02-16,1845,477,6,2,5,5,4113,0,0,0,,0,006,"ROOSEVELT AV",CLINTON,0.00,,Y,A,-,N,,,,,,,,,,N,3,0,1,2,A,-,11,21955,,N,G,B,D,A,H,-,C,D,0,Y,,,,Y,,N,60,0,1,0,0,1,0,0,0,0,"- ","- ",37.479179382324219,-122.22547912597656,"SAN MATEO","REDWOOD CITY",-122.22805786132812,37.477108001708984
9233752,2021,2021-04-19,4120,2021-02-12,1807,206,10,5,5,4,4120,0,0,0,,0,00Y,"EAST HILLSDALE BL","CENTER ST",0.00,,Y,A,-,N,,,,,,,,,,N,2,0,1,3,-,-,"- ",,,N,G,B,D,A,H,-,C,D,0,Y,,,,Y,Y,N,60,1,0,0,0,1,0,0,0,0,"- ","- ",37.556041717529297,-122.27512359619141,"SAN MATEO","FOSTER CITY",,
9234020,2021,2021-03-25,4113,2021-01-28,1112,462,4,4,5,5,4113,0,0,0,,0,004,"BAY RD","9TH AV",40.00,S,N,C,-,N,,,,,,,,,,N,3,0,1,2,A,-,03,22350,,N,C,C,A,B,H,-,A,D,0,,,,,Y,,D,22,0,1,0,0,0,0,0,0,0,"- ","- ",37.47998046875,-122.19394683837891,"SAN MATEO","REDWOOD CITY",-122.19512176513672,37.480274200439453
9234028,2021,2021-04-13,4113,2021-01-20,1215,475,6,3,5,5,4113,0,0,0,,0,006,"LINCOLN AV","CLINTON ST",0.00,,Y,A,-,N,,,,,,,,,,N,3,0,2,2,A,-,09,21802,A,N,D,D,A,A,H,-,A,A,0,,,,,Y,,A,01,0,2,0,0,0,0,0,0,0,"- ","- ",37.478290557861328,-122.22898101806641,"SAN MATEO","REDWOOD CITY",-122.22894287109375,37.477924346923828
9234175,2021,2021-04-02,4117,2021-02-01,1925,10SM11,08AB,1,5,5,4117,0,0,0,,0,004,"LINDEN AV","LUX AV",0.00,,Y,B,C,N,,,,,,,,,,N,3,0,1,2,A,-,10,21952,,N,G,B,B,B,H,-,C,D,0,Y,,,,Y,Y,-,,0,1,0,0,1,0,0,0,0,"- ","- ",37.657108306884766,-122.40944671630859,"SAN MATEO","SOUTH SAN FRANCISCO",-122.40946197509766,37.657096862792969
9235797,2021,2021-04-16,4102,2021-03-02,0958,48800,6C1,2,5,4,4102,0,0,0,,0,002,"RALSTON AV","CIPRIANI BL",22.00,E,N,A,-,N,,,,,,,,,,Y,3,0,1,1,A,-,08,22107,,N,E,I,A,A,H,-,A,D,0,,,,,Y,,A,01,0,1,0,0,0,0,0,0,0,"- ","- ",37.512248992919922,-122.30412292480469,"SAN MATEO",BELMONT,-122.30403137207031,37.512336730957031
9236084,2021,2021-04-06,4106,2021-02-14,1610,2173,4,7,5,6,4106,0,0,0,,0,003,"JOHN DALY BL","NIANTIC AV",150.00,E,N,A,-,N,,,,,,,,,,Y,2,0,2,3,A,-,12,21453,,N,D,C,A,A,H,-,A,A,0,,,,,Y,Y,A,01,1,0,1,0,0,0,0,0,0,"- ","- ",,,"SAN MATEO","DALY CITY",-122.46906280517578,37.705009460449219
9236333,2021,2021-03-27,4102,2021-02-19,1543,48800,5BR,5,5,4,4102,0,0,0,,0,002,"RALSTON AV","ACADEMY AV",44.00,W,N,A,-,N,,,,,,,,,,N,3,0,1,2,A,-,09,21801,A,N,H,G,A,A,H,-,A,A,0,,Y,,,Y,,A,01,0,1,0,0,0,0,1,0,0,"- ","- ",37.512161254882812,-122.29273986816406,"SAN MATEO",BELMONT,-122.29265594482422,37.512584686279297
9236789,2021,2021-04-02,4111,2021-02-05,1024,P5152,P19,5,5,4,4111,0,0,0,,0,0P3,"LINDA MAR BL","CAPISRANO DR",11.00,E,N,A,-,N,,,,,,,,,,N,3,0,2,2,A,-,03,22350,,N,D,A,A,A,H,-,A,A,0,,,Y,,Y,,C,02,0,2,0,0,0,0,0,0,2,"- ","- ",,,"SAN MATEO",PACIFICA,-122.48336029052734,37.582561492919922
9236933,2021,2021-04-01,4111,2021-02-25,1230,P5151,P04,4,5,4,4111,0,0,0,,0,0P1,"FREMONT AV","MONTEREY RD",16.00,N,N,A,-,N,,,,,,,,,,N,3,0,1,2,A,-,08,22107,,N,B,G,A,A,H,-,A,D,0,,Y,,,Y,,A,01,0,1,0,0,0,0,1,0,0,"- ","- ",,,"SAN MATEO",PACIFICA,-122.48690795898438,37.651554107666016
9238086,2021,2021-03-26,4116,2021-02-28,1115,26724,12,7,5,5,4116,0,0,0,,0,00A,"HUMBOLDT ST","INDIAN AV",0.00,,Y,A,-,N,,,,,,,,,,N,2,0,1,2,A,-,12,22450,,N,H,G,A,A,H,-,A,A,0,,Y,,,Y,,L,04,1,0,0,0,0,0,1,0,0,"- ","- ",37.577548980712891,-122.32489776611328,"SAN MATEO","SAN MATEO",-122.32492065429688,37.577537536621094
9238088,2021,2021-03-26,4116,2021-02-15,1900,28751,13,1,5,5,4116,0,0,0,,0,0DT,"EAST 3RD AV","EL CAMINO REAL",15.00,E,N,B,-,N,,,,,,,,,,N,3,0,1,2,A,-,04,21703,,N,C,C,A,A,H,-,C,A,0,,,,,Y,,A,01,0,1,0,0,0,0,0,0,0,"- ","- ",37.56304931640625,-122.325927734375,"SAN MATEO","SAN MATEO",-122.32595062255859,37.563045501708984
9239542,2021,2021-09-02,4101,2021-07-12,1720,19NT02,,1,5,2,4101,0,0,0,,0,001,"EL CAMINO REAL","ASHFIELD RD",197.00,N,N,A,-,Y,SM,4,82,-,-,1.820,H,-,N,Y,4,0,1,3,A,-,03,22350,,N,C,C,A,A,H,-,A,A,0,,,,,Y,,A,08,0,0,1,0,0,0,0,0,0,"- ","- ",,,"SAN MATEO",ATHERTON,-122.19917297363281,37.461635589599609
9240049,2021,2021-05-03,4100,2021-04-04,2119,25287,WDS,7,5,2,4118,0,0,0,,0,030,"LA HONDA RD","LA HONDA RD 1580",82.00,W,N,A,-,Y,SM,4,84,-,-,15.270,H,-,S,Y,4,0,1,1,A,-,03,22350,,N,E,I,A,A,H,-,D,D,0,,,,,Y,,A,01,0,0,1,0,0,0,0,0,0,"- ","- ",,,"SAN MATEO",WOODSIDE,-122.26235198974609,37.386547088623047
9240275,2021,2021-04-16,4102,2021-03-20,1518,00675,3DT,6,5,4,4102,0,0,0,,0,002,"RT 82","HARBOR BL",153.00,N,N,A,-,Y,SM,4,82,-,-,7.400,H,-,S,N,3,0,1,2,A,-,17,22517,,N,H,G,A,A,H,-,A,A,0,,Y,,,Y,,A,07,0,1,0,0,0,0,1,0,0,"- ","- ",37.51702880859375,-122.27203369140625,"SAN MATEO",BELMONT,-122.27230072021484,37.517356872558594
9241084,2021,2021-03-27,4113,2021-02-18,2135,384,2,4,5,5,4113,0,0,0,,0,002,"VETERANS BL",WHIPPLE,0.00,,Y,A,-,N,,,,,,,,,,Y,3,0,1,2,A,-,09,21801,A,N,A,C,A,A,H,-,A,A,0,,,,,Y,,A,01,0,1,0,0,0,0,0,0,0,"- ","- ",37.494678497314453,-122.23441314697266,"SAN MATEO","REDWOOD CITY",-122.23451995849609,37.494548797607422
9241293,2021,2021-04-05,4116,2021-02-20,1420,27730,32,6,5,5,4116,0,0,0,,0,00C,"SARATOGA DR","EAST HILLSDALE BL",0.00,,Y,A,-,N,,,,,,,,,,N,3,0,1,2,A,-,04,21703,,N,C,C,A,A,H,-,A,A,0,,,,,Y,,A,01,0,1,0,0,0,0,0,0,0,"- ","- ",37.541889190673828,-122.29094696044922,"SAN MATEO","SAN MATEO",-122.29106140136719,37.541755676269531