CASE_ID,ACCIDENT_YEAR,PROC_DATE,JURIS,COLLISION_DATE,COLLISION_TIME,OFFICER_ID,REPORTING_DISTRICT,DAY_OF_WEEK,CHP_SHIFT,POPULATION,CNTY_CITY_LOC,SPECIAL_COND,BEAT_TYPE,CHP_BEAT_TYPE,CITY_DIVISION_LAPD,CHP_BEAT_CLASS,BEAT_NUMBER,PRIMARY_RD,SECONDARY_RD,DISTANCE,DIRECTION,INTERSECTION,WEATHER_1,WEATHER_2,STATE_HWY_IND,CALTRANS_COUNTY,CALTRANS_DISTRICT,STATE_ROUTE,ROUTE_SUFFIX,POSTMILE_PREFIX,POSTMILE,LOCATION_TYPE,RAMP_INTERSECTION,SIDE_OF_HWY,TOW_AWAY,COLLISION_SEVERITY,NUMBER_KILLED,NUMBER_INJURED,PARTY_COUNT,PRIMARY_COLL_FACTOR,PCF_CODE_OF_VIOL,PCF_VIOL_CATEGORY,PCF_VIOLATION,PCF_VIOL_SUBSECTION,HIT_AND_RUN,TYPE_OF_COLLISION,MVIW,PED_ACTION,ROAD_SURFACE,ROAD_COND_1,ROAD_COND_2,LIGHTING,CONTROL_DEVICE,CHP_ROAD_TYPE,PEDESTRIAN_ACCIDENT,BICYCLE_ACCIDENT,MOTORCYCLE_ACCIDENT,TRUCK_ACCIDENT,NOT_PRIVATE_PROPERTY,ALCOHOL_INVOLVED,STWD_VEHTYPE_AT_FAULT,CHP_VEHTYPE_AT_FAULT,COUNT_SEVERE_INJ,COUNT_VISIBLE_INJ,COUNT_COMPLAINT_PAIN,COUNT_PED_KILLED,COUNT_PED_INJURED,COUNT_BICYCLIST_KILLED,COUNT_BICYCLIST_INJURED,COUNT_MC_KILLED,COUNT_MC_INJURED,PRIMARY_RAMP,SECONDARY_RAMP,LATITUDE,LONGITUDE,COUNTY,CITY,POINT_X,POINT_Y
9241971,2021,2021-04-30,4106,2021-03-14,2227,2139,6,7,5,6,4106,0,0,0,,0,002,"MISSION ST","E MOLKE ST",0.00,,Y,C,-,N,,,,,,,,,,Y,3,0,1,2,A,-,01,23152,A,F,H,C,A,B,H,-,C,D,0,,,,,Y,Y,A,08,0,1,0,0,0,0,0,0,0,"- ","- ",,,"SAN MATEO","DALY CITY",-122.46479034423828,37.694412231445312
9241974,2021,2021-05-05,4127,2021-03-05,1817,2124,4127,5,5,4,4127,0,0,0,,0,002,"UNIVERSITY AV","MICHIGAN AV",0.00,,Y,A,-,N,,,,,,,,,,N,4,0,1,3,A,-,10,21950,A,N,G,B,B,A,H,-,C,A,0,Y,Y,,,Y,,A,01,0,0,1,0,0,0,1,0,0,"- ","- ",,,"SAN MATEO","EAST PALO ALTO",-122.13944244384766,37.473587036132812
9243183,2021,2021-04-13,4120,2021-02-23,0725,209,3,2,5,4,4120,0,0,0,,0,00X,"BEACH PARK BL","FOSTER CITY FIRE HYDRANT #243.",109.00,N,N,A,-,N,,,,,,,,,,Y,3,0,2,3,A,-,09,21804,A,N,B,C,A,A,E,-,A,D,0,,,,,Y,,-,,0,2,0,0,0,0,0,0,0,"- ","- ",37.561870574951172,-122.24936676025391,"SAN MATEO","FOSTER CITY",,
9243187,2021,2021-04-16,4120,2021-02-27,1448,196,9,6,5,4,4120,0,0,0,,0,00Y,"BEACH PARK BL","EDGEWATER BL",120.00,E,N,A,-,N,,,,,,,,,,N,3,0,1,2,A,-,08,22107,,N,B,G,A,A,H,-,A,A,0,,Y,,,Y,,A,08,0,1,0,0,0,0,1,0,0,"- ","- ",37.546459197998047,-122.27259826660156,"SAN MATEO","FOSTER CITY",-122.27207183837891,37.545928955078125
9245457,2021,2021-04-02,4113,2021-02-21,1359,449,4,7,5,5,4113,0,0,0,,0,004,"MIDDLEFIELD RD","WOODSIDE RD",0.00,,Y,A,-,Y,SM,4,84,-,-,25.058,I,5,S,N,3,0,1,2,A,-,00,21952,A,N,G,B,B,A,H,-,A,A,0,Y,,,,Y,,A,07,0,1,0,0,1,0,0,0,0,"- ","- ",37.481098175048828,-122.21898651123047,"SAN MATEO","REDWOOD CITY",-122.21905517578125,37.481182098388672
9245497,2021,2021-04-02,4111,2021-03-02,1326,P5119,P12,2,5,4,4111,0,0,0,,0,0P2,"ROCKAWAY BEACH AV","RT 1",19.00,W,N,A,-,Y,SM,4,1,-,-,42.014,I,5,S,N,3,0,2,2,A,-,21,22106,,N,C,C,A,A,H,-,A,A,0,,,,,Y,,A,01,0,2,0,0,0,0,0,0,0,"- ","- ",,,"SAN MATEO",PACIFICA,-122.49526214599609,37.608806610107422
9245517,2021,2021-04-02,4113,2021-03-01,1857,363,3,1,5,5,4113,0,0,0,,0,003,"WOODSIDE RD","MIDDLEFIELD RD",350.00,W,N,A,-,Y,SM,4,84,-,-,24.990,H,-,N,Y,2,0,5,3,A,-,03,22350,,N,C,C,A,A,H,-,A,D,0,,,,,Y,,A,07,2,3,0,0,0,0,0,0,0,"- ","- ",37.481098175048828,-122.21898651123047,"SAN MATEO","REDWOOD CITY",-122.21958923339844,37.480297088623047
9246161,2021,2021-04-14,4113,2021-03-03,1040,384,2,3,5,5,4113,0,0,0,,0,002,VETERANS,"WHIPPLE AV",165.00,N,N,A,-,N,,,,,,,,,,Y,3,0,1,3,A,-,08,22107,,N,B,E,A,A,H,-,A,A,0,,,,,Y,,A,01,0,1,0,0,0,0,0,0,0,"- ","- ",37.495410919189453,-122.23489379882812,"SAN MATEO","REDWOOD CITY",-122.23487854003906,37.494899749755859
9247679,2021,2021-04-19,4113,2021-03-15,0025,475,6,1,5,5,4113,0,0,0,,0,006,"EL CAMINO REAL","VERA ST",0.00,,Y,C,-,N,,,82,,,,,,,Y,4,0,1,1,A,-,07,21658,A,N,E,I,A,B,H,-,C,D,0,,,,,Y,,D,82,0,0,1,0,0,0,0,0,0,"- ","- ",37.480869293212891,-122.22831726074219,"SAN MATEO","REDWOOD CITY",-122.22818756103516,37.481048583984375
9248217,2021,2021-05-20,4113,2021-02-26,2331,461,11,5,5,5,4113,0,0,0,,0,023,"WINSLOW ST","FULLER ST",0.00,,Y,A,-,N,,,,,,,,,,Y,4,0,1,1,A,-,03,22350,,N,E,I,A,A,H,-,C,D,0,,,,,Y,,A,01,0,0,1,0,0,0,0,0,0,"- ","- ",37.489410400390625,-122.23092651367188,"SAN MATEO","REDWOOD CITY",-122.23129272460938,37.489490509033203
9248731,2021,2021-04-16,4116,2021-02-03,0700,27872,12,3,5,5,4116,0,0,0,,0,00A,"N DELAWARE ST",TILTON,390.00,S,N,A,-,N,,,,,,,,,,N,3,0,1,2,A,-,05,21650,A,F,B,C,A,A,H,-,A,D,0,,,,,Y,,D,22,0,1,0,0,0,0,0,0,0,"- ","- ",37.570968627929688,-122.32425689697266,"SAN MATEO","SAN MATEO",-122.32338714599609,37.570140838623047
9250169,2021,2021-04-30,4113,2021-04-11,1750,467,6,7,5,5,4113,0,0,0,,0,006,"HUDSON ST","HUDSON ST 1012",0.00,,Y,A,-,N,,,,,,,,,,N,3,0,1,2,A,-,"- ",,,N,H,G,A,A,H,-,A,D,0,,Y,,,Y,,L,04,0,1,0,0,0,0,1,0,0,"- ","- ",37.474281311035156,-122.23294830322266,"SAN MATEO","REDWOOD CITY",,
9250170,2021,2021-04-30,4113,2021-04-11,0217,459,4,7,5,5,4113,0,0,0,,0,004,"MIDDLEFIELD RD","WILLOW ST",0.00,,Y,A,-,N,,,,,,,,,,N,3,0,3,2,A,-,01,23153,A,N,C,C,A,A,H,-,C,A,0,,,,,Y,Y,A,01,0,1,2,0,0,0,0,0,0,"- ","- ",37.480121612548828,-122.21705627441406,"SAN MATEO","REDWOOD CITY",-122.21704864501953,37.4801025390625
9250228,2021,2021-04-23,4102,2021-04-01,2107,90400,1D,4,5,4,4102,0,0,0,,0,001,"MASONIC WY","OLD COUNTY RD",495.00,E,N,A,-,N,,,,,,,,,,N,3,0,1,1,A,-,08,22107,,N,E,I,A,A,H,-,C,D,0,,,,,Y,,A,01,0,1,0,0,0,0,0,0,0,"- ","- ",37.522819519042969,-122.27468109130859,"SAN MATEO",BELMONT,-122.27487945556641,37.522563934326172
9250340,2021,2021-05-03,4116,2021-04-06,1322,28307,13A,2,5,5,4116,0,0,0,,0,00A,"N EL CAMINO REAL","TILTON AV",150.00,N,N,A,-,N,,,,,,,,,,N,3,0,1,2,A,-,08,22107,,N,C,E,A,A,H,-,A,D,0,,,,,Y,,A,01,0,1,0,0,0,0,0,0,0,"- ","- ",37.567008972167969,-122.33000183105469,"SAN MATEO","SAN MATEO",-122.33041381835938,37.567237854003906
9252836,2021,2021-04-27,4114,2021-03-24,1627,0048,SNB12,3,5,4,4114,0,0,0,,0,002,"ELM AV","ANGUS AV",50.00,S,N,A,-,N,,,,,,,,,,Y,3,0,1,1,A,-,01,23152,A,N,E,I,A,A,H,-,A,D,0,,,,,Y,Y,A,01,0,1,0,0,0,0,0,0,0,"- ","- ",,,"SAN MATEO","SAN BRUNO",-122.41676330566406,37.624561309814453
9253716,2021,2021-04-28,4106,2021-03-28,0000,2142,8,7,5,6,4106,0,0,0,,0,004,"LAKE MERCED BL","GLENWOOD AV",0.00,,Y,A,-,N,,,,,,,,,,N,3,0,1,2,A,-,03,22350,,N,H,A,A,A,H,-,C,D,0,,,Y,,Y,,C,02,0,1,0,0,0,0,0,0,1,"- ","- ",37.701629638671875,-122.48548126220703,"SAN MATEO","DALY CITY",-122.48545074462891,37.702232360839844
9254036,2021,2021-05-03,4106,2021-04-14,1630,2178,1,3,5,6,4106,0,0,0,,0,001,"GENEVA AV","RIO VERDE ST",157.00,E,N,A,-,N,,,,,,,,,,N,4,0,1,2,A,-,03,22350,A,N,C,C,A,A,H,-,A,D,0,,,Y,,Y,,A,01,0,0,1,0,0,0,0,0,1,"- ","- ",,,"SAN MATEO","DALY CITY",-122.41531372070312,37.706924438476562
9254467,2021,2021-05-17,4106,2021-04-03,2000,2178,13B,6,5,6,4106,0,0,0,,0,006,"GELLERT BL","SERRAMONTE BL",475.00,S,N,A,-,N,,,,,,,,,,N,4,0,1,2,A,-,08,22107,,M,C,C,A,A,H,-,C,D,0,,,,,Y,,A,01,0,0,1,0,0,0,0,0,0,"- ","- ",,,"SAN MATEO","DALY CITY",-122.46882629394531,37.667758941650391
9254614,2021,2021-04-29,4100,2021-02-25,1143,25886,WDS,4,5,2,4118,0,0,0,,0,030,"PORTOLA RD","SAND HILL RD",138.00,N,N,A,-,N,,,,,,,,,,N,2,0,1,1,A,-,03,22350,,N,F,A,A,A,H,-,A,D,0,,Y,,,Y,,L,04,1,0,0,0,0,0,1,0,0,"- ","- ",,,"SAN MATEO",WOODSIDE,-122.24546813964844,37.402606964111328
9255179,2021,2021-05-05,4127,2021-01-08,1807,2253,4127,5,5,4,4127,0,0,0,,0,003,"PULGAS AV","CAMELLIA DR",138.00,W,N,A,-,N,,,,,,,,,,N,4,0,1,2,A,-,08,22107,,F,A,C,A,A,H,-,C,D,0,,,,,Y,,-,,0,0,1,0,0,0,0,0,0,"- ","- ",,,"SAN MATEO","EAST PALO ALTO",-122.12992095947266,37.455699920654297
9256169,2021,2021-06-03,4116,2021-04-02,1646,28252,38,5,5,5,4116,0,0,0,,0,00C,"31ST AV","28TH AV",0.00,,Y,A,-,N,,,,,,,,,,N,2,0,1,1,A,-,03,22350,,N,A,I,A,A,H,-,A,A,0,,Y,,,Y,,L,04,1,0,0,0,0,0,1,0,0,"- ","- ",37.533111572265625,-122.32073974609375,"SAN MATEO","SAN MATEO",-122.32070922851562,37.533096313476562
9258178,2021,2021-05-10,4116,2021-04-17,1029,28252,23,6,5,5,4116,0,0,0,,0,00A,"16TH AV","SOUTH B ST",58.00,E,N,-,-,N,,,,,,,,,,Y,3,0,1,1,A,-,03,22350,,N,-,-,A,-,-,-,-,-,0,,,,,Y,,A,01,0,1,0,0,0,0,0,0,0,"- ","- ",37.556068420410156,-122.31165313720703,"SAN MATEO","SAN MATEO",-122.31160736083984,37.555809020996094
9258180,2021,2021-05-05,4116,2021-04-14,1648,28071,14,3,5,5,4116,0,0,0,,0,00A,"NORTH SAN MATEO DR","EAST SANTA INEZ AV",20.00,N,N,A,-,N,,,,,,,,,,N,3,0,1,2,A,-,03,22350,,N,C,C,A,A,H,-,A,A,0,,,,,Y,,A,01,0,1,0,0,0,0,0,0,0,"- ","- ",37.570911407470703,-122.33106231689453,"SAN MATEO","SAN MATEO",-122.33110809326172,37.570941925048828
9259248,2021,2021-05-18,4116,2021-05-03,1743,28071,25,1,5,5,4116,0,0,0,,0,00A,"ALAMEDA DE LAS PULGAS","ARAGON BL",28.00,N,N,A,-,N,,,,,,,,,,N,3,0,1,2,A,-,03,22350,,N,C,G,A,A,H,-,A,A,0,,Y,,,Y,,L,04,0,1,0,0,0,0,1,0,0,"- ","- ",37.551528930664062,-122.32814788818359,"SAN MATEO","SAN MATEO",-122.32820892333984,37.551540374755859
9259557,2021,2021-05-17,4102,2021-04-26,0655,69800,5BR,1,5,4,4102,0,0,0,,0,002,"MAYWOOD DR","RALSTON AV",0.00,,Y,A,-,N,,,,,,,,,,N,3,0,1,2,A,-,10,21950,A,N,G,B,E,A,H,-,A,A,0,Y,,,,Y,,A,01,0,1,0,0,1,0,0,0,0,"- ","- ",37.512798309326172,-122.29206085205078,"SAN MATEO",BELMONT,-122.29218292236328,37.512748718261719
9260965,2021,2021-07-08,4116,2021-06-11,2100,27755,14,5,5,5,4116,0,0,0,,0,00A,"S AMPHLETT BL","FOLKSTONE AV",0.00,,Y,A,-,N,,,,,,,,,,Y,2,0,1,3,A,-,03,22350,,M,D,E,A,A,H,-,C,A,0,,,,,Y,,A,07,1,0,0,0,0,0,0,0,0,"- ","- ",37.569480895996094,-122.33355712890625,"SAN MATEO","SAN MATEO",-122.30496215820312,37.562103271484375
9260967,2021,2021-10-12,4116,2021-06-04,2222,28806,53,5,5,5,4116,0,0,0,,0,00D,"FASHION ISLAND BL","S NORFOLK ST",282.00,E,N,A,-,N,,,,,,,,,,N,4,0,1,3,A,-,03,22350,,N,C,C,A,A,H,-,C,A,0,,,,,Y,,A,01,0,0,1,0,0,0,0,0,0,"- ","- ",37.554241180419922,-122.29173278808594,"SAN MATEO","SAN MATEO",-122.29095458984375,37.554725646972656
9260977,2021,2021-07-20,4116,2021-06-14,2000,26199,54,1,5,5,4116,0,0,0,,0,00D,"FASHION ISLAND BL","RT 92",32.00,W,N,A,-,Y,SM,4,92,-,R,12.822,R,4,W,N,3,0,1,2,A,-,03,22350,,N,C,C,A,A,H,-,B,D,0,,,,,Y,,A,07,0,1,0,0,0,0,0,0,0,"- ",WO,37.557598114013672,-122.28589630126953,"SAN MATEO","SAN MATEO",-122.28501892089844,37.556659698486328
9261159,2021,2021-05-06,4116,2021-04-13,1520,28751,13,2,5,5,4116,0,0,0,,0,0DT,"SOUTH EL CAMINO REAL","EAST 3RD AV",0.00,,Y,A,-,Y,SM,4,82,-,-,11.715,I,6,N,N,3,0,1,2,A,-,09,21453,B,F,G,B,B,A,H,-,A,A,0,Y,,,,Y,,A,01,0,1,0,0,1,0,0,0,0,"- ","- ",37.562969207763672,-122.32550811767578,"SAN MATEO","SAN MATEO",-122.32598876953125,37.563018798828125
9261332,2021,2021-05-14,4101,2021-02-03,0755,17DR01,,3,5,2,4101,0,0,0,,0,001,"RT 82","ENCINAL AV",439.00,N,N,A,-,Y,SM,4,82,-,-,1.350,H,-,S,Y,4,0,1,2,A,-,03,22350,,N,B,C,A,A,H,-,A,D,0,,,,,Y,,A,01,0,0,1,0,0,0,0,0,0,"- ","- ",37.457401275634766,-122.19081878662109,"SAN MATEO",ATHERTON,-122.19194793701172,37.458023071289062
9261873,2021,2021-05-06,4106,2021-04-12,0742,1137,3,1,5,6,4106,0,0,0,,0,002,"MISSION ST","EVERGREEN AVE",0.00,,Y,B,-,N,,,,,,,,,,Y,4,0,1,3,A,-,07,21658,A,N,C,E,A,A,H,-,A,D,0,,,,,Y,Y,A,01,0,0,1,0,0,0,0,0,0,"- ","- ",,,"SAN MATEO","DALY CITY",-122.45673370361328,37.707416534423828
9261874,2021,2021-06-04,4106,2021-04-04,1523,2177,12,7,5,6,4106,0,0,0,,0,005,"EASTMOOR AV","SULLIVAN AV",13.00,W,N,A,-,N,,,,,,,,,,Y,2,0,6,2,A,-,01,23153,A,N,A,C,A,A,H,-,A,A,0,,,,,Y,Y,A,08,2,4,0,0,0,0,0,0,0,"- ","- ",,,"SAN MATEO","DALY CITY",-122.47228240966797,37.684490203857422
9262200,2021,2021-05-07,4114,2021-04-23,2136,0941,SNB5,5,5,4,4114,0,0,0,,0,001,"HUNTINGTON AV","FOREST LN",250.00,S,N,A,-,N,,,,,,,,,,Y,3,0,1,2,A,-,08,22107,,N,B,E,A,A,H,-,C,D,0,,,,,Y,,A,01,0,1,0,0,0,0,0,0,0,"- ","- ",,,"SAN MATEO","SAN BRUNO",-122.41361236572266,37.633312225341797
9262658,2021,2021-05-12,4103,2021-04-01,1152,SE450,1,4,5,2,4103,0,0,0,,0,00U,"BAYSHORE BL","INDUSTRIAL WY",86.00,N,N,A,-,N,,,,,,,,,,Y,3,0,1,2,A,-,08,22100,A,N,F,C,A,A,H,-,A,D,0,,,,,Y,,A,07,0,1,0,0,0,0,0,0,0,"- ","- ",37.700950622558594,-122.40854644775391,"SAN MATEO",BRISBANE,-122.40848541259766,37.701175689697266
9262659,2021,2021-05-21,4103,2021-04-11,1058,SE450,1,7,5,2,4103,0,0,0,,0,00U,"WEST HILL DR","VALLEY DR",263.00,N,N,A,-,N,,,,,,,,,,N,2,0,1,1,A,-,17,21205,,N,F,A,A,A,H,-,A,D,0,,Y,,,Y,,L,04,1,0,0,0,0,0,1,0,0,"- ","- ",37.692710876464844,-122.41972351074219,"SAN MATEO",BRISBANE,-122.41110992431641,37.688278198242188
9263136,2021,2021-05-24,4116,2021-05-05,1113,25586,34,3,5,5,4116,0,0,0,,0,00C,"SOUTH EL CAMINO REAL","22ND AV",0.00,,Y,A,-,Y,SM,4,82,-,-,10.200,H,-,S,Y,3,0,1,2,A,-,03,22350,,N,C,C,A,A,H,-,A,D,0,,,,,Y,,A,01,0,1,0,0,0,0,0,0,0,"- ","- ",37.547378540039062,-122.30760955810547,"SAN MATEO","SAN MATEO",-122.30773162841797,37.546352386474609
9264980,2021,2021-05-21,4113,2021-03-27,2152,486,4,6,5,5,4113,0,0,0,,0,004,"HAVEN AV","PAGE ST",0.00,,Y,A,-,N,,,,,,,,,,N,3,0,1,2,A,-,03,22350,,M,B,E,A,A,H,-,D,D,0,,,,,Y,,-,,0,1,0,0,0,0,0,0,0,"- ","- ",37.483070373535156,-122.18991088867188,"SAN MATEO","REDWOOD CITY",-122.19068908691406,37.481472015380859
9265722,2021,2021-06-08,4116,2021-05-12,1547,27872,12,3,5,5,4116,0,0,0,,0,00A,"N HUMBOLDT ST",INDIAN,0.00,,Y,A,-,N,,,,,,,,,,N,3,0,2,2,A,-,03,22350,,N,C,C,A,A,H,-,A,D,0,,,,,Y,,D,22,0,2,0,0,0,0,0,0,0,"- ","- ",37.577548980712891,-122.32489776611328,"SAN MATEO","SAN MATEO",-122.32492065429688,37.577537536621094
9265911,2021,2021-06-08,4106,2021-04-23,1510,1241,5,5,5,6,4106,0,0,0,,0,003,"MISSION ST","CASTLE ST",0.00,,Y,A,-,Y,SM,4,82,-,-,23.870,H,-,N,N,4,0,1,2,A,-,08,22107,,M,B,E,A,A,H,-,A,D,0,,,,,Y,,A,01,0,0,1,0,0,0,0,0,0,"- ","- ",,,"SAN MATEO","DALY CITY",-122.46559906005859,37.690914154052734
9265967,2021,2021-05-27,4106,2021-04-20,0206,2137,3,2,5,6,4106,0,0,0,,0,002,"BRUNSWICK ST","WELLINGTON AV",110.00,N,N,A,-,N,,,,,,,,,,Y,3,0,2,4,A,-,08,22107,,N,H,C,A,A,H,-,C,D,0,,,,,Y,,A,01,0,2,0,0,0,0,0,0,0,"- ","- ",,,"SAN MATEO","DALY CITY",-122.45954132080078,37.704963684082031
9266283,2021,2021-05-27,4106,2021-04-23,2257,2093,4,5,5,6,4106,0,0,0,,0,003,"JOHN DALY BL","JUNIPERO SERRA BL",0.00,,Y,E,-,N,,,,,,,,,,N,4,0,2,2,A,-,09,21453,C,N,D,C,A,B,H,-,C,A,0,,,,,Y,,A,01,0,0,2,0,0,0,0,0,0,"- ","- ",,,"SAN MATEO","DALY CITY",-122.47087097167969,37.704978942871094
9266761,2021,2021-06-04,4102,2021-05-22,1535,09650,2C,6,5,4,4102,0,0,0,,0,002,"EL CAMINO REAL","RALSTON AV",0.00,,Y,A,-,N,,,82,,,,,,,Y,3,0,3,4,A,-,04,21703,,N,C,C,A,A,H,-,A,A,0,,,,,Y,Y,A,01,0,2,1,0,0,0,0,0,0,"- ","- ",37.520420074462891,-122.27603149414062,"SAN MATEO",BELMONT,-122.2760009765625,37.520458221435547
9267317,2021,2021-06-17,4116,2021-05-20,1520,26724,22,4,5,5,4116,0,0,0,,0,00A,"DELAWARE ST","CONCAR DR",0.00,,Y,A,-,N,,,,,,,,,,Y,3,0,2,2,A,-,09,21453,C,N,A,C,A,A,H,-,A,A,0,,,,,Y,,-,,0,1,1,0,0,0,0,0,0,"- ","- ",37.554328918457031,-122.30610656738281,"SAN MATEO","SAN MATEO",-122.30609893798828,37.554336547851562
9267318,2021,2021-06-17,4116,2021-05-18,1806,28071,14,2,5,5,4116,0,0,0,,0,00A,"NORTH SAN MATEO DR","MONTE DIABLO AV",0.00,,Y,A,-,N,,,,,,,,,,Y,3,0,3,2,A,-,09,21802,A,N,D,C,A,A,H,-,A,A,0,,,,,Y,,A,01,0,3,0,0,0,0,0,0,0,"- ","- ",37.569629669189453,-122.32964324951172,"SAN MATEO","SAN MATEO",-122.32965087890625,37.569618225097656
9268247,2021,2021-05-27,4114,2021-04-11,0948,0825,SNB13,7,5,4,4114,0,0,0,,0,002,"CRYSTAL SPRINGS RD","LINDEN AV",0.00,,Y,A,-,N,,,,,,,,,,N,2,0,1,2,A,-,00,22950,A,N,G,B,B,A,H,-,A,D,0,Y,,,,Y,,A,01,1,0,0,0,1,0,0,0,0,"- ","- ",,,"SAN MATEO","SAN BRUNO",-122.411376953125,37.619674682617188
9269775,2021,2021-06-08,4106,2021-03-24,0749,2154,,3,5,6,4106,0,0,0,,0,,"SERRAMONTE BL","RT 280",0.00,,Y,A,-,Y,SM,4,280,-,R,24.821,R,4,S,N,4,0,1,2,A,-,12,21453,A,N,D,C,A,A,H,-,A,A,0,,,Y,,Y,,C,03,0,0,1,0,0,0,0,0,1,"- ",SF,,,"SAN MATEO","DALY CITY",-122.46751403808594,37.672298431396484
9270977,2021,2021-06-03,4116,2021-05-11,1406,28071,34,2,5,5,4116,0,0,0,,0,00C,"24TH AV","HACIENDA ST",0.00,,Y,A,-,N,,,,,,,,,,Y,3,0,2,2,A,-,09,21802,A,N,D,C,A,A,H,-,A,A,0,,,,,Y,,A,01,0,2,0,0,0,0,0,0,0,"- ","- ",37.544010162353516,-122.30959320068359,"SAN MATEO","SAN MATEO",-122.30956268310547,37.544040679931641
9270986,2021,2021-06-16,4106,2021-05-01,1052,2154,14,6,5,6,4106,0,0,0,,0,006,"HICKEY BL","IMPERIAL WY",0.00,,Y,B,-,N,,,,,,,,,,Y,4,0,1,2,A,-,09,21453,C,N,A,C,A,A,H,-,A,A,0,,,,,Y,,A,01,0,0,1,0,0,0,0,0,0,"- ","- ",,,"SAN MATEO","DALY CITY",-122.46405029296875,37.663299560546875
9271542,2021,2021-06-16,4116,2021-05-23,1726,28444,23,7,5,5,4116,0,0,0,,0,00A,"9TH AV","SOUTH EL CAMINO REAL",0.00,,Y,A,-,Y,SM,4,82,-,-,11.366,I,5,N,N,3,0,1,2,A,-,10,21950,A,N,G,B,B,A,H,-,A,A,0,Y,,,,Y,,A,01,0,1,0,0,1,0,0,0,0,"- ","- ",37.559120178222656,-122.32180786132812,"SAN MATEO","SAN MATEO",-122.32173919677734,37.559131622314453
9272400,2021,2021-06-09,4106,2021-04-23,0942,2176,4,5,5,6,4106,0,0,0,,0,003,"MISSION ST","VISTA GRANDE AV",0.00,,Y,A,-,N,,,,,,,,,,Y,3,0,1,2,A,-,12,21453,,N,D,C,A,A,H,-,A,A,0,,,,,Y,,A,01,0,1,0,0,0,0,0,0,0,"- ","- ",,,"SAN MATEO","DALY CITY",-122.46298980712891,37.70318603515625
9273102,2021,2021-06-23,4113,2021-05-19,1452,457,3,3,5,5,4113,0,0,0,,0,003,"WOODSIDE RD","BAY RD",0.00,,Y,A,-,Y,SM,4,84,-,-,25.440,H,-,N,N,3,0,1,2,A,-,04,21703,,N,C,C,A,A,H,-,A,A,0,,,,,Y,,A,01,0,1,0,0,0,0,0,0,0,"- ","- ",37.748538970947266,-122.21452331542969,"SAN MATEO","REDWOOD CITY",-122.21475219726562,37.4852294921875
9273105,2021,2021-06-15,4113,2021-05-12,1720,440,2,3,5,5,4113,0,0,0,,0,002,"VETERANS BL","MAIN ST",0.00,,Y,A,-,N,,,,,,,,,,Y,4,0,1,2,A,-,12,21453,,N,H,C,A,A,H,-,A,A,0,,,,,Y,,A,01,0,0,1,0,0,0,0,0,0,"- ","- ",37.489940643310547,-122.22650909423828,"SAN MATEO","REDWOOD CITY",-122.22658538818359,37.490066528320312
9273268,2021,2021-07-14,4113,2021-06-01,1500,477,6,2,5,5,4113,0,0,0,,0,006,"JEFFERSON AV","KING ST",0.00,,Y,A,-,N,,,,,,,,,,Y,4,0,1,2,A,-,03,22350,A,N,C,C,A,A,H,-,A,D,0,,,,,Y,,A,07,0,0,1,0,0,0,0,0,0,"- ","- ",37.475498199462891,-122.23854064941406,"SAN MATEO","REDWOOD CITY",-122.23854827880859,37.475479125976562
9273693,2021,2021-06-23,4114,2021-05-24,1022,0825,SNB17,1,5,4,4114,0,0,0,,0,001,"WEST SAN BRUNO AV","CHERRY AV",0.00,,Y,A,-,N,,,,,,,,,,N,4,0,1,2,A,-,12,21453,A,N,D,G,A,A,H,-,A,A,0,,Y,,,Y,,L,04,0,0,1,0,0,0,1,0,0,"- ","- ",,,"SAN MATEO","SAN BRUNO",-122.42440795898438,37.625923156738281
9274301,2021,2021-06-21,4113,2021-03-24,1350,433,3,3,5,5,4113,0,0,0,,0,003,BROADWAY,"CHESTNUT ST",0.00,,Y,A,-,N,,,,,,,,,,N,3,0,1,2,A,-,05,21202,A,F,H,G,A,A,H,-,A,A,0,,Y,,,Y,,L,04,0,1,0,0,0,0,1,0,0,"- ","- ",37.486991882324219,-122.21833801269531,"SAN MATEO","REDWOOD CITY",-122.21834564208984,37.48699951171875
9274795,2021,2021-07-06,4103,2021-05-09,0810,MA460,1,7,5,2,4103,0,0,0,,0,00U,"BAYSHORE BL","SAN BRUNO AV",625.00,N,N,A,-,N,,,,,,,,,,Y,3,0,1,4,A,-,08,22107,,N,A,E,A,A,H,-,A,D,0,,,,,Y,,A,01,0,1,0,0,0,0,0,0,0,"- ","- ",37.679920196533203,-122.39475250244141,"SAN MATEO",BRISBANE,-122.39404296875,37.679183959960938
9275275,2021,2021-07-06,4100,2021-03-14,1200,21-01931,MLB,7,5,3,4110,0,0,0,,0,061,"S MAGNOLIA AV","S BROADWAY",0.00,,Y,A,-,N,,,,,,,,,,N,3,0,1,2,A,-,17,22517,,N,H,G,A,A,H,-,A,D,0,,Y,,,Y,,A,01,0,1,0,0,0,0,1,0,0,"- ","- ",,,"SAN MATEO",MILLBRAE,-122.38851165771484,37.5966796875