CASE_ID,ACCIDENT_YEAR,PROC_DATE,JURIS,COLLISION_DATE,COLLISION_TIME,OFFICER_ID,REPORTING_DISTRICT,DAY_OF_WEEK,CHP_SHIFT,POPULATION,CNTY_CITY_LOC,SPECIAL_COND,BEAT_TYPE,CHP_BEAT_TYPE,CITY_DIVISION_LAPD,CHP_BEAT_CLASS,BEAT_NUMBER,PRIMARY_RD,SECONDARY_RD,DISTANCE,DIRECTION,INTERSECTION,WEATHER_1,WEATHER_2,STATE_HWY_IND,CALTRANS_COUNTY,CALTRANS_DISTRICT,STATE_ROUTE,ROUTE_SUFFIX,POSTMILE_PREFIX,POSTMILE,LOCATION_TYPE,RAMP_INTERSECTION,SIDE_OF_HWY,TOW_AWAY,COLLISION_SEVERITY,NUMBER_KILLED,NUMBER_INJURED,PARTY_COUNT,PRIMARY_COLL_FACTOR,PCF_CODE_OF_VIOL,PCF_VIOL_CATEGORY,PCF_VIOLATION,PCF_VIOL_SUBSECTION,HIT_AND_RUN,TYPE_OF_COLLISION,MVIW,PED_ACTION,ROAD_SURFACE,ROAD_COND_1,ROAD_COND_2,LIGHTING,CONTROL_DEVICE,CHP_ROAD_TYPE,PEDESTRIAN_ACCIDENT,BICYCLE_ACCIDENT,MOTORCYCLE_ACCIDENT,TRUCK_ACCIDENT,NOT_PRIVATE_PROPERTY,ALCOHOL_INVOLVED,STWD_VEHTYPE_AT_FAULT,CHP_VEHTYPE_AT_FAULT,COUNT_SEVERE_INJ,COUNT_VISIBLE_INJ,COUNT_COMPLAINT_PAIN,COUNT_PED_KILLED,COUNT_PED_INJURED,COUNT_BICYCLIST_KILLED,COUNT_BICYCLIST_INJURED,COUNT_MC_KILLED,COUNT_MC_INJURED,PRIMARY_RAMP,SECONDARY_RAMP,LATITUDE,LONGITUDE,COUNTY,CITY,POINT_X,POINT_Y
9366150,2021,2021-12-06,4113,2021-10-16,0126,459,7,6,5,5,4113,0,0,0,,0,007,"WHIPPLE AV","EL CAMINO REAL",0.00,,Y,A,-,N,,,,,,,,,,Y,3,0,1,1,A,-,01,23152,A,N,E,I,A,A,H,-,C,A,0,,,,,Y,Y,A,81,0,1,0,0,0,0,0,0,0,"- ","- ",37.490379333496094,-122.23979187011719,"SAN MATEO","REDWOOD CITY",-122.23981475830078,37.490398406982422
9366173,2021,2021-12-30,4102,2021-11-08,0817,69800,4MD,1,5,4,4102,0,0,0,,0,002,"CHULA VISTA DR","ESCONDIDO WY",49.00,N,N,A,-,N,,,,,,,,,,N,4,0,2,2,A,-,03,22350,,N,C,C,A,A,H,-,A,A,0,,,,,Y,,A,01,0,0,2,0,0,0,0,0,0,"- ","- ",37.514408111572266,-122.28298950195312,"SAN MATEO",BELMONT,-122.28305816650391,37.514522552490234
9366461,2021,2021-11-30,4113,2021-10-22,2254,480,8,5,5,5,4113,0,0,0,,0,008,"WOODSIDE RD","MARYLAND ST",65.00,W,N,A,-,N,,,84,,,,,,,N,4,0,1,2,A,-,03,22350,,M,B,C,A,A,H,-,C,D,0,,,,,Y,,A,01,0,0,1,0,0,0,0,0,0,"- ","- ",37.452880859375,-122.23011779785156,"SAN MATEO","REDWOOD CITY",-122.22972869873047,37.452701568603516
9366997,2021,2021-11-19,4111,2021-10-03,1401,P5150,P12,7,5,4,4111,0,0,0,,0,0P2,"RT 1","ROCKAWAY BEACH AV",129.00,N,N,A,-,Y,SM,4,1,-,-,42.040,H,-,S,Y,2,0,1,1,A,-,03,22350,,N,H,J,A,A,H,-,A,A,0,,,Y,,Y,,C,02,1,0,0,0,0,0,0,0,1,"- ","- ",,,"SAN MATEO",PACIFICA,-122.49491882324219,37.609016418457031
9367152,2021,2021-12-03,4127,2021-10-28,1619,2185,4127,4,5,4,4127,0,0,0,,0,001,"WILLOW RD","RT 101",250.00,E,N,A,-,Y,SM,4,101,-,-,1.973,R,4,S,N,3,0,1,2,A,-,08,22107,,N,B,G,A,A,H,-,A,D,0,,Y,,,Y,,A,01,0,1,0,0,0,0,1,0,0,"- ",SO,,,"SAN MATEO","EAST PALO ALTO",-122.15682220458984,37.469707489013672
9368240,2021,2021-12-15,4102,2021-11-16,1643,51875,7CD,2,5,4,4102,0,0,0,,0,003,"CARLMONT DR","MERRY MOPPET LN",131.00,S,N,A,-,N,,,,,,,,,,N,3,0,1,2,A,-,11,21950,B,N,G,B,D,A,H,-,A,D,0,Y,,,,Y,,N,60,0,1,0,0,1,0,0,0,0,"- ","- ",37.5101318359375,-122.29376220703125,"SAN MATEO",BELMONT,-122.29679107666016,37.510490417480469
9368380,2021,2021-12-04,4106,2021-10-10,2015,2032,4,7,5,6,4106,0,0,0,,0,003,"HILLCREST DR","VENDOME AV",60.00,W,N,A,-,N,,,,,,,,,,N,3,0,1,2,A,-,11,21954,A,N,G,B,E,A,H,-,C,D,0,Y,,,,Y,,N,60,0,1,0,0,1,0,0,0,0,"- ","- ",,,"SAN MATEO","DALY CITY",-122.46269226074219,37.706058502197266
9368475,2021,2021-12-15,4102,2021-11-20,1935,00675,6C1,6,5,4,4102,0,0,0,,0,003,"READ AV","PONCE AV",383.00,S,N,A,-,N,,,,,,,,,,N,4,0,1,2,A,-,08,22107,,M,B,C,A,A,H,-,D,D,0,,,,,Y,,-,99,0,0,1,0,0,0,0,0,0,"- ","- ",37.514961242675781,-122.30188751220703,"SAN MATEO",BELMONT,-122.30226135253906,37.513965606689453
9368486,2021,2021-12-14,4102,2021-11-15,1840,00675,8SJ,1,5,4,4102,0,0,0,,0,003,"RALSTON AV","CONTINENTALS WY",44.00,W,N,A,-,N,,,,,,,,,,Y,3,0,2,2,A,-,01,23152,A,N,B,C,A,A,H,-,C,A,0,,,,,Y,Y,A,01,0,2,0,0,0,0,0,0,0,"- ","- ",37.512248992919922,-122.30412292480469,"SAN MATEO",BELMONT,-122.30428314208984,37.512298583984375
9369013,2021,2022-01-10,4120,2021-11-09,0943,224,10,2,5,4,4120,0,0,0,,0,00Y,"VINTAGE PARK DR","METRO CENTER BL",130.00,N,N,B,C,N,,,,,,,,,,Y,3,0,1,1,A,-,03,22350,,N,E,I,A,B,H,-,A,D,0,,,,,Y,,A,01,0,1,0,0,0,0,0,0,0,"- ","- ",37.559158325195312,-122.27741241455078,"SAN MATEO","FOSTER CITY",-122.27764892578125,37.559352874755859
9369960,2021,2022-01-18,4102,2021-12-21,2313,98750,10BC,2,5,4,4102,0,0,0,,0,003,"RALSTON AV","TAHOE DR",799.00,E,N,C,E,N,,,,,,,,,,Y,3,0,1,1,A,-,03,22350,,N,E,I,A,B,H,-,C,A,0,,,,,Y,,D,22,0,1,0,0,0,0,0,0,0,"- ","- ",37.512649536132812,-122.30937194824219,"SAN MATEO",BELMONT,-122.31143188476562,37.512672424316406
9370436,2021,2021-12-29,4113,2021-12-01,0614,351,3,3,5,5,4113,0,0,0,,0,003,"EL CAMINO REAL","BEECH ST",0.00,,Y,A,-,Y,SM,4,82,-,-,3.794,I,5,N,N,3,0,1,2,A,-,10,21950,A,N,G,B,B,A,H,-,C,D,0,Y,,,,Y,,D,22,0,1,0,0,1,0,0,0,0,"- ","- ",37.47998046875,-122.22679138183594,"SAN MATEO","REDWOOD CITY",-122.22666168212891,37.479949951171875
9370444,2021,2021-12-29,4113,2021-12-10,1946,477,7,5,5,5,4113,0,0,0,,0,007,"WHIPPLE AV","EL CAMINO REAL",0.00,,Y,A,-,Y,SM,4,82,-,-,4.830,H,-,S,Y,4,0,1,4,A,-,01,23152,A,N,B,C,A,-,H,-,C,A,0,,,,,Y,Y,A,01,0,0,1,0,0,0,0,0,0,"- ","- ",37.490379333496094,-122.23979187011719,"SAN MATEO","REDWOOD CITY",-122.23995208740234,37.490577697753906
9370527,2021,2021-12-27,4127,2021-11-11,2134,2257,4127,4,5,4,4127,0,0,0,,0,002,"ADAMS AV","UNIVERSITY AV",0.00,,Y,A,-,N,,,,,,,,,,Y,4,0,2,2,A,-,09,21804,,N,D,C,A,A,H,-,C,D,0,,,,,Y,,A,01,0,0,2,0,0,0,0,0,0,"- ","- ",,,"SAN MATEO","EAST PALO ALTO",-122.13961791992188,37.478446960449219
9370924,2021,2022-01-07,4113,2021-12-10,1340,479,8,5,5,5,4113,0,0,0,,0,008,"ROOSEVELT AV","RUBY ST",0.00,,Y,A,-,N,,,,,,,,,,N,4,0,1,2,A,-,09,21801,A,N,B,C,A,A,H,-,A,D,0,,,,,Y,,A,01,0,0,1,0,0,0,0,0,0,"- ","- ",37.467880249023438,-122.24005889892578,"SAN MATEO","REDWOOD CITY",-122.23978424072266,37.467845916748047
9375039,2021,2021-12-14,4106,2021-11-12,1306,2154,8,5,5,6,4106,0,0,0,,0,004,"JOHN DALY BL","DORCHESTER DR",0.00,,Y,A,-,N,,,,,,,,,,N,3,0,2,2,A,-,12,21453,A,N,D,C,A,A,H,-,A,D,0,,,,,Y,,A,07,0,1,1,0,0,0,0,0,0,"- ","- ",37.699958801269531,-122.49002075195312,"SAN MATEO","DALY CITY",-122.48996734619141,37.699840545654297
9375040,2021,2021-12-14,4106,2021-11-13,1806,2154,13,6,5,6,4106,0,0,0,,0,006,"SERRAMONTE BL","HWY 1 RAMP",0.00,,Y,A,-,N,,,,,,,,,,N,4,0,1,2,A,-,12,22450,A,N,A,C,A,A,H,-,C,D,0,,,,,Y,,A,01,0,0,1,0,0,0,0,0,0,"- ","- ",37.687919616699219,-122.47020721435547,"SAN MATEO","DALY CITY",,
9375062,2021,2021-12-21,4106,2021-11-15,1754,2154,9,1,5,6,4106,0,0,0,,0,004,"WESTMOOR AV","RT 35",0.00,,Y,B,-,N,,,,,,,,,,N,4,0,1,2,A,-,10,21950,A,N,G,B,B,A,H,-,C,A,0,Y,,,,Y,,A,07,0,0,1,0,1,0,0,0,0,"- ","- ",37.683338165283203,-122.48911285400391,"SAN MATEO","DALY CITY",-122.48910522460938,37.683341979980469
9378927,2021,2021-12-30,4113,2021-11-04,2059,474,5,4,5,5,4113,0,0,0,,0,005,"EL CAMINO REAL","CENTER ST",0.00,,Y,A,-,Y,SM,4,82,-,-,3.180,H,-,N,N,3,0,1,2,A,-,08,22107,,N,H,G,A,A,H,-,C,A,0,,Y,,,Y,,L,04,0,1,0,0,0,0,1,0,0,"- ","- ",37.473808288574219,-122.21823883056641,"SAN MATEO","REDWOOD CITY",-122.21839904785156,37.473987579345703
9379501,2021,2022-01-25,4104,2021-11-30,1152,262,4,2,5,4,4104,0,0,0,,0,00A,"RT 82","CHAPIN AV",0.00,,Y,A,-,Y,SM,4,82,-,-,13.440,I,5,N,Y,4,0,1,2,A,-,09,21801,A,N,D,C,A,A,H,-,A,A,0,,,,,Y,,A,01,0,0,1,0,0,0,0,0,0,"- ","- ",37.576740264892578,-122.35134887695312,"SAN MATEO",BURLINGAME,-122.35137939453125,37.576747894287109
9379506,2021,2022-01-25,4113,2021-12-31,1800,461,2,5,5,5,4113,0,0,0,,0,002,"SEAPORT BL","RT 101",0.00,,Y,A,-,Y,SM,4,101,-,-,5.474,R,4,N,Y,3,0,3,2,A,-,05,21651,B,N,A,C,A,A,H,-,C,D,0,,,,,Y,,A,01,0,1,2,0,0,0,0,0,0,"- ",NO,37.489711761474609,-122.21598052978516,"SAN MATEO","REDWOOD CITY",-122.21421813964844,37.489452362060547
9379631,2021,2022-02-08,4102,2021-12-29,1009,00675,3DT,3,5,4,4102,0,0,0,,0,002,"EL CAMINO REAL","5TH AV",15.00,N,N,C,-,Y,SM,4,82,-,-,7.100,H,-,S,N,3,0,1,2,A,-,03,22350,,N,C,C,A,B,H,-,A,D,0,,,,,Y,,A,01,0,1,0,0,0,0,0,0,0,"- ","- ",37.514659881591797,-122.26936340332031,"SAN MATEO",BELMONT,-122.26866149902344,37.514171600341797
9380619,2021,2022-02-01,4104,2021-11-24,1531,0243,22,3,5,4,4104,0,0,0,,0,00C,"AIRPORT BL","BAYVIEW PL",485.00,N,N,A,-,N,,,,,,,,,,N,3,0,1,1,A,-,01,23152,A,N,E,I,A,A,H,-,A,D,0,,,,,Y,Y,A,01,0,1,0,0,0,0,0,0,0,"- ","- ",37.590038299560547,-122.34293365478516,"SAN MATEO",BURLINGAME,-122.33909606933594,37.591007232666016
9380690,2021,2022-02-08,4106,2021-12-21,0729,2146,7,2,5,6,4106,0,0,0,,0,002,"LISBON ST","CHESTER ST",0.00,,Y,A,-,N,,,,,,,,,,Y,3,0,1,2,A,-,12,22450,A,N,D,C,A,A,H,-,B,D,0,,,,,Y,,A,07,0,1,0,0,0,0,0,0,0,"- ","- ",37.687961578369141,-122.45821380615234,"SAN MATEO","DALY CITY",-122.45821380615234,37.687950134277344
9380692,2021,2022-02-10,4106,2021-12-06,1503,2122,10,1,5,6,4106,0,0,0,,0,004,"SKYLINE BL","WESTMOOR AV",85.00,N,N,A,-,N,,,35,,,,,,,N,3,0,1,2,A,-,03,22350,,N,C,C,A,A,H,-,A,D,0,,,,,Y,,A,01,0,1,0,0,0,0,0,0,0,"- ","- ",37.683338165283203,-122.48911285400391,"SAN MATEO","DALY CITY",-122.48912048339844,37.683341979980469
9380822,2021,2022-02-02,4103,2021-12-02,1930,LU400,1,4,5,2,4103,0,0,0,,0,00U,"BEATTY AV","TUNNEL AV",933.00,E,N,A,-,N,,,,,,,,,,Y,3,0,1,2,A,-,01,23152,A,N,A,C,A,A,H,-,C,D,0,,,,Y,Y,Y,A,01,0,1,0,0,0,0,0,0,0,"- ","- ",37.706710815429688,-122.40113830566406,"SAN MATEO",BRISBANE,-122.39789581298828,37.706699371337891
9381480,2021,2022-01-27,4106,2021-12-24,1248,2154,13B,5,5,6,4106,0,0,0,,0,006,"GELLERT BL","SERRAMONTE BL",0.00,,Y,B,-,N,,,,,,,,,,Y,4,0,1,2,A,-,03,22350,,N,C,C,A,A,H,-,A,A,0,,,,,Y,,A,07,0,0,1,0,0,0,0,0,0,"- ","- ",37.669109344482422,-122.46880340576172,"SAN MATEO","DALY CITY",-122.46897125244141,37.669059753417969
9381794,2021,2022-01-24,4104,2021-10-14,1450,0243,17,4,5,4,4104,0,0,0,,0,00B,"TROUSDALE DR","CASTENADA DR",0.00,,Y,A,-,N,,,,,,,,,,N,3,0,1,2,A,-,12,22450,,N,D,C,A,A,H,-,A,A,0,,,,,Y,,A,01,0,1,0,0,0,0,0,0,0,"- ","- ",37.587059020996094,-122.38983917236328,"SAN MATEO",BURLINGAME,-122.38986968994141,37.587043762207031
9381893,2021,2022-02-18,4106,2021-12-29,1800,2183,14,3,5,6,4106,0,0,0,,0,006,"HICKEY BL","RT 280",0.00,,Y,C,-,N,,,,,,,,,,N,3,0,1,2,A,-,12,21453,,N,D,D,A,B,G,-,C,A,0,,,,,Y,,D,22,0,1,0,0,0,0,0,0,0,"- ",SO,37.664138793945312,-122.46810913085938,"SAN MATEO","DALY CITY",-122.46585845947266,37.663532257080078
9382835,2021,2021-12-31,4113,2021-11-25,1633,488,5,4,5,5,4113,0,0,0,,0,005,"EL CAMINO REAL","OAKWOOD DR",0.00,,Y,A,-,N,,,82,,,,,,,Y,3,0,3,2,A,-,08,22107,,N,B,C,A,A,H,-,A,D,0,,,,,Y,,D,22,0,2,1,0,0,0,0,0,0,"- ","- ",37.470149993896484,-122.21375274658203,"SAN MATEO","REDWOOD CITY",-122.21352386474609,37.470458984375
9383274,2021,2021-12-29,4113,2021-11-18,1218,488,11,4,5,5,4113,0,0,0,,0,023,"MAIN ST","BRADFORD ST",0.00,,Y,A,-,N,,,,,,,,,,N,3,0,2,2,A,-,09,21802,A,N,D,C,A,A,H,-,A,D,0,,,,,Y,,A,01,0,1,1,0,0,0,0,0,0,"- ","- ",37.488719940185547,-122.22644805908203,"SAN MATEO","REDWOOD CITY",-122.22647094726562,37.48870849609375
9383275,2021,2021-12-29,4113,2021-11-26,1343,489,2,5,5,5,4113,0,0,0,,0,002,"WHIPPLE AV","VETERANS BL",0.00,,Y,A,-,N,,,,,,,,,,N,3,0,1,2,A,-,03,22350,,N,C,C,A,A,H,-,A,A,0,,,,,Y,,A,01,0,1,0,0,0,0,0,0,0,"- ","- ",37.494678497314453,-122.23441314697266,"SAN MATEO","REDWOOD CITY",-122.23451995849609,37.494548797607422
9383276,2021,2021-12-29,4113,2021-11-26,0219,463,3,5,5,5,4113,0,0,0,,0,003,"BEECH ST","BAY RD",0.00,,Y,A,-,N,,,,,,,,,,Y,3,0,1,4,A,-,01,23152,A,M,B,E,A,A,H,-,C,D,0,,,,,Y,Y,A,07,0,1,0,0,0,0,0,0,0,"- ","- ",37.486278533935547,-122.22088623046875,"SAN MATEO","REDWOOD CITY",-122.2210693359375,37.486045837402344
9385421,2021,2022-02-03,4127,2021-10-09,2314,2269,4127,6,5,4,4127,0,0,0,,0,003,"EAST BAYSHORE RD","PULGAS AV",190.00,N,N,-,-,N,,,,,,,,,,Y,4,0,1,2,A,-,01,23152,A,N,-,-,A,-,-,-,-,-,0,,,,,Y,Y,A,01,0,0,1,0,0,0,0,0,0,"- ","- ",,,"SAN MATEO","EAST PALO ALTO",-122.13047027587891,37.454685211181641
9389929,2021,2022-01-10,4127,2021-01-17,1038,2243,4127,7,5,4,4127,0,0,0,,0,003,"CLARKE AV","CLARKE AV  2000 BLOCK",8.00,S,N,A,-,N,,,,,,,,,,N,3,0,1,2,A,-,09,21801,,N,D,G,A,A,H,-,A,D,0,,Y,,,Y,,A,01,0,1,0,0,0,0,1,0,0,"- ","- ",,,"SAN MATEO","EAST PALO ALTO",,
9390250,2021,2022-01-14,4106,2021-11-19,1846,2154,13A,5,5,6,4106,0,0,0,,0,006,"SERRAMONTE CTR","GELLERT BL",568.00,W,N,B,-,N,,,,,,,,,,Y,4,0,1,2,A,-,09,21801,A,N,D,C,A,B,H,-,C,A,0,,,,,Y,,A,01,0,0,1,0,0,0,0,0,0,"- ","- ",,,"SAN MATEO","DALY CITY",-122.46894836425781,37.669124603271484
9390319,2021,2022-02-03,4106,2021-12-14,1433,2146,12,2,5,6,4106,0,0,0,,0,005,"EDGEMONT DR","WESTMOOR AV",0.00,,Y,A,-,N,,,,,,,,,,N,3,0,1,2,A,-,10,21950,A,N,G,B,B,A,H,-,A,D,0,Y,,,,Y,,A,01,0,1,0,0,1,0,0,0,0,"- ","- ",,,"SAN MATEO","DALY CITY",-122.48483276367188,37.683467864990234
9390404,2021,2022-02-24,4106,2021-11-29,0940,2146,4,1,5,6,4106,0,0,0,,0,003,"JOHN DALY BL","JUNIPERO SERRA BL",0.00,,Y,A,-,N,,,,,,,,,,N,4,0,1,2,A,-,08,22101,D,M,B,C,A,A,H,-,A,A,0,,,,,Y,,-,"- ",0,0,1,0,0,0,0,0,0,"- ","- ",37.705020904541016,-122.46901702880859,"SAN MATEO","DALY CITY",-122.47087097167969,37.704978942871094
9390461,2021,2022-01-21,4113,2021-11-16,1533,433,3,2,5,5,4113,0,0,0,,0,003,"MAPLE ST","EL CAMINO REAL",0.00,,Y,A,-,N,,,,,,,,,,N,4,0,1,2,A,-,10,21950,A,N,G,B,B,A,H,-,A,A,0,Y,,,,Y,,A,01,0,0,1,0,1,0,0,0,0,"- ","- ",37.480289459228516,-122.22720336914062,"SAN MATEO","REDWOOD CITY",-122.22720336914062,37.480293273925781
9390656,2021,2022-01-20,4106,2021-10-21,0025,2092,13,4,5,6,4106,0,0,0,,0,006,"HICKEY BL","CALLAN BL",30.00,N,N,B,-,N,,,,,,,,,,Y,3,0,2,2,A,-,12,21453,A,N,A,C,A,B,H,-,C,A,0,,,,,Y,,A,01,0,2,0,0,0,0,0,0,0,"- ","- ",37.665340423583984,-122.47473907470703,"SAN MATEO","DALY CITY",-122.47464752197266,37.665340423583984
9391626,2021,2022-01-20,4113,2021-12-24,1247,464,4,5,5,5,4113,0,0,0,,0,004,"WOODSIDE RD","BAY RD",0.00,,Y,A,-,N,,,84,,,,,,,N,3,0,1,3,A,-,03,22350,,N,C,D,A,A,H,-,A,A,0,,,,,Y,,A,01,0,1,0,0,0,0,0,0,0,"- ","- ",37.487049102783203,-122.21421051025391,"SAN MATEO","REDWOOD CITY",-122.21422576904297,37.487052917480469
9391627,2021,2022-01-20,4113,2021-12-26,1731,469,4,7,5,5,4113,0,0,0,,0,004,"2ND AV","SPRING ST",0.00,,Y,C,-,N,,,,,,,,,,N,3,0,1,2,A,-,05,21651,B,N,H,G,A,B,H,-,D,A,0,,Y,,,Y,,L,04,0,1,0,0,0,0,1,0,0,"- ","- ",37.481060028076172,-122.20243072509766,"SAN MATEO","REDWOOD CITY",-122.20241546630859,37.481056213378906
9391628,2021,2022-02-03,4113,2021-12-20,1748,488,8,1,5,5,4113,0,0,0,,0,008,"GLENNAN DR","COUNTRY CLUB DR",62.00,N,N,A,-,N,,,,,,,,,,Y,4,0,1,2,A,-,08,22107,,N,B,C,A,A,H,-,B,D,0,,,,,Y,,A,07,0,0,1,0,0,0,0,0,0,"- ","- ",37.458278656005859,-122.24939727783203,"SAN MATEO","REDWOOD CITY",-122.24960327148438,37.458335876464844
9391662,2021,2022-01-20,4113,2021-12-28,1028,488,2,2,5,5,4113,0,0,0,,0,002,"VETERANS BL","JEFFERSON AV",0.00,,Y,C,-,N,,,,,,,,,,Y,3,0,2,2,A,-,12,21453,A,N,D,C,A,B,H,-,A,A,0,,,,,Y,,A,07,0,2,0,0,0,0,0,0,0,"- ","- ",37.490470886230469,-122.22843933105469,"SAN MATEO","REDWOOD CITY",-122.22840881347656,37.490299224853516
9393312,2021,2022-02-08,4106,2021-12-16,1921,2152,4,4,5,6,4106,0,0,0,,0,003,"JOHN DALY BL","SANTA BARBARA AV",0.00,,Y,A,-,N,,,,,,,,,,Y,4,0,2,2,A,-,04,21703,,N,C,C,A,B,H,-,C,A,0,,,,,Y,,A,01,0,0,2,0,0,0,0,0,0,"- ","- ",37.705101013183594,-122.46412658691406,"SAN MATEO","DALY CITY",-122.46411895751953,37.705104827880859
9395764,2021,2022-02-18,4127,2021-11-02,1050,2264,4127,2,5,4,4127,0,0,0,,0,001,"E WILLOW RD","RT 101",0.00,,Y,A,-,Y,SM,4,114,-,-,5.066,I,5,N,N,4,0,1,2,A,-,08,22101,D,N,H,G,A,A,H,-,A,A,0,,Y,,,Y,,L,04,0,0,1,0,0,0,1,0,0,"- ",NO,,,"SAN MATEO","EAST PALO ALTO",-122.15496826171875,37.4698486328125
9395873,2021,2022-02-10,4127,2021-12-26,1800,2264,4127,7,5,4,4127,0,0,0,,0,001,"WILLOW RD","RT 101",51.00,N,N,C,-,N,,,,,,,,,,Y,4,0,1,2,A,-,08,22107,,N,D,C,A,B,H,-,C,A,0,,,,,Y,,A,01,0,0,1,0,0,0,0,0,0,"- ",NF,,,"SAN MATEO","EAST PALO ALTO",,
9396601,2021,2022-02-04,4127,2021-11-21,2125,2269,4127,7,5,4,4127,0,0,0,,0,003,"COOLEY AV","DONOHOE ST",192.00,E,N,A,-,N,,,,,,,,,,N,3,0,1,2,A,-,06,21750,A,N,B,C,A,A,H,-,C,D,0,,,,,Y,,A,01,0,1,0,0,0,0,0,0,0,"- ","- ",,,"SAN MATEO","EAST PALO ALTO",-122.13923645019531,37.462539672851562
9400371,2021,2022-02-07,4127,2021-09-20,0818,2243,4127,1,5,4,4127,0,0,0,,0,003,"GARDEN ST","GARDEN ST 910",0.00,,Y,A,-,N,,,,,,,,,,N,3,0,1,2,A,-,03,22350,,N,G,B,E,A,H,-,A,D,0,Y,,,,Y,,A,01,0,1,0,0,1,0,0,0,0,"- ","- ",,,"SAN MATEO","EAST PALO ALTO",-122.31039428710938,37.968208312988281
9400373,2021,2022-02-07,4127,2021-09-04,1511,2233,4127,6,5,4,4127,0,0,0,,0,003,"EAST BAYSHORE RD","E BAYSHORE RD 1781",0.00,,Y,A,-,N,,,,,,,,,,N,3,0,1,2,D,-,00,,,N,A,B,D,A,H,-,A,D,0,Y,,,,Y,,-,"- ",0,1,0,0,1,0,0,0,0,"- ","- ",,,"SAN MATEO","EAST PALO ALTO",-122.13077545166016,37.454524993896484
9400395,2021,2022-02-07,4127,2021-11-03,1800,2247,4127,3,5,4,4127,0,0,0,,0,004,"WEST BAYSHORE RD","NEWELL RD",24.00,W,N,A,-,N,,,,,,,,,,Y,3,0,1,2,A,-,03,22350,,N,D,C,A,A,H,-,A,A,0,,,,,Y,,A,01,0,1,0,0,0,0,0,0,0,"- ","- ",,,"SAN MATEO","EAST PALO ALTO",-122.13667297363281,37.457637786865234
9402559,2021,2022-02-10,4120,2021-12-21,1901,213,8,2,5,4,4120,0,0,0,,0,00Y,"EDGEWATER BL","BEACH PARK BL",0.00,,Y,B,C,N,,,,,,,,,,N,4,0,2,2,D,-,00,,,N,D,C,A,B,H,-,C,A,0,,,,,Y,,-,"- ",0,0,2,0,0,0,0,0,0,"- ","- ",37.545829772949219,-122.27227020263672,"SAN MATEO","FOSTER CITY",-122.27241516113281,37.545749664306641
9402704,2021,2022-03-24,4127,2021-11-10,1843,2253,4127,3,5,4,4127,0,0,0,,0,001,"WILLOW RD","RT 101",29.00,E,N,A,-,Y,SM,4,114,-,-,5.080,H,-,S,Y,4,0,1,2,A,-,04,21703,,N,C,C,A,A,H,-,C,A,0,,,,,Y,,A,01,0,0,1,0,0,0,0,0,0,"- ",NO,,,"SAN MATEO","EAST PALO ALTO",-122.15508270263672,37.47015380859375
9403244,2021,2022-02-22,4127,2021-12-28,0552,2242,4127,2,5,4,4127,0,0,0,,0,001,"WILLOW RD","RT 101",100.00,W,N,C,-,Y,SM,4,101,-,-,1.854,R,4,N,N,4,0,1,3,A,-,03,22350,,N,C,C,A,B,H,-,C,A,0,,,,,Y,Y,A,01,0,0,1,0,0,0,0,0,0,"- ","- ",,,"SAN MATEO","EAST PALO ALTO",-122.15502166748047,37.468883514404297
9404853,2021,2022-12-06,4108,2021-09-25,1445,9907,1,6,5,3,4108,0,0,0,,0,0NN,"FARM LN","BARROILHET AV",125.00,N,N,A,-,N,,,,,,,,,,N,3,0,1,1,A,-,03,22350,,N,H,A,A,A,H,-,A,D,0,,,,,Y,,-,,0,1,0,0,0,0,0,0,0,"- ","- ",37.560909271240234,-122.36015319824219,"SAN MATEO",HILLSBOROUGH,-122.36076354980469,37.560939788818359
9404884,2021,2022-02-09,4127,2021-11-10,1521,2253,4127,3,5,4,4127,0,0,0,,0,001,"ALBERNI ST","MENALTO AV",6.00,N,N,A,-,N,,,,,,,,,,N,4,0,1,3,A,-,08,22107,,N,B,C,A,A,H,-,A,A,0,,,,,Y,,A,08,0,0,1,0,0,0,0,0,0,"- ","- ",,,"SAN MATEO","EAST PALO ALTO",-122.14933013916016,37.473472595214844
9409415,2021,2022-03-08,4127,2021-05-22,2500,2263,99,6,5,4,4127,0,0,0,,0,099,"ABELIA WY","CAMELLIA DR",54.00,W,N,A,-,N,,,,,,,,,,N,4,0,1,2,A,-,08,22107,,M,C,E,A,A,H,-,C,D,0,,,,,Y,,-,99,0,0,1,0,0,0,0,0,0,"- ","- ",,,"SAN MATEO","EAST PALO ALTO",-122.12722778320312,37.456649780273438
9409426,2021,2022-03-15,4127,2021-09-20,1615,279,4127,1,5,4,4127,0,0,0,,0,003,"EAST BAYSHORE RD","DONOHOE ST",0.00,,Y,A,-,N,,,,,,,,,,N,2,0,1,2,A,-,09,21453,B,F,H,G,A,A,H,-,A,A,0,,Y,,,Y,,A,01,1,0,0,0,0,0,1,0,0,"- ","- ",,,"SAN MATEO","EAST PALO ALTO",-122.14408111572266,37.462825775146484