CASE_ID,ACCIDENT_YEAR,PROC_DATE,JURIS,COLLISION_DATE,COLLISION_TIME,OFFICER_ID,REPORTING_DISTRICT,DAY_OF_WEEK,CHP_SHIFT,POPULATION,CNTY_CITY_LOC,SPECIAL_COND,BEAT_TYPE,CHP_BEAT_TYPE,CITY_DIVISION_LAPD,CHP_BEAT_CLASS,BEAT_NUMBER,PRIMARY_RD,SECONDARY_RD,DISTANCE,DIRECTION,INTERSECTION,WEATHER_1,WEATHER_2,STATE_HWY_IND,CALTRANS_COUNTY,CALTRANS_DISTRICT,STATE_ROUTE,ROUTE_SUFFIX,POSTMILE_PREFIX,POSTMILE,LOCATION_TYPE,RAMP_INTERSECTION,SIDE_OF_HWY,TOW_AWAY,COLLISION_SEVERITY,NUMBER_KILLED,NUMBER_INJURED,PARTY_COUNT,PRIMARY_COLL_FACTOR,PCF_CODE_OF_VIOL,PCF_VIOL_CATEGORY,PCF_VIOLATION,PCF_VIOL_SUBSECTION,HIT_AND_RUN,TYPE_OF_COLLISION,MVIW,PED_ACTION,ROAD_SURFACE,ROAD_COND_1,ROAD_COND_2,LIGHTING,CONTROL_DEVICE,CHP_ROAD_TYPE,PEDESTRIAN_ACCIDENT,BICYCLE_ACCIDENT,MOTORCYCLE_ACCIDENT,TRUCK_ACCIDENT,NOT_PRIVATE_PROPERTY,ALCOHOL_INVOLVED,STWD_VEHTYPE_AT_FAULT,CHP_VEHTYPE_AT_FAULT,COUNT_SEVERE_INJ,COUNT_VISIBLE_INJ,COUNT_COMPLAINT_PAIN,COUNT_PED_KILLED,COUNT_PED_INJURED,COUNT_BICYCLIST_KILLED,COUNT_BICYCLIST_INJURED,COUNT_MC_KILLED,COUNT_MC_INJURED,PRIMARY_RAMP,SECONDARY_RAMP,LATITUDE,LONGITUDE,COUNTY,CITY,POINT_X,POINT_Y
9409435,2021,2022-03-07,4127,2021-06-22,1907,2263,4127,2,5,4,4127,0,0,0,,0,003,"UNIVERSITY AV","DONOHOE ST",0.00,,Y,A,-,N,,,,,,,,,,Y,2,0,1,2,A,-,12,21453,,N,D,G,A,A,H,-,A,D,0,,Y,,,Y,,L,04,1,0,0,0,0,0,1,0,0,"- ","- ",,,"SAN MATEO","EAST PALO ALTO",-122.14170074462891,37.462661743164062
9410861,2021,2022-02-17,4127,2021-03-06,2004,2243,4127,6,5,4,4127,0,0,0,,0,002,"BAY RD","PULGAS AV",0.00,,Y,A,-,N,,,,,,,,,,N,3,0,1,2,A,-,08,22107,,F,G,B,E,A,H,-,C,D,0,Y,,,,Y,,A,01,0,1,0,0,1,0,0,0,0,"- ","- ",,,"SAN MATEO","EAST PALO ALTO",-122.13187408447266,37.472911834716797
9412096,2021,2022-03-15,4127,2021-09-05,1726,2269,4127,7,5,4,4127,0,0,0,,0,003,"WISTERIA DR","DAPHNY WY",0.00,,Y,A,-,N,,,,,,,,,,N,3,0,1,2,A,-,11,21950,B,N,G,B,D,A,H,-,A,A,0,Y,,,,Y,,N,60,0,1,0,0,1,0,0,0,0,"- ","- ",,,"SAN MATEO","EAST PALO ALTO",-122.12490844726562,37.456432342529297
9412108,2021,2022-02-22,4127,2021-10-20,1830,2246,4127,3,5,4,4127,0,0,0,,0,002,"COOLEY AV","UNIVERSITY AV",0.00,,Y,A,-,N,,,,,,,,,,N,3,0,1,2,A,-,"- ",,,N,D,G,A,A,H,-,B,D,0,,Y,,,Y,,-,"- ",0,1,0,0,0,0,1,0,0,"- ","- ",,,"SAN MATEO","EAST PALO ALTO",-122.13977813720703,37.470878601074219
9412913,2021,2022-03-07,4127,2021-12-15,1629,2222,4127,3,5,4,4127,0,0,0,,0,001,"DONOHOE ST","EUCLID AV",268.00,S,N,A,-,N,,,,,,,,,,N,3,0,2,2,A,-,03,22350,,N,C,C,A,A,H,-,A,D,0,,,,,Y,,A,01,0,1,1,0,0,0,0,0,0,"- ","- ",,,"SAN MATEO","EAST PALO ALTO",-122.14316558837891,37.462726593017578
9412919,2021,2022-03-07,4106,2021-12-23,1542,2176,13B,4,5,6,4106,0,0,0,,0,006,"GELLERT BL","HICKEY BL",370.00,N,N,A,-,N,,,,,,,,,,Y,4,0,2,2,A,-,08,22107,,N,D,C,A,B,H,-,A,D,0,,,,,Y,,A,01,0,0,2,0,0,0,0,0,0,"- ","- ",37.665370941162109,-122.46936798095703,"SAN MATEO","DALY CITY",-122.46898651123047,37.665458679199219
9413979,2021,2022-03-02,4127,2021-12-10,1836,2268,4127,5,5,4,4127,0,0,0,,0,003,"DONOHOE ST","UNIVERSITY AV",0.00,,Y,A,-,N,,,,,,,,,,N,3,0,1,2,A,-,21,22106,,N,C,C,A,A,H,-,C,A,0,,,,,Y,,A,01,0,1,0,0,0,0,0,0,0,"- ","- ",,,"SAN MATEO","EAST PALO ALTO",-122.14170074462891,37.462661743164062
9417285,2021,2022-03-21,4127,2021-09-13,2110,2158,4127,1,5,4,4127,0,0,0,,0,001,"NEWBRIDGE ST","WESTMINSTER AV",0.00,,Y,A,-,N,,,,,,,,,,N,3,0,1,2,A,-,03,22350,,F,C,E,A,A,H,-,C,D,0,,,,,Y,,A,01,0,1,0,0,0,0,0,0,0,"- ","- ",,,"SAN MATEO","EAST PALO ALTO",-122.15283966064453,37.472274780273438
9426649,2021,2022-04-05,4127,2021-11-24,1420,2268,4127,3,5,4,4127,0,0,0,,0,003,"TERRA VILLA AV","GARDEN ST",0.00,,Y,A,-,N,,,,,,,,,,Y,3,0,1,1,A,-,08,22107,,M,B,I,A,A,H,-,A,D,0,,,,,Y,,A,01,0,1,0,0,0,0,0,0,0,"- ","- ",,,"SAN MATEO","EAST PALO ALTO",-122.13112640380859,37.466926574707031
9443783,2021,2022-05-17,4119,2021-12-09,0830,2006,,4,5,2,4119,0,0,0,,0,001,"87TH ST","NIMITZ DR",0.00,,Y,A,-,N,,,,,,,,,,N,3,0,1,2,A,-,10,21950,A,N,G,B,B,A,H,-,A,A,0,Y,,,,Y,,A,01,0,1,0,0,1,0,0,0,0,"- ","- ",,,"SAN MATEO",BROADMOOR,-122.48526763916016,37.693439483642578
81433437,2021,2021-03-23,4117,2021-03-09,0214,15PN05,08AL,2,5,5,4117,0,0,0,,0,004,"AIRPORT BL","GRAND AV",5.00,N,-,A,-,N,,,,,,,,,,N,3,0,1,2,A,-,04,21703,,F,C,C,A,A,H,-,C,A,0,,,,,Y,,A,01,0,1,0,0,0,0,0,0,0,"- ","- ",37.654651641845703,-122.40789794921875,"SAN MATEO","SOUTH SAN FRANCISCO",-122.40785980224609,37.654682159423828
81434533,2021,2021-03-24,4117,2021-03-09,1810,06KW06,08AH,2,5,5,4117,0,0,0,,0,001,"SPRUCE AV","BADEN AV",30.00,S,-,C,-,N,,,,,,,,,,Y,3,0,1,2,A,-,04,21703,,F,C,C,A,B,H,-,C,A,0,,,,,Y,,A,01,0,1,0,0,0,0,0,0,0,"- ","- ",37.655490875244141,-122.41636657714844,"SAN MATEO","SOUTH SAN FRANCISCO",-122.4163818359375,37.655410766601562
81434563,2021,2021-03-24,4117,2021-02-26,1150,01CG09,17BL,5,5,5,4117,0,0,0,,0,003,"WESTBOROUGH BL","JUNIPERO SERRA BL",0.00,,Y,A,-,Y,,,,,,,,,,Y,4,0,1,2,A,-,12,21453,A,N,H,C,A,A,H,-,A,A,0,,,,,Y,,A,01,0,0,1,0,0,0,0,0,0,"- ","- ",37.6461181640625,-122.44857788085938,"SAN MATEO","SOUTH SAN FRANCISCO",-122.44859313964844,37.646110534667969
81437320,2021,2021-03-26,4117,2021-03-12,1038,18LO10,06AJ,5,5,5,4117,0,0,0,,0,004,"AIRPORT BL","SISTER CITIES BL",35.00,N,-,A,-,N,,,,,,,,,,Y,3,0,1,2,A,-,04,21703,,N,C,C,A,A,H,-,A,A,0,,,,,Y,,I,11,0,1,0,0,0,0,0,0,0,"- ","- ",37.664329528808594,-122.39929962158203,"SAN MATEO","SOUTH SAN FRANCISCO",-122.39913177490234,37.664409637451172
81439266,2021,2021-03-30,4117,2021-03-05,1000,18VM09,21AI,5,5,5,4117,0,0,0,,0,003,"MISSION RD","SEQUOIA AV",0.00,,Y,A,-,N,,,,,,,,,,Y,3,0,1,2,A,-,21,22106,,F,H,C,A,A,H,-,A,D,0,,,,,Y,,D,22,0,1,0,0,0,0,0,0,0,"- ","- ",37.657539367675781,-122.43434906005859,"SAN MATEO","SOUTH SAN FRANCISCO",-122.44020843505859,37.662147521972656
81441109,2021,2021-04-01,4117,2021-03-23,2015,04JL03,25AA,2,5,5,4117,0,0,0,,0,003,SR-82,"WESTBOROUGH BL",0.00,,Y,A,-,Y,,,82,,,,,,,N,3,0,1,1,A,-,08,22107,,N,E,I,A,A,H,-,C,A,0,,,Y,,Y,,C,02,0,1,0,0,0,0,0,0,1,"- ","- ",37.648811340332031,-122.43031311035156,"SAN MATEO","SOUTH SAN FRANCISCO",-122.42985534667969,37.649093627929688
81441162,2021,2021-04-01,4117,2021-03-20,1634,02JF10,08AG,6,5,5,4117,0,0,0,,0,001,"COMMERCIAL AV","SPRUCE AV",0.00,,Y,A,-,N,,,,,,,,,,N,3,0,1,2,A,-,09,21802,A,N,D,C,A,A,H,-,A,A,0,,,,,Y,,A,01,0,1,0,0,0,0,0,0,0,"- ","- ",37.654541015625,-122.41668701171875,"SAN MATEO","SOUTH SAN FRANCISCO",-122.41670227050781,37.654533386230469
81442102,2021,2021-04-02,4117,2021-03-17,1018,04JL03,17AS,3,5,5,4117,0,0,0,,0,003,"ALTA MESA DR","VERANO DR",40.00,E,-,B,-,N,,,,,,,,,,N,2,0,1,2,A,-,21,22106,,F,G,B,A,A,H,-,A,D,0,,,,,Y,,A,07,1,0,0,0,0,0,0,0,0,"- ","- ",37.655139923095703,-122.44560241699219,"SAN MATEO","SOUTH SAN FRANCISCO",-122.44564056396484,37.654945373535156
81442221,2021,2021-04-02,4117,2021-02-17,1659,00KS20,25AA,3,5,5,4117,0,0,0,,0,003,SR-82,"CHESTNUT BLVD.",55.00,S,-,A,-,N,,,,,,,,,,N,4,0,1,2,A,-,21,22106,,N,C,C,A,A,H,-,A,A,0,,,,,Y,,D,22,0,0,1,0,0,0,0,0,0,"- ","- ",37.654308319091797,-122.43617248535156,"SAN MATEO","SOUTH SAN FRANCISCO",-122.43418884277344,37.655128479003906
81450303,2021,2021-04-14,4117,2021-04-10,1059,04JL03,08AF,6,5,5,4117,0,0,0,,0,001,"MAPLE AV","SECOND LN",0.00,,Y,A,-,N,,,,,,,,,,N,3,0,1,2,A,-,09,21804,A,N,D,C,A,A,H,-,A,D,0,,,,,Y,,A,07,0,1,0,0,0,0,0,0,0,"- ","- ",37.654109954833984,-122.41278839111328,"SAN MATEO","SOUTH SAN FRANCISCO",-122.41297912597656,37.65423583984375
81451051,2021,2021-04-15,4117,2021-03-21,0857,19JS03,17AX,7,5,5,4117,0,0,0,,0,003,"WESTBOROUGH BL","CAMARITAS AV",0.00,,Y,A,-,N,,,,,,,,,,N,3,0,1,2,A,-,12,21453,A,M,D,C,A,A,H,-,A,A,0,,,,,Y,,A,01,0,1,0,0,0,0,0,0,0,"- ","- ",37.654308319091797,-122.43617248535156,"SAN MATEO","SOUTH SAN FRANCISCO",-122.43611907958984,37.654315948486328
81451753,2021,2021-04-16,4117,2021-02-11,1610,18JA13,10AF,4,5,5,4117,0,0,0,,0,002,SR-82,"SPRUCE AV",320.00,N,-,C,-,Y,,,82,,,,,,,Y,3,0,3,3,A,-,03,22350,,N,C,C,A,B,H,-,A,A,0,,,,,Y,,A,01,0,2,1,0,0,0,0,0,0,"- ","- ",37.643089294433594,-122.42559051513672,"SAN MATEO","SOUTH SAN FRANCISCO",-122.42547607421875,37.643177032470703
81453270,2021,2021-04-19,4109,2021-02-26,0950,145989,18,5,5,4,4109,0,0,0,,0,004,"WILLOW RD","HAMILTON AV",408.00,W,-,A,-,N,,,,,,,,,,Y,3,0,1,2,A,-,03,22350,,F,C,C,A,A,H,-,A,D,0,,,,Y,Y,,A,01,0,1,0,0,0,0,0,0,0,"- ","- ",37.452960968017578,-122.18171691894531,"SAN MATEO","MENLO PARK",-122.15190124511719,37.479579925537109
81453584,2021,2021-04-19,4117,2021-04-03,1136,03ML07,01AQ,6,5,5,4117,0,0,0,,0,001,"EAST GRAND AV","EAST GRAND AV",0.00,,Y,A,-,N,,,,,,,,,,Y,3,0,1,2,A,-,12,21453,A,N,D,C,A,A,H,-,A,A,0,,,,,Y,,A,01,0,1,0,0,0,0,0,0,0,"- ","- ",37.652408599853516,-122.39340972900391,"SAN MATEO","SOUTH SAN FRANCISCO",,
81453642,2021,2021-04-19,4109,2021-01-25,1853,14658,18,1,5,4,4109,0,0,0,,0,004,"HAMILTON AV","WILLOW RD",2.00,N,-,A,-,N,,,,,,,,,,N,3,0,1,2,A,-,03,22350,,N,C,C,A,A,H,-,C,A,0,,,,,Y,,A,08,0,1,0,0,0,0,0,0,0,"- ","- ",37.479660034179688,-122.15104675292969,"SAN MATEO","MENLO PARK",-122.15189361572266,37.479579925537109
81458213,2021,2021-04-26,4117,2021-04-20,1222,04JL03,10AB,2,5,5,4117,0,0,0,,0,001,"SOUTH MAPLE AV","VICTORY AV",889.00,S,-,B,-,N,,,,,,,,,,Y,1,1,2,3,A,-,03,22350,,N,A,C,A,A,H,-,A,D,0,,,,Y,Y,,A,01,2,0,0,0,0,0,0,0,0,"- ","- ",37.645168304443359,-122.41580963134766,"SAN MATEO","SOUTH SAN FRANCISCO",-122.41618347167969,37.644924163818359
81463572,2021,2021-04-30,4100,2021-04-16,1444,19810,,5,5,3,4110,0,0,0,,0,,"TAYLOR BLVD","MAGNOLIA AVE",0.00,,Y,A,-,N,,,,,,,,,,N,3,0,1,2,A,-,10,21950,A,N,G,B,B,A,H,-,A,D,0,Y,,,,Y,,D,22,0,1,0,0,1,0,0,0,0,"- ","- ",,,"SAN MATEO",MILLBRAE,-122.39464569091797,37.602142333984375
81466355,2021,2021-05-05,4117,2021-05-03,1406,16AP10,25AA,1,5,5,4117,0,0,0,,0,003,SR-82,"WEST ORANGE AV",0.00,,Y,A,-,Y,,,82,,,,,,,Y,3,0,3,2,A,-,12,21453,A,N,D,C,A,A,H,-,A,A,0,,,,,Y,,A,01,0,3,0,0,0,0,0,0,0,"- ","- ",37.6551513671875,-122.43448638916016,"SAN MATEO","SOUTH SAN FRANCISCO",-122.4344482421875,37.655200958251953
81467806,2021,2021-05-07,4109,2021-04-26,1330,145882,26,1,5,4,4109,0,0,0,,0,001,"MIDDLE AV","WESTERN CURB PROLONGATION LINE OF FREMONT ST",45.00,W,-,B,-,N,,,,,,,,,,N,3,0,1,3,A,-,17,22517,,N,H,G,A,A,H,-,A,D,0,,Y,,,Y,,D,22,0,1,0,0,0,0,1,0,0,"- ","- ",37.444419860839844,-122.18225860595703,"SAN MATEO","MENLO PARK",,
81468184,2021,2021-05-07,4117,2021-02-16,1533,04JL03,08AC,2,5,5,4117,0,0,0,,0,004,"MILLER AV","MAPLE AV",0.00,,Y,A,-,N,,,,,,,,,,N,2,0,1,2,A,-,10,21950,A,N,G,B,B,A,H,-,A,D,0,Y,,,,Y,,A,01,1,0,0,0,1,0,0,0,0,"- ","- ",37.656669616699219,-122.41216278076172,"SAN MATEO","SOUTH SAN FRANCISCO",-122.412109375,37.656646728515625
81470589,2021,2021-05-11,4109,2021-04-23,1600,145989,25,5,5,4,4109,0,0,0,,0,002,"LAUREL ST","OAK GROVE AV",301.00,S,-,A,-,N,,,,,,,,,,N,3,0,1,2,A,-,09,21801,,N,H,G,A,A,H,-,A,D,0,,Y,,,Y,,A,07,0,1,0,0,0,0,1,0,0,"- ","- ",37.456680297851562,-122.18118286132812,"SAN MATEO","MENLO PARK",-122.18126678466797,37.456722259521484
81471775,2021,2021-05-12,4117,2021-02-19,0020,17BH03,01AK,5,5,5,4117,0,0,0,,0,001,"SOUTH AIRPORT BL","WONDERCOLOR LN",375.00,N,-,A,-,N,,,,,,,,,,N,3,0,1,2,A,-,09,21804,A,N,H,G,A,A,H,-,C,D,0,,Y,,,Y,,A,01,0,1,0,0,0,0,1,0,0,"- ","- ",37.648189544677734,-122.40434265136719,"SAN MATEO","SOUTH SAN FRANCISCO",-122.405517578125,37.647800445556641
81471855,2021,2021-07-29,4100,2021-04-23,2230,25274,N,5,5,5,4117,0,0,0,,0,00N,"WESTBOROUGH BL","CALLEN BL",0.00,,Y,B,-,N,,,,,,,,,,Y,1,1,0,2,A,-,12,21453,A,N,D,C,A,A,H,-,C,A,0,,,Y,,Y,,C,02,0,0,0,0,0,0,0,1,0,"- ","- ",,,"SAN MATEO","SOUTH SAN FRANCISCO",-122.46219635009766,37.642753601074219
81473827,2021,2021-08-24,4100,2021-03-09,0601,19750,4100,2,5,3,4110,0,0,0,,0,062,"SR-82 (EL CAMINO REAL)","SILVA AV",0.00,,Y,A,-,Y,,,,,,,,,,Y,1,1,0,2,A,-,12,21453,A,N,G,B,B,A,H,-,C,A,0,Y,,,,Y,,A,01,0,0,0,1,0,0,0,0,0,"- ","- ",,,"SAN MATEO",MILLBRAE,-122.39441680908203,37.604053497314453
81474907,2021,2021-05-17,4117,2021-05-07,1204,18LO10,21AC,5,5,5,4117,0,0,0,,0,003,"GRAND AV","MISSION RD",0.00,,Y,A,-,N,,,,,,,,,,Y,3,0,1,1,A,-,12,22450,A,N,E,I,A,A,H,-,A,A,0,,,Y,,Y,,C,02,0,1,0,0,0,0,0,0,1,"- ","- ",37.660091400146484,-122.43726348876953,"SAN MATEO","SOUTH SAN FRANCISCO",-122.43724060058594,37.660076141357422
81475259,2021,2021-05-18,4100,2021-04-18,1603,89435,HMB,7,5,3,4107,0,0,0,,0,075,"STATE ROUTE 1","ROOSEVELT BL",528.00,N,-,A,-,Y,,,,,,,,,,Y,3,0,3,2,A,-,01,23153,A,N,C,C,A,A,H,-,A,D,0,,,,,Y,Y,A,01,0,3,0,0,0,0,0,0,0,"- ","- ",,,"SAN MATEO","HALF MOON BAY",-122.45256042480469,37.492412567138672
81475848,2021,2021-05-18,4100,2021-04-22,1549,18920,SNC,4,5,4,4115,0,0,0,,0,052,"HOLLY ST","OLD COUNTY RD",325.00,E,-,A,-,N,,,,,,,,,,Y,3,0,1,2,A,-,09,21804,A,N,D,C,A,A,H,-,A,D,0,,,Y,,Y,,A,01,0,1,0,0,0,0,0,0,1,"- ","- ",,,"SAN MATEO","SAN CARLOS",-122.26043701171875,37.509754180908203
81482358,2021,2021-05-26,4100,2021-04-29,1511,18920,MLB,4,5,3,4110,0,0,0,,0,061,"ROLLINS RD","E. MILLBRAE AVE",47.00,S,-,A,-,N,,,,,,,,,,Y,3,0,1,2,A,-,03,22350,,N,C,C,A,A,H,-,A,A,0,,,,,Y,,A,01,0,1,0,0,0,0,0,0,0,"- ","- ",,,"SAN MATEO",MILLBRAE,-122.38394927978516,37.600368499755859
81489563,2021,2021-06-04,4100,2021-05-22,0932,13150,4100,6,5,3,4110,0,0,0,,0,061,BROADWAY,"TAYLOR BL",66.00,S,-,A,-,N,,,,,,,,,,Y,3,0,1,2,A,-,03,22350,,N,G,B,F,A,H,-,A,D,0,Y,,,,Y,,A,01,0,1,0,0,1,0,0,0,0,"- ","- ",,,"SAN MATEO",MILLBRAE,-122.39371490478516,37.602458953857422
81489618,2021,2021-06-04,4100,2021-05-18,1132,25195,SNC,2,5,4,4115,0,0,0,,0,050,"WALNUT ST","BELMONT AV",0.00,,Y,A,-,N,,,,,,,,,,Y,3,0,1,2,A,-,09,21802,A,N,D,C,A,A,H,-,A,A,0,,,,,Y,,A,01,0,1,0,0,0,0,0,0,0,"- ","- ",,,"SAN MATEO","SAN CARLOS",-122.25038146972656,37.496421813964844
81489697,2021,2021-06-04,4100,2021-05-21,0858,25067,4100,5,5,4,4115,0,0,0,,0,051,"BRITTAN AV","CORDILLERAS AV",8.00,E,-,A,-,N,,,,,,,,,,N,2,0,1,2,A,-,10,21950,A,N,G,B,B,A,H,-,A,D,0,Y,,,,Y,,A,01,1,0,0,0,1,0,0,0,0,"- ","- ",,,"SAN MATEO","SAN CARLOS",-122.26082611083984,37.494556427001953
81489721,2021,2021-07-22,4100,2021-05-31,1243,25274,WDS,1,5,2,4118,0,0,0,,0,030,"SR-84 (LA HONDA RD)","MARTINEZ RD",362.00,N,-,A,-,Y,,,,,,,,,,Y,3,0,2,2,A,-,05,21460,A,N,A,C,A,A,H,-,A,D,0,,,Y,,Y,,C,02,0,2,0,0,0,0,0,0,2,"- ","- ",,,"SAN MATEO",WOODSIDE,-122.26133728027344,37.386123657226562
81491070,2021,2021-06-07,4109,2021-04-29,1747,145674,18,4,5,4,4109,0,0,0,,0,004,"BAYFRONT EXPRESSWAY","WILLOW RD",0.00,,Y,A,-,Y,,,,,,,,,,Y,3,0,2,2,A,-,12,21453,A,N,A,C,A,A,H,-,A,A,0,,,,,Y,,A,01,0,2,0,0,0,0,0,0,0,"- ","- ",37.481929779052734,-122.15067291259766,"SAN MATEO","MENLO PARK",-122.15033721923828,37.482147216796875
81493414,2021,2021-06-09,4100,2021-05-02,0955,25109,N,7,5,5,4116,0,0,0,,0,00N,"S SR-82","41ST AV",0.00,,Y,A,-,N,,,82,,,,,,,N,3,0,3,3,A,-,03,22350,,N,C,C,A,A,H,-,A,A,0,,,,,Y,,I,20,0,3,0,0,0,0,0,0,0,"- ","- ",37.530998229980469,-122.28980255126953,"SAN MATEO","SAN MATEO",-122.28985595703125,37.530910491943359
81496807,2021,2021-06-15,4117,2021-05-29,0330,21BP02,21AE,6,5,5,4117,0,0,0,,0,003,"GRAND AV","OAK AV",182.00,W,-,A,-,N,,,,,,,,,,Y,3,0,1,2,A,-,01,23152,A,N,A,E,A,A,H,-,C,D,0,,,,,Y,Y,A,01,0,1,0,0,0,0,0,0,0,"- ","- ",37.659889221191406,-122.43195343017578,"SAN MATEO","SOUTH SAN FRANCISCO",-122.43209838867188,37.659614562988281
81497705,2021,2021-06-15,4100,2021-05-23,1053,13150,,7,5,3,4110,0,0,0,,0,,"E MILLBRAE AVE","RT 101",43.00,E,-,A,-,Y,,,,,,,,,,Y,2,0,1,1,A,-,03,22350,,N,E,J,A,A,H,-,A,A,0,,,Y,,Y,,C,03,1,0,0,0,0,0,0,0,1,"- ","- ",,,"SAN MATEO",MILLBRAE,-122.38651275634766,37.599109649658203
81497753,2021,2021-07-22,4100,2021-06-08,0025,25169,4100,2,5,3,4107,0,0,0,,0,075,"STATE ROUTE 1","REDONDO BEACH ROAD",150.00,S,-,A,-,Y,,,,,,,,,,Y,4,0,1,1,A,-,01,23152,A,N,E,I,A,A,H,-,D,D,0,,,,,Y,Y,D,22,0,0,1,0,0,0,0,0,0,"- ","- ",,,"SAN MATEO","HALF MOON BAY",-122.42788696289062,37.44097900390625
81499933,2021,2021-06-18,4117,2021-05-21,1324,06KW06,14AC,5,5,5,4117,0,0,0,,0,001,"SOUTH SPRUCE AV","MYRTLE AV",120.00,W,-,A,-,N,,,,,,,,,,N,2,0,1,2,A,-,05,21202,A,N,B,C,A,A,H,-,A,D,0,,,,,Y,,L,04,1,0,0,0,0,0,0,0,0,"- ","- ",37.647830963134766,-122.41892242431641,"SAN MATEO","SOUTH SAN FRANCISCO",-122.41996002197266,37.647300720214844
81502829,2021,2021-06-22,4100,2021-06-11,0857,25242,WDS,5,5,2,4118,0,0,0,,0,030,"KINGS MOUNTAIN RD","ENTRANCE WY",4224.00,W,-,A,-,N,,,,,,,,,,N,2,0,1,1,A,-,03,22350,,N,F,A,A,A,B,-,A,D,0,,Y,,,Y,,L,04,1,0,0,0,0,0,1,0,0,"- ","- ",,,"SAN MATEO",WOODSIDE,-122.28974151611328,37.430450439453125
81503330,2021,2021-06-22,4109,2021-04-08,0736,145989,26,4,5,4,4109,0,0,0,,0,001,"EL CAMINO REAL","MENLO AV",13.00,S,-,A,-,N,,,82,,,,,,,N,3,0,1,1,A,-,03,22350,,N,E,I,A,A,H,-,A,A,0,,,,,Y,,A,01,0,1,0,0,0,0,0,0,0,"- ","- ",37.452579498291016,-122.18155670166016,"SAN MATEO","MENLO PARK",-122.18144989013672,37.452796936035156
81503845,2021,2021-08-03,4100,2021-06-10,2344,25959,,4,5,4,4115,0,0,0,,0,,"SAN CARLOS AV","CORDILLERAS AV",180.00,W,-,B,-,N,,,,,,,,,,Y,3,0,1,1,A,-,03,22350,,N,F,A,A,A,H,-,C,D,0,,,Y,,Y,Y,C,03,0,1,0,0,0,0,0,0,1,"- ","- ",,,"SAN MATEO","SAN CARLOS",-122.26773834228516,37.502090454101562
81505152,2021,2021-06-24,4100,2021-06-06,1550,25289,WDS,7,5,2,4118,0,0,0,,0,030,"SR-84 (LA HONDA RD)","MILE 84 SM 17.47",377.00,N,-,A,-,Y,,,,,,,,,,Y,3,0,2,1,A,-,08,22107,,N,E,I,A,A,H,-,A,D,0,,,Y,,Y,,C,02,0,2,0,0,0,0,0,0,2,"- ","- ",,,"SAN MATEO",WOODSIDE,-122.37223052978516,37.591201782226562
81512868,2021,2021-07-05,4117,2021-06-13,1135,18JY16,07AE,7,5,5,4117,0,0,0,,0,004,"AIRPORT BL","ARMOUR AV",195.00,S,-,A,-,N,,,,,,,,,,Y,3,0,2,3,A,-,01,23152,A,N,C,E,A,A,H,-,A,D,0,,,,,Y,Y,A,01,0,2,0,0,0,0,0,0,0,"- ","- ",37.65924072265625,-122.40589141845703,"SAN MATEO","SOUTH SAN FRANCISCO",-122.40525054931641,37.659664154052734
81513882,2021,2021-07-06,4100,2021-06-09,1305,25051,,3,5,1,4105,0,0,0,,0,00N,"EL CAMINO REAL","ALBERT M TEGLIA BL",0.00,,Y,A,-,Y,,,82,,,,,,,Y,3,0,2,2,A,-,12,21453,A,N,D,C,A,A,H,-,A,A,0,,,,,Y,,A,01,0,2,0,0,0,0,0,0,0,"- ","- ",37.684230804443359,-122.46394348144531,"SAN MATEO",COLMA,-122.46375274658203,37.684288024902344
81515077,2021,2021-07-07,4109,2021-06-25,1555,145882,22,5,5,4,4109,0,0,0,,0,002,"WILLOW RD","S. CURBLINE OF WILLOW RD AND 172'  W. OF THE W. C",14.00,N,-,A,-,N,,,,,,,,,,N,3,0,1,2,A,-,21,22106,,N,B,C,A,A,H,-,A,A,0,,,,,Y,,A,01,0,1,0,0,0,0,0,0,0,"- ","- ",37.461349487304688,-122.15998077392578,"SAN MATEO","MENLO PARK",,
81516937,2021,2021-07-09,4117,2021-06-29,1340,06KW06,01AQ,2,5,5,4117,0,0,0,,0,001,"EAST GRAND AV","SYLVESTER RD",92.00,W,-,A,-,N,,,,,,,,,,Y,2,0,1,2,A,-,07,21658,,N,C,E,A,A,D,-,A,D,0,,,Y,Y,Y,,C,02,1,0,0,0,0,0,0,0,1,"- ","- ",37.653678894042969,-122.40531158447266,"SAN MATEO","SOUTH SAN FRANCISCO",-122.40519714355469,37.654403686523438
81517180,2021,2021-07-09,4114,2021-06-10,0937,0048,SNB17,4,5,4,4114,0,0,0,,0,001,"SAN BRUNO AV","N/B 280 OFF RAMP.",15.00,W,-,A,-,N,,,,,,,,,,N,4,0,1,2,A,-,03,22350,,N,C,C,A,A,H,-,A,A,0,,,,,Y,,A,01,0,0,1,0,0,0,0,0,0,"- ","- ",,,"SAN MATEO","SAN BRUNO",,
81517182,2021,2021-07-09,4114,2021-06-08,1017,0869,SNB6,2,5,4,4114,0,0,0,,0,002,"SYLVAN AV","SAN MATEO AV",92.00,E,-,A,-,N,,,,,,,,,,N,4,0,1,2,A,-,03,22350,,N,C,C,A,A,H,-,A,D,0,,,,,Y,,A,01,0,0,1,0,0,0,0,0,0,"- ","- ",,,"SAN MATEO","SAN BRUNO",-122.41092681884766,37.62457275390625