CASE_ID,ACCIDENT_YEAR,PROC_DATE,JURIS,COLLISION_DATE,COLLISION_TIME,OFFICER_ID,REPORTING_DISTRICT,DAY_OF_WEEK,CHP_SHIFT,POPULATION,CNTY_CITY_LOC,SPECIAL_COND,BEAT_TYPE,CHP_BEAT_TYPE,CITY_DIVISION_LAPD,CHP_BEAT_CLASS,BEAT_NUMBER,PRIMARY_RD,SECONDARY_RD,DISTANCE,DIRECTION,INTERSECTION,WEATHER_1,WEATHER_2,STATE_HWY_IND,CALTRANS_COUNTY,CALTRANS_DISTRICT,STATE_ROUTE,ROUTE_SUFFIX,POSTMILE_PREFIX,POSTMILE,LOCATION_TYPE,RAMP_INTERSECTION,SIDE_OF_HWY,TOW_AWAY,COLLISION_SEVERITY,NUMBER_KILLED,NUMBER_INJURED,PARTY_COUNT,PRIMARY_COLL_FACTOR,PCF_CODE_OF_VIOL,PCF_VIOL_CATEGORY,PCF_VIOLATION,PCF_VIOL_SUBSECTION,HIT_AND_RUN,TYPE_OF_COLLISION,MVIW,PED_ACTION,ROAD_SURFACE,ROAD_COND_1,ROAD_COND_2,LIGHTING,CONTROL_DEVICE,CHP_ROAD_TYPE,PEDESTRIAN_ACCIDENT,BICYCLE_ACCIDENT,MOTORCYCLE_ACCIDENT,TRUCK_ACCIDENT,NOT_PRIVATE_PROPERTY,ALCOHOL_INVOLVED,STWD_VEHTYPE_AT_FAULT,CHP_VEHTYPE_AT_FAULT,COUNT_SEVERE_INJ,COUNT_VISIBLE_INJ,COUNT_COMPLAINT_PAIN,COUNT_PED_KILLED,COUNT_PED_INJURED,COUNT_BICYCLIST_KILLED,COUNT_BICYCLIST_INJURED,COUNT_MC_KILLED,COUNT_MC_INJURED,PRIMARY_RAMP,SECONDARY_RAMP,LATITUDE,LONGITUDE,COUNTY,CITY,POINT_X,POINT_Y
81521274,2021,2021-07-15,4117,2021-05-23,1541,13SS03,11AF,7,5,5,4117,0,0,0,,0,004,"BAYSHORE BL","SISTER CITIES BL",700.00,N,-,G,-,N,,,,,,,,,,Y,3,0,1,1,A,-,03,22350,,N,H,J,A,A,H,-,A,D,0,,,Y,,Y,,C,02,0,1,0,0,0,0,0,0,1,"- ","- ",37.708808898925781,-122.40534210205078,"SAN MATEO","SOUTH SAN FRANCISCO",-122.39734649658203,37.665458679199219
81521364,2021,2021-07-15,4100,2021-06-29,0008,25053,4100,2,5,3,4107,0,0,0,,0,075,"230 CABRILLO HIGHWAY","STATE ROUTE 92",708.00,S,-,A,-,Y,,,,,,,,,,N,3,0,1,2,A,-,03,22350,,N,C,C,A,A,H,-,C,A,0,,,,,Y,,A,01,0,1,0,0,0,0,0,0,0,"- ","- ",,,"SAN MATEO","HALF MOON BAY",-122.43391418457031,37.466091156005859
81524745,2021,2021-07-20,4117,2021-07-04,1421,18JY16,11AB,7,5,5,4117,0,0,0,,0,004,"HILLSIDE BL / CHESTNUT AV","CHESTNUT AV",15.00,E,-,A,-,N,,,,,,,,,,Y,3,0,1,1,A,-,03,22350,,N,F,A,A,A,H,-,A,A,0,,,Y,,Y,,C,03,0,1,0,0,0,0,0,0,1,"- ","- ",37.667140960693359,-122.42754364013672,"SAN MATEO","SOUTH SAN FRANCISCO",-120.23863220214844,37.962249755859375
81526266,2021,2021-07-22,4114,2021-07-01,1524,0048,SNB32,4,5,4,4114,0,0,0,,0,003,"GLENVIEW DR","EARL AV",158.00,S,-,A,-,N,,,,,,,,,,N,3,0,1,2,A,-,09,21801,A,N,A,C,A,A,H,-,A,D,0,,,,,Y,,A,07,0,1,0,0,0,0,0,0,0,"- ","- ",,,"SAN MATEO","SAN BRUNO",-122.44181060791016,37.621929168701172
81526512,2021,2021-07-22,4100,2021-04-16,1816,25959,4100,5,5,2,4118,0,0,0,,0,030,"OLD LA HONDA RD","UPPER LAKE RD",219.00,W,-,A,-,N,,,,,,,,,,N,3,0,1,2,A,-,05,21650,,N,H,G,A,A,H,-,A,D,0,,Y,,,Y,,A,01,0,1,0,0,0,0,1,0,0,"- ","- ",,,"SAN MATEO",WOODSIDE,-122.24931335449219,37.388969421386719
81526516,2021,2021-07-22,4100,2021-05-06,1655,25194,SNC,4,5,4,4115,0,0,0,,0,051,"HOWARD AV","CEDAR ST",0.00,,Y,A,-,N,,,,,,,,,,N,3,0,1,2,A,-,03,22350,,N,D,C,A,A,H,-,A,D,0,,,,,Y,,A,01,0,1,0,0,0,0,0,0,0,"- ","- ",,,"SAN MATEO","SAN CARLOS",-122.25662231445312,37.494846343994141
81526517,2021,2021-07-22,4100,2021-05-15,1353,25932,PV,6,5,2,4112,0,0,0,,0,031,"ALPINE RD","WILLOWBROOK AV",347.00,S,-,A,-,N,,,,,,,,,,N,2,0,1,1,A,-,03,22350,,N,F,A,A,A,H,-,A,D,0,,Y,,,Y,,L,04,1,0,0,0,0,0,1,0,0,"- ","- ",,,"SAN MATEO","PORTOLA VALLEY",-122.21463012695312,37.364021301269531
81526520,2021,2021-07-22,4100,2021-03-24,2125,25277,,3,5,5,4117,0,0,0,,0,,"EL CAMINO REAL","MCLELLAN DR",1755.00,S,-,A,-,Y,,,,,,,,,,Y,2,0,1,2,A,-,11,21956,A,N,G,B,D,A,H,-,C,D,0,Y,,,,Y,,N,60,1,0,0,0,1,0,0,0,0,"- ","- ",,,"SAN MATEO","SOUTH SAN FRANCISCO",-122.44193267822266,37.660205841064453
81527639,2021,2021-07-23,4117,2021-07-15,0911,18LO10,08AB,4,5,5,4117,0,0,0,,0,004,"LUX AV","LINDEN AV",0.00,,Y,B,-,N,,,,,,,,,,N,3,0,1,2,D,-,00,,,N,D,C,A,A,H,-,A,A,0,,,,,Y,,-,"- ",0,1,0,0,0,0,0,0,0,"- ","- ",37.657108306884766,-122.40944671630859,"SAN MATEO","SOUTH SAN FRANCISCO",-122.40946197509766,37.657096862792969
81529827,2021,2021-07-27,4114,2021-06-21,0750,0032,SNB22,1,5,4,4114,0,0,0,,0,003,"3391 FLEETWOOD DR","ST CLOUD",53.00,N,-,A,-,N,,,,,,,,,,Y,3,0,1,2,A,-,21,22106,,N,D,D,A,A,H,-,A,D,0,,,,,Y,,A,01,0,1,0,0,0,0,0,0,0,"- ","- ",,,"SAN MATEO","SAN BRUNO",-122.45558166503906,37.634433746337891
81530976,2021,2021-07-28,4114,2021-07-15,1851,0048,SNB11,4,5,4,4114,0,0,0,,0,001,"EL CAMINO REAL","EUCLID AV",224.00,N,-,A,-,Y,,,,,,,,,,Y,3,0,1,2,A,-,04,21703,,N,C,C,A,A,H,-,B,D,0,,,Y,,Y,,A,07,0,1,0,0,0,0,0,0,1,"- ","- ",,,"SAN MATEO","SAN BRUNO",-122.41802978515625,37.631256103515625
81531528,2021,2021-08-24,4100,2021-07-16,0029,25888,4100,5,5,3,4107,0,0,0,,0,075,"SR-92 (SAN MATEO RD)","501 SAN MATEO RD",44.00,N,-,B,-,N,,,,,,,,,,Y,3,0,3,1,A,-,03,22350,,N,E,I,A,A,H,-,D,D,0,,,,,Y,,A,01,0,3,0,0,0,0,0,0,0,"- ","- ",,,"SAN MATEO","HALF MOON BAY",,
81534558,2021,2021-08-02,4100,2021-07-17,1225,25054,MLB,6,5,3,4110,0,0,0,,0,062,"CENTER ST","EL CAMINO REAL",0.00,,Y,A,-,Y,,,,,,,,,,N,3,0,1,2,A,-,09,21801,A,F,H,G,A,A,H,-,A,A,0,,Y,,,Y,,A,01,0,1,0,0,0,0,1,0,0,"- ","- ",,,"SAN MATEO",MILLBRAE,-122.39897918701172,37.607696533203125
81534886,2021,2021-08-02,4100,2021-07-15,1246,25194,SNC,4,5,4,4115,0,0,0,,0,051,"INDUSTRIAL RD","TERMINAL WY",0.00,,Y,A,-,N,,,,,,,,,,N,4,0,2,2,A,-,09,21801,A,N,D,C,A,A,H,-,A,D,0,,,,,Y,,A,01,0,0,2,0,0,0,0,0,0,"- ","- ",,,"SAN MATEO","SAN CARLOS",-122.25313568115234,37.508689880371094
81534907,2021,2021-08-02,4100,2021-07-24,0902,89434,PV,6,5,2,4112,0,0,0,,0,031,"ALPINE RD","GOLDEN OAK DR",0.00,,Y,A,-,N,,,,,,,,,,N,2,0,1,2,A,-,09,21802,A,N,F,A,A,A,H,-,A,A,0,,Y,,,Y,,A,01,1,0,0,0,0,0,1,0,0,"- ","- ",,,"SAN MATEO","PORTOLA VALLEY",-122.19943237304688,37.377262115478516
81534932,2021,2021-08-02,4100,2021-07-18,1355,25274,WDS,7,5,2,4118,0,0,0,,0,030,"OLD LA HONDA RD","PG&E POWER POLE 8329",298.00,E,-,A,-,N,,,,,,,,,,Y,2,0,1,2,A,-,06,21751,,N,B,C,A,A,H,-,A,D,0,,,Y,,Y,,-,"- ",1,0,0,0,0,0,0,0,1,"- ","- ",,,"SAN MATEO",WOODSIDE,,
81535505,2021,2021-08-03,4100,2021-07-14,1324,18920,MLB,3,5,3,4110,0,0,0,,0,062,"BARCELONA DR","CAPUCHINO DR",0.00,,Y,A,-,N,,,,,,,,,,Y,4,0,1,2,A,-,09,21801,A,N,D,C,A,A,H,-,A,D,0,,,,,Y,,A,01,0,0,1,0,0,0,0,0,0,"- ","- ",,,"SAN MATEO",MILLBRAE,-122.40841674804688,37.607887268066406
81535579,2021,2021-08-03,4100,2021-06-11,1118,25242,PV,5,5,2,4112,0,0,0,,0,031,"PORTOLA RD","ALPINE ROAD",0.00,,Y,A,-,N,,,,,,,,,,Y,3,0,1,2,A,-,09,21802,A,N,D,C,A,A,H,-,A,D,0,,,,,Y,,A,01,0,1,0,0,0,0,0,0,0,"- ","- ",,,"SAN MATEO","PORTOLA VALLEY",-122.20822143554688,37.371761322021484
81535584,2021,2021-08-03,4100,2021-07-03,0953,14190,WDS,6,5,2,4118,0,0,0,,0,030,"ALBION AV","MANUELLA AV",471.00,N,-,A,-,N,,,,,,,,,,N,3,0,1,2,A,-,08,22107,,N,F,A,A,A,H,-,A,D,0,,Y,,,Y,,L,04,0,1,0,0,0,0,1,0,0,"- ","- ",,,"SAN MATEO",WOODSIDE,-122.26572418212891,37.432647705078125
81535586,2021,2021-08-03,4100,2021-06-25,2046,25959,,5,5,4,4115,0,0,0,,0,,"SAN CARLOS AV","KENTON AV",370.00,E,-,A,-,N,,,,,,,,,,N,3,0,1,2,A,-,08,22107,,N,B,E,A,A,H,-,A,D,0,,Y,,,Y,,L,04,0,1,0,0,0,0,1,0,0,"- ","- ",,,"SAN MATEO","SAN CARLOS",-122.28102111816406,37.505512237548828
81535680,2021,2021-08-03,4100,2021-07-24,1038,25274,WDS,6,5,2,4118,0,0,0,,0,030,"PORTOLA RD","SAND HILL RD",199.00,N,-,A,-,N,,,,,,,,,,N,2,0,2,2,A,-,05,21460,A,N,F,A,A,A,H,-,A,D,0,,Y,,,Y,,L,04,1,1,0,0,0,0,2,0,0,"- ","- ",,,"SAN MATEO",WOODSIDE,-122.24564361572266,37.402702331542969
81536110,2021,2021-08-03,4114,2021-07-20,1443,0048,SNB5,2,5,4,4114,0,0,0,,0,001,"EL CAMINO REAL","E/B I-380 OFF RAMP",0.00,,Y,A,-,Y,,,,,,,,,,Y,4,0,2,3,A,-,12,21453,A,N,D,C,A,A,H,-,A,A,0,,,,,Y,,A,07,0,0,2,0,0,0,0,0,0,"- ","- ",,,"SAN MATEO","SAN BRUNO",,
81536616,2021,2021-08-04,4100,2021-07-18,1505,25172,HMB,7,5,3,4107,0,0,0,,0,075,SR-1,"FRENCHMAN'S CREEK RD",20.00,N,-,A,-,Y,,,,,,,,,,N,3,0,1,2,A,-,03,22350,,M,C,C,A,A,H,-,A,D,0,,,,,Y,,D,22,0,1,0,0,0,0,0,0,0,"- ","- ",,,"SAN MATEO","HALF MOON BAY",-122.44535827636719,37.482067108154297
81538949,2021,2021-08-06,4117,2021-08-04,1813,20AF01,05AB,3,5,5,4117,0,0,0,,0,001,"SAN MATEO AV","LOWRIE AV",730.00,S,-,A,-,N,,,,,,,,,,Y,3,0,1,2,A,-,09,21801,A,N,D,C,A,A,H,-,A,D,0,,,,,Y,,A,01,0,1,0,0,0,0,0,0,0,"- ","- ",37.6461181640625,-122.41021728515625,"SAN MATEO","SOUTH SAN FRANCISCO",-122.41159057617188,37.640781402587891
81541716,2021,2021-08-10,4100,2021-07-31,0815,18920,MLB,6,5,3,4110,0,0,0,,0,062,"SR-82 (EL CAMINO REAL)","MILLWOOD DR",0.00,,Y,A,-,Y,,,,,,,,,,N,3,0,1,1,A,-,03,22350,,N,F,A,A,A,H,-,A,A,0,,,Y,,Y,,C,02,0,1,0,0,0,0,0,0,1,"- ","- ",,,"SAN MATEO",MILLBRAE,-122.40161895751953,37.610397338867188
81541729,2021,2021-08-10,4100,2021-08-07,1130,25288,,6,5,3,4110,0,0,0,,0,,"HILLCREST BL","PALM AV",105.00,W,-,A,-,N,,,,,,,,,,Y,3,0,2,2,A,-,05,21460,A,N,A,C,A,A,H,-,A,A,0,,,,,Y,,A,01,0,2,0,0,0,0,0,0,0,"- ","- ",,,"SAN MATEO",MILLBRAE,-122.39632415771484,37.597862243652344
81543871,2021,2021-08-12,4100,2021-08-05,1637,25194,SNC,4,5,4,4115,0,0,0,,0,051,"CRESTVIEW DRIVE","LESLIE DRIVE",150.00,S,-,A,-,N,,,,,,,,,,N,3,0,2,1,A,-,03,22350,,N,C,E,A,A,H,-,A,D,0,,,,,Y,,A,01,0,2,0,0,0,0,0,0,0,"- ","- ",,,"SAN MATEO","SAN CARLOS",-122.28713989257812,37.4857177734375
81544808,2021,2021-08-13,4100,2021-06-27,2115,25053,4100,7,5,3,4107,0,0,0,,0,075,"152 POPLAR ST","RAILROAD AV",965.00,W,-,-,-,N,,,,,,,,,,N,3,0,1,2,A,-,"- ",,,F,G,B,F,A,H,-,D,D,0,Y,,,,Y,Y,-,99,0,1,0,0,1,0,0,0,0,"- ","- ",,,"SAN MATEO","HALF MOON BAY",-122.44371032714844,37.455379486083984
81545312,2021,2021-08-16,4109,2021-08-03,1112,146408,25,2,5,4,4109,0,0,0,,0,002,"MILLS ST","WEST CURB OF MILLS AVE",8.00,E,-,A,-,N,,,,,,,,,,Y,3,0,1,2,A,-,05,21651,B,N,A,C,A,A,H,-,A,D,0,,,,,Y,,A,07,0,1,0,0,0,0,0,0,0,"- ","- ",37.457248687744141,-122.185546875,"SAN MATEO","MENLO PARK",,
81546896,2021,2021-08-17,4114,2021-08-13,0855,0035,1,5,5,4,4114,0,0,0,,0,001,"SAN MATEO AV","SCOTT ST",120.00,N,-,A,-,N,,,,,,,,,,Y,4,0,1,3,A,-,08,22107,,N,D,C,A,A,H,-,A,D,0,,,,Y,Y,,A,01,0,0,1,0,0,0,0,0,0,"- ","- ",,,"SAN MATEO","SAN BRUNO",-122.41152191162109,37.637538909912109
81547608,2021,2021-08-18,4100,2021-08-09,1520,25873,4100,1,5,4,4115,0,0,0,,0,051,"HOWARD AV","ALAMEDA DE LAS PULGAS",0.00,,Y,A,-,N,,,,,,,,,,N,3,0,1,2,A,-,09,21804,B,N,H,G,A,A,H,-,A,D,0,,Y,,,Y,,D,22,0,1,0,0,0,0,1,0,0,"- ","- ",,,"SAN MATEO","SAN CARLOS",-122.26319885253906,37.489147186279297
81548270,2021,2021-08-18,4117,2021-08-11,0834,21AM09,11AB,3,5,5,4117,0,0,0,,0,004,"HILLSIDE BL","CHESTNUT AV",0.00,,Y,A,-,N,,,,,,,,,,Y,3,0,1,2,A,-,08,22100,A,N,B,C,A,A,H,-,A,A,0,,,,,Y,,A,01,0,1,0,0,0,0,0,0,0,"- ","- ",37.667140960693359,-122.42754364013672,"SAN MATEO","SOUTH SAN FRANCISCO",-122.42750549316406,37.667186737060547
81550785,2021,2021-08-23,4114,2021-07-27,0941,0058,SNB8,2,5,4,4114,0,0,0,,0,002,"EL CAMINO REAL","SAN FELIPE AV",0.00,,Y,A,-,Y,,,,,,,,,,Y,3,0,1,2,A,-,04,21703,,N,C,C,A,A,H,-,A,A,0,,,,,Y,,A,01,0,1,0,0,0,0,0,0,0,"- ","- ",,,"SAN MATEO","SAN BRUNO",-122.40888977050781,37.617721557617188
81550796,2021,2021-08-23,4114,2021-08-13,2159,0941,SNB5,5,5,4,4114,0,0,0,,0,001,"EL CAMINO REAL","BAYHILL DR",279.00,N,-,A,-,Y,,,,,,,,,,Y,3,0,1,2,A,-,08,22107,,N,C,C,A,A,H,-,C,D,0,,,,,Y,,A,01,0,1,0,0,0,0,0,0,0,"- ","- ",,,"SAN MATEO","SAN BRUNO",-122.41838836669922,37.631549835205078
81550798,2021,2021-08-23,4114,2021-08-13,1210,1121,SNB13,5,5,4,4114,0,0,0,,0,002,"POPLAR AV","CRYSTAL SPRINGS RD",0.00,,Y,A,-,Y,,,,,,,,,,N,3,0,1,2,A,-,10,21950,A,N,G,B,B,A,H,-,A,D,0,Y,,,,Y,,A,01,0,1,0,0,1,0,0,0,0,"- ","- ",,,"SAN MATEO","SAN BRUNO",-122.41201019287109,37.619216918945312
81551149,2021,2021-09-03,4100,2021-08-18,1227,18230,WDS,3,5,2,4118,0,0,0,,0,030,"SUMMIT SPRINGS RD","FIRE HYDRANT",170.00,N,-,A,-,N,,,,,,,,,,Y,3,0,1,1,A,-,21,22106,,N,F,A,A,A,H,-,A,D,0,,,,,Y,,A,08,0,1,0,0,0,0,0,0,0,"- ","- ",,,"SAN MATEO",WOODSIDE,,
81553008,2021,2021-08-24,4100,2021-07-17,2330,25195,WDS,6,5,2,4118,0,0,0,,0,030,"SR-84  (LA HONDA RD)","PORTOLA RD",0.00,,-,A,-,Y,,,,,,,,,,Y,3,0,2,3,A,-,05,21460,A,N,A,C,A,A,H,-,D,D,0,,,,,Y,,A,01,0,1,1,0,0,0,0,0,0,"- ","- ",,,"SAN MATEO",WOODSIDE,-122.25703430175781,37.407474517822266
81554254,2021,2021-08-25,4117,2021-08-17,1111,20AF01,27AJ,2,5,5,4117,0,0,0,,0,002,"KENT WY","GREENDALE DR",30.00,S,-,A,-,N,,,,,,,,,,N,3,0,1,2,A,-,21,22106,,N,D,C,A,A,H,-,A,D,0,,,,,Y,,A,01,0,1,0,0,0,0,0,0,0,"- ","- ",37.648540496826172,-122.46077728271484,"SAN MATEO","SOUTH SAN FRANCISCO",-122.46100616455078,37.648616790771484
81554437,2021,2021-08-26,4117,2021-07-21,1549,11HV11,05AE,3,5,5,4117,0,0,0,,0,001,"AIRPORT BL","SAN MATEO AVE",0.00,,Y,A,-,N,,,,,,,,,,Y,2,0,1,2,A,-,12,21453,A,N,D,C,A,A,H,-,A,A,0,,,Y,,Y,,A,07,1,0,0,0,0,0,0,0,1,"- ","- ",37.649669647216797,-122.40804290771484,"SAN MATEO","SOUTH SAN FRANCISCO",-122.40821838378906,37.649673461914062
81557422,2021,2021-08-30,4114,2021-07-18,0250,0062,SNB13,7,5,4,4114,0,0,0,,0,002,"CYPRESS AV","JENEVEIN AV",178.00,S,-,A,-,N,,,,,,,,,,Y,4,0,2,2,A,-,03,22350,,M,A,E,A,A,H,-,C,D,0,,,,,Y,Y,A,01,0,0,2,0,0,0,0,0,0,"- ","- ",,,"SAN MATEO","SAN BRUNO",-122.41611480712891,37.620815277099609
81558836,2021,2021-09-28,4100,2021-06-26,1335,15370,,6,5,3,4107,0,0,0,,0,,"MAIN ST","MIRAMONTES ST",119.00,N,-,A,-,N,,,,,,,,,,Y,2,0,1,2,A,-,08,22107,,N,C,E,A,A,H,-,A,D,0,,,Y,,Y,,C,02,1,0,0,0,0,0,0,0,1,"- ","- ",,,"SAN MATEO","HALF MOON BAY",-122.42932891845703,37.462932586669922
81558838,2021,2021-08-30,4100,2021-08-14,2202,25058,,6,5,4,4115,0,0,0,,0,,"BRITTAN AV","ALAMEDA DE LAS PULGAS",300.00,E,-,A,-,N,,,,,,,,,,Y,3,0,2,2,A,-,08,22107,,N,C,E,A,A,H,-,D,D,0,,,,,Y,,A,01,0,2,0,0,0,0,0,0,0,"- ","- ",,,"SAN MATEO","SAN CARLOS",-122.26473236083984,37.491680145263672
81559161,2021,2022-01-06,4100,2021-07-28,0900,25289,WDS,3,5,2,4118,0,0,0,,0,030,"MOUNTAIN HOME RD","POWER POLE 3613",137.00,N,-,A,-,N,,,,,,,,,,N,3,0,1,2,A,-,03,22350,,N,C,E,A,A,E,-,A,D,0,,Y,,Y,Y,,L,04,0,1,0,0,0,0,1,0,0,"- ","- ",,,"SAN MATEO",WOODSIDE,,
81559164,2021,2021-09-28,4100,2021-08-26,2025,16850,MLB,4,5,3,4110,0,0,0,,0,061,"HILLCREST BL","CORTE DORADO",51.00,W,-,A,-,N,,,,,,,,,,Y,3,0,1,2,A,-,01,23152,A,N,C,E,A,A,H,-,C,D,0,,,,,Y,Y,A,07,0,1,0,0,0,0,0,0,0,"- ","- ",,,"SAN MATEO",MILLBRAE,-122.40165710449219,37.594326019287109
81559183,2021,2021-11-03,4100,2021-08-21,0150,18110,MLB,6,5,3,4110,0,0,0,,0,061,"1356 TRAIN TRACK","MURCHISON DRIVE",113.00,N,-,A,-,N,,,,,,,,,,Y,3,0,1,1,A,-,01,23152,A,M,E,I,A,A,H,-,C,D,0,,,,,Y,Y,A,01,0,1,0,0,0,0,0,0,0,"- ","- ",,,"SAN MATEO",MILLBRAE,,
81559546,2021,2021-08-31,4100,2021-08-11,1342,25040,HMB,3,5,3,4107,0,0,0,,0,075,"SR-92 (SAN MATEO RD)","DIGGS CANYON RD",2640.00,W,-,A,-,Y,,,,,,,,,,Y,3,0,1,1,A,-,03,22350,,N,E,I,A,A,H,-,A,D,0,,,Y,,Y,,C,02,0,1,0,0,0,0,0,0,1,"- ","- ",,,"SAN MATEO","HALF MOON BAY",-122.41988372802734,37.473335266113281
81560330,2021,2021-09-01,4117,2021-08-20,1712,06KW06,15AH,5,5,5,4117,0,0,0,,0,002,"PINEHURST WY","BRENTWOOD DR",0.00,,Y,A,-,N,,,,,,,,,,Y,3,0,1,2,A,-,09,21802,B,N,D,C,A,A,H,-,A,A,0,,,,,Y,,A,01,0,1,0,0,0,0,0,0,0,"- ","- ",37.640571594238281,-122.42668151855469,"SAN MATEO","SOUTH SAN FRANCISCO",-122.42665100097656,37.640548706054688
81564410,2021,2021-09-07,4117,2021-08-17,1649,20CH06,17AR,2,5,5,4117,0,0,0,,0,003,"JUNIPERO SERRA BL","ARROYO DR",805.00,N,-,A,-,N,,,,,,,,,,Y,2,0,1,2,A,-,03,22350,A,N,D,C,A,A,H,-,A,D,0,,,Y,Y,Y,,C,02,1,0,0,0,0,0,0,0,1,"- ","- ",37.654701232910156,-122.45292663574219,"SAN MATEO","SOUTH SAN FRANCISCO",-122.45131683349609,37.650577545166016
81565580,2021,2021-09-08,4117,2021-08-31,0852,16AP10,01AK,2,5,5,4117,0,0,0,,0,001,"E GRAND BL","GATEWAY BL",100.00,E,-,A,-,N,,,,,,,,,,Y,3,0,1,2,A,-,17,21209,,N,H,G,A,A,H,-,A,D,0,,Y,,,Y,,-,33,0,1,0,0,0,0,1,0,0,"- ","- ",37.652191162109375,-122.40228271484375,"SAN MATEO","SOUTH SAN FRANCISCO",-122.40190124511719,37.654415130615234
81566179,2021,2021-09-09,4109,2021-06-18,1244,145746,26,5,5,4,4109,0,0,0,,0,001,"OAK GROVE","CHESTNUT ST",0.00,,Y,A,-,N,,,,,,,,,,N,4,0,1,2,A,-,10,21950,,N,A,C,C,A,H,-,A,A,0,Y,,,,Y,,A,07,0,0,1,0,1,0,0,0,0,"- ","- ",37.452770233154297,-122.18905639648438,"SAN MATEO","MENLO PARK",-122.18590545654297,37.452445983886719
81568745,2021,2021-09-13,4117,2021-08-25,1313,21AM09,10AF,3,5,5,4117,0,0,0,,0,002,"EL CAMINO REAL","BRENTWOOD DR",65.00,N,-,A,-,N,,,,,,,,,,N,3,0,1,2,A,-,07,21658,A,N,B,C,A,A,H,-,A,D,0,,,,,Y,,A,01,0,1,0,0,0,0,0,0,0,"- ","- ",37.643039703369141,-122.42514801025391,"SAN MATEO","SOUTH SAN FRANCISCO",-122.42478179931641,37.642116546630859
81572384,2021,2021-09-16,4114,2021-08-18,2137,0941,SNB3,3,5,4,4114,0,0,0,,0,001,HUNTINGTON,"NOOR AV",43.00,S,-,A,-,N,,,,,,,,,,N,2,0,1,2,A,-,11,21954,A,N,G,B,D,A,H,-,C,D,0,Y,,,,Y,,N,60,1,0,0,0,1,0,0,0,0,"- ","- ",,,"SAN MATEO","SAN BRUNO",-122.41993713378906,37.6417236328125
81572513,2021,2021-09-16,4117,2021-09-03,0815,20AB05,06AJ,5,5,5,4117,0,0,0,,0,004,"AIRPORT BL","MILLER AVE",0.00,,Y,A,-,Y,,,,,,,,,,Y,4,0,1,2,A,-,06,21755,A,N,B,C,A,A,H,-,A,A,0,,,,Y,Y,,A,01,0,0,1,0,0,0,0,0,0,"- ","- ",37.654880523681641,-122.40834045410156,"SAN MATEO","SOUTH SAN FRANCISCO",-122.40738677978516,37.655632019042969
81574313,2021,2021-09-20,4117,2021-09-17,0626,19MV02,21AB,5,5,5,4117,0,0,0,,0,003,"EVERGREEN AV","BAYWOOD DR",25.00,E,-,A,-,N,,,,,,,,,,N,3,0,1,2,A,-,09,21801,A,N,H,G,A,A,H,-,C,D,0,,Y,,,Y,,A,01,0,1,0,0,0,0,1,0,0,"- ","- ",37.665180206298828,-122.44156646728516,"SAN MATEO","SOUTH SAN FRANCISCO",-122.44148254394531,37.665229797363281
81574752,2021,2021-09-20,4114,2021-09-02,1716,0048,SNB27,4,5,4,4114,0,0,0,,0,003,"WEST SAN BRUNO AV","GLENVIEW DR",0.00,,Y,A,-,N,,,,,,,,,,N,3,0,1,2,A,-,12,22450,A,N,D,C,A,A,H,-,A,A,0,,,,,Y,,A,01,0,1,0,0,0,0,0,0,0,"- ","- ",,,"SAN MATEO","SAN BRUNO",-122.44104766845703,37.619037628173828
81574822,2021,2021-09-20,4117,2021-09-03,0820,20AB05,08AL,5,5,5,4117,0,0,0,,0,004,"GRAND AV","AIRPORT BL",30.00,W,-,A,-,N,,,,,,,,,,Y,3,0,1,2,A,-,06,21755,A,N,B,C,A,A,H,-,A,D,0,,,,Y,Y,,A,01,0,1,0,0,0,0,0,0,0,"- ","- ",37.654880523681641,-122.40834045410156,"SAN MATEO","SOUTH SAN FRANCISCO",-122.40796661376953,37.654689788818359
81575285,2021,2021-09-21,4117,2021-09-16,0755,16AP10,13AE,4,5,5,4117,0,0,0,,0,004,"GRAND AV","EUCALYPTUS AV",0.00,,Y,B,-,N,,,,,,,,,,N,3,0,1,2,A,-,10,21950,A,N,G,B,B,A,H,-,A,A,0,Y,,,,Y,,A,01,0,1,0,0,1,0,0,0,0,"- ","- ",37.658821105957031,-122.42661285400391,"SAN MATEO","SOUTH SAN FRANCISCO",-122.42658996582031,37.658809661865234
81579369,2021,2021-09-24,4117,2021-08-25,0534,17BH03,08AF,3,5,5,4117,0,0,0,,0,001,"COMMERCIAL AV","MAPLE AV",0.00,,Y,A,-,N,,,,,,,,,,N,3,0,2,2,A,-,12,22450,A,N,D,C,A,A,H,-,C,A,0,,,,,Y,,A,01,0,2,0,0,0,0,0,0,0,"- ","- ",37.653751373291016,-122.41317749023438,"SAN MATEO","SOUTH SAN FRANCISCO",-122.41315460205078,37.653751373291016
81579378,2021,2021-09-24,4117,2021-08-27,2159,21BP02,08AF,5,5,5,4117,0,0,0,,0,001,"COMMERCIAL AV","MAPLE AV",0.00,,Y,A,-,N,,,,,,,,,,N,4,0,1,2,A,-,09,21802,A,F,D,C,A,A,H,-,C,A,0,,,,,Y,,A,01,0,0,1,0,0,0,0,0,0,"- ","- ",37.653751373291016,-122.41317749023438,"SAN MATEO","SOUTH SAN FRANCISCO",-122.41315460205078,37.653751373291016
81580944,2021,2021-09-27,4109,2021-07-24,0513,146398,17A,6,5,4,4109,0,0,0,,0,002,"MARSH ROAD","SCOTT DRIVE",0.00,,Y,A,-,N,,,,,,,,,,Y,3,0,1,1,A,-,08,22107,,N,E,I,A,A,H,-,C,A,0,,,,,Y,,A,07,0,1,0,0,0,0,0,0,0,"- ","- ",37.481349945068359,-122.18356323242188,"SAN MATEO","MENLO PARK",-122.18364715576172,37.481380462646484