CASE_ID,ACCIDENT_YEAR,PROC_DATE,JURIS,COLLISION_DATE,COLLISION_TIME,OFFICER_ID,REPORTING_DISTRICT,DAY_OF_WEEK,CHP_SHIFT,POPULATION,CNTY_CITY_LOC,SPECIAL_COND,BEAT_TYPE,CHP_BEAT_TYPE,CITY_DIVISION_LAPD,CHP_BEAT_CLASS,BEAT_NUMBER,PRIMARY_RD,SECONDARY_RD,DISTANCE,DIRECTION,INTERSECTION,WEATHER_1,WEATHER_2,STATE_HWY_IND,CALTRANS_COUNTY,CALTRANS_DISTRICT,STATE_ROUTE,ROUTE_SUFFIX,POSTMILE_PREFIX,POSTMILE,LOCATION_TYPE,RAMP_INTERSECTION,SIDE_OF_HWY,TOW_AWAY,COLLISION_SEVERITY,NUMBER_KILLED,NUMBER_INJURED,PARTY_COUNT,PRIMARY_COLL_FACTOR,PCF_CODE_OF_VIOL,PCF_VIOL_CATEGORY,PCF_VIOLATION,PCF_VIOL_SUBSECTION,HIT_AND_RUN,TYPE_OF_COLLISION,MVIW,PED_ACTION,ROAD_SURFACE,ROAD_COND_1,ROAD_COND_2,LIGHTING,CONTROL_DEVICE,CHP_ROAD_TYPE,PEDESTRIAN_ACCIDENT,BICYCLE_ACCIDENT,MOTORCYCLE_ACCIDENT,TRUCK_ACCIDENT,NOT_PRIVATE_PROPERTY,ALCOHOL_INVOLVED,STWD_VEHTYPE_AT_FAULT,CHP_VEHTYPE_AT_FAULT,COUNT_SEVERE_INJ,COUNT_VISIBLE_INJ,COUNT_COMPLAINT_PAIN,COUNT_PED_KILLED,COUNT_PED_INJURED,COUNT_BICYCLIST_KILLED,COUNT_BICYCLIST_INJURED,COUNT_MC_KILLED,COUNT_MC_INJURED,PRIMARY_RAMP,SECONDARY_RAMP,LATITUDE,LONGITUDE,COUNTY,CITY,POINT_X,POINT_Y
81581488,2021,2021-09-28,4100,2021-09-18,2500,25242,WDS,6,5,2,4118,0,0,0,,0,030,"SR-84 (LA HONDA RD)","SR-35 (SKYLINE BLVD)",94.00,N,-,A,-,Y,,,,,,,,,,N,2,0,1,1,A,-,03,22350,,N,F,A,A,A,H,-,A,D,0,,Y,,,Y,Y,L,04,1,0,0,0,0,0,1,0,0,"- ","- ",,,"SAN MATEO",WOODSIDE,-122.26432800292969,37.386390686035156
81581489,2021,2021-10-05,4100,2021-09-21,2057,25236,4100,2,5,4,4115,0,0,0,,0,052,"INDUSTRIAL ROAD","BRANSTEN RD",46.00,N,-,A,-,N,,,,,,,,,,Y,3,0,1,1,A,-,08,22107,,N,E,I,A,A,H,-,C,D,0,,,,,Y,,A,01,0,1,0,0,0,0,0,0,0,"- ","- ",,,"SAN MATEO","SAN CARLOS",-122.25189971923828,37.507591247558594
81583012,2021,2021-09-29,4117,2021-09-27,0700,99ID13,10AF,1,5,5,4117,0,0,0,,0,002,SR-82,"SO. SPRUCE AV",0.00,,Y,C,-,Y,,,82,,,,,,,N,3,0,1,2,A,-,10,21950,A,F,G,B,B,B,H,-,A,A,0,Y,,,,Y,,A,01,0,1,0,0,1,0,0,0,0,"- ","- ",37.643039703369141,-122.42514801025391,"SAN MATEO","SOUTH SAN FRANCISCO",-122.42529296875,37.642932891845703
81587216,2021,2021-11-03,4100,2021-09-25,2159,25058,MLB,6,5,3,4110,0,0,0,,0,062,"SR-82 (EL CAMINO REAL)","MEADOW GLENN",320.00,S,-,A,-,Y,,,,,,,,,,Y,2,0,1,1,A,-,08,22107,,N,E,I,A,A,H,-,C,D,0,,,,,Y,Y,A,01,1,0,0,0,0,0,0,0,0,"- ","- ",,,"SAN MATEO",MILLBRAE,-122.39603424072266,37.605258941650391
81587461,2021,2021-10-04,4109,2021-09-10,1947,146427,22,5,5,4,4109,0,0,0,,0,002,"700 COLEMAN AV","COLEMAN PLACE",77.00,N,-,A,-,N,,,,,,,,,,Y,3,0,1,2,A,-,09,21801,,N,H,C,A,A,H,-,C,D,0,,,,,Y,,A,01,0,1,0,0,0,0,0,0,0,"- ","- ",37.462188720703125,-122.16181182861328,"SAN MATEO","MENLO PARK",-122.16158294677734,37.461860656738281
81589569,2021,2021-10-06,4117,2021-09-29,1439,04JL03,21AA,3,5,5,4117,0,0,0,,0,003,"MISSION RD","MCLELLAN DR",45.00,E,-,A,-,N,,,,,,,,,,N,3,0,2,2,A,-,03,22350,,F,C,C,A,A,H,-,A,A,0,,,,,Y,,A,07,0,2,0,0,0,0,0,0,0,"- ","- ",37.665550231933594,-122.44467163085938,"SAN MATEO","SOUTH SAN FRANCISCO",-122.44461822509766,37.665500640869141
81589708,2021,2021-10-06,4114,2021-09-07,1345,0048,SNB1,2,5,4,4114,0,0,0,,0,001,"3RD AV","SAN BRUNO AVENUE",0.00,,Y,A,-,N,,,,,,,,,,N,4,0,1,2,A,-,10,21950,A,F,G,B,B,A,H,-,A,A,0,Y,,,,Y,,D,22,0,0,1,0,1,0,0,0,0,"- ","- ",,,"SAN MATEO","SAN BRUNO",-122.40946960449219,37.630863189697266
81589862,2021,2021-10-06,4109,2021-09-08,1627,145879,18,3,5,4,4109,0,0,0,,0,004,"HIGHWAY SR-84","WILLOW ROAD",0.00,,Y,A,-,Y,,,84,,,,,,,N,3,0,1,2,A,-,03,22350,,N,C,C,A,A,H,-,A,A,0,,,,,Y,,A,01,0,1,0,0,0,0,0,0,0,"- ","- ",37.481929779052734,-122.15067291259766,"SAN MATEO","MENLO PARK",-122.15067291259766,37.481956481933594
81589886,2021,2021-10-06,4109,2021-09-14,1542,145990,26,2,5,4,4109,0,0,0,,0,001,"EL CAMINO REAL","ROBLE AVENUE",0.00,,Y,A,-,N,,,82,,,,,,,N,3,0,2,3,A,-,03,22350,,N,C,C,A,A,H,-,A,A,0,,,,,Y,,A,01,0,2,0,0,0,0,0,0,0,"- ","- ",37.451431274414062,-122.17935180664062,"SAN MATEO","MENLO PARK",-122.17922210693359,37.45166015625
81591151,2021,2021-10-08,4114,2021-09-27,1541,0048,SNB7,1,5,4,4114,0,0,0,,0,002,"CYRSTAL SPRINGS AV","EL CAMINO REAL",0.00,,Y,A,-,Y,,,,,,,,,,N,3,0,1,2,A,-,10,21950,A,N,G,B,B,A,H,-,A,A,0,Y,,,,Y,,D,22,0,1,0,0,1,0,0,0,0,"- ","- ",,,"SAN MATEO","SAN BRUNO",-122.41072082519531,37.620170593261719
81592114,2021,2021-10-08,4114,2021-09-29,1504,0048,SNB8,3,5,4,4114,0,0,0,,0,002,"EL CAMINO REAL","SANTA LUCIA AV",45.00,S,-,A,-,Y,,,,,,,,,,Y,4,0,3,4,A,-,03,22350,,N,C,C,A,A,H,-,A,D,0,,,,,Y,,D,22,0,0,3,0,0,0,0,0,0,"- ","- ",,,"SAN MATEO","SAN BRUNO",-122.40650939941406,37.615310668945312
81593960,2021,2021-10-12,4109,2021-09-16,1357,145754,25A,4,5,4,4109,0,0,0,,0,001,"SR-82 (EL CAMINO REAL)","SANTA CRUZ AVENUE",0.00,,Y,A,-,Y,,,82,,,,,,,N,3,0,1,2,A,-,21,22106,,N,C,C,A,A,H,-,A,A,0,,,,,Y,,A,01,0,1,0,0,0,0,0,0,0,"- ","- ",37.453529357910156,-122.18299865722656,"SAN MATEO","MENLO PARK",-122.1829833984375,37.453559875488281
81594368,2021,2021-10-12,4117,2021-09-27,1826,10SM11,07AB,1,5,5,4117,0,0,0,,0,004,"LINDEN AV","NINTH LN",0.00,,Y,B,C,N,,,,,,,,,,Y,3,0,2,2,A,-,09,21801,A,N,D,C,A,B,H,-,C,A,0,,,,,Y,,A,01,0,2,0,0,0,0,0,0,0,"- ","- ",37.660919189453125,-122.40812683105469,"SAN MATEO","SOUTH SAN FRANCISCO",-122.40813446044922,37.660915374755859
81594430,2021,2021-10-12,4117,2021-09-29,1702,20AF01,21AK,3,5,5,4117,0,0,0,,0,003,SR-82,"MCLELLAN DR",1940.00,S,-,A,-,Y,,,82,,,,,,,Y,3,0,2,2,A,-,08,22107,,N,D,C,A,A,H,-,A,A,0,,,,,Y,,A,01,0,2,0,0,0,0,0,0,0,"- ","- ",37.660011291503906,-122.44126892089844,"SAN MATEO","SOUTH SAN FRANCISCO",-122.44147491455078,37.659820556640625
81594559,2021,2021-10-12,4100,2021-09-27,0820,25875,HMB,1,5,3,4107,0,0,0,,0,075,"N MAIN STREET","LEWIS FOSTER DR",98.00,N,Y,A,-,N,,,,,,,,,,N,3,0,1,2,A,-,00,1,,N,G,B,D,A,H,-,A,D,0,Y,,,,Y,,-,"- ",0,1,0,0,1,0,0,0,0,"- ","- ",,,"SAN MATEO","HALF MOON BAY",-122.43251800537109,37.469745635986328
81595139,2021,2021-10-13,4114,2021-10-04,1501,0048,SNB19,1,5,4,4114,0,0,0,,0,002,"NILES AV","CHERRY AV",58.00,W,-,A,-,N,,,,,,,,,,N,3,0,1,2,A,-,11,21954,A,N,G,B,D,A,H,-,A,D,0,Y,,,,Y,,N,60,0,1,0,0,1,0,0,0,0,"- ","- ",,,"SAN MATEO","SAN BRUNO",-122.41858673095703,37.61700439453125
81595263,2021,2021-10-13,4109,2021-08-24,0034,14749,22,2,5,4,4109,0,0,0,,0,002,"WILLOW RD","131 FEET WEST OF WEST COLEMAN AVE CURB",0.00,,Y,A,-,N,,,,,,,,,,Y,3,0,1,1,A,-,01,23152,A,N,E,J,A,A,H,-,C,A,0,,,,,Y,Y,A,01,0,1,0,0,0,0,0,0,0,"- ","- ",37.461349487304688,-122.15998077392578,"SAN MATEO","MENLO PARK",,
81597888,2021,2021-10-15,4117,2021-10-12,0825,19CR05,08AG,2,5,5,4117,0,0,0,,0,001,"COMMERCIAL AV","SPRUCE AV",0.00,,Y,A,-,N,,,,,,,,,,N,3,0,1,2,A,-,03,22350,,N,D,C,A,A,D,H,A,D,0,,,,,Y,,A,01,0,1,0,0,0,0,0,0,0,"- ","- ",37.654541015625,-122.41668701171875,"SAN MATEO","SOUTH SAN FRANCISCO",-122.41670227050781,37.654533386230469
81600022,2021,2021-10-19,4109,2021-10-12,1308,145879,26,2,5,4,4109,0,0,0,,0,001,"EL CAMINO REAL","ROBLE AVENUE",0.00,,Y,A,-,N,,,82,,,,,,,N,3,0,1,2,A,-,12,21453,,N,D,C,A,A,H,-,A,A,0,,,,,Y,,A,01,0,1,0,0,0,0,0,0,0,"- ","- ",37.451999664306641,-122.17970275878906,"SAN MATEO","MENLO PARK",-122.17973327636719,37.451938629150391
81600392,2021,2021-10-19,4117,2021-10-12,1657,06KW06,08AG,2,5,5,4117,0,0,0,,0,001,"SPRUCE AV","COMMERCIAL AV",0.00,,Y,A,-,N,,,,,,,,,,Y,3,0,4,2,A,-,12,22450,A,N,D,C,A,A,H,-,A,A,0,,,,,Y,,A,01,0,4,0,0,0,0,0,0,0,"- ","- ",37.654541015625,-122.41670227050781,"SAN MATEO","SOUTH SAN FRANCISCO",-122.41670227050781,37.654533386230469
81603052,2021,2021-10-21,4117,2021-10-15,0859,03JA06,21AK,5,5,5,4117,0,0,0,,0,003,SR-82,"ARROYO DR",125.00,S,-,A,-,Y,,,82,,,,,,,N,3,0,1,2,A,-,03,22350,,N,C,C,A,A,H,-,A,A,0,,,,,Y,,A,01,0,1,0,0,0,0,0,0,0,"- ","- ",37.656879425048828,-122.43649291992188,"SAN MATEO","SOUTH SAN FRANCISCO",-122.43659973144531,37.656734466552734
81603776,2021,2021-10-22,4117,2021-10-14,0953,03JA06,16AA,4,5,5,4117,0,0,0,,0,002,"AVALON DR","JUNIPERO SERRA BL",0.00,,Y,A,-,Y,,,,,,,,,,N,3,0,2,2,A,-,17,21451,A,N,D,C,A,A,H,-,A,A,0,,,,,Y,,A,01,0,2,0,0,0,0,0,0,0,"- ","- ",37.640129089355469,-122.44138336181641,"SAN MATEO","SOUTH SAN FRANCISCO",-122.44150543212891,37.6400146484375
81603857,2021,2021-10-22,4117,2021-10-19,0803,19CR05,08AB,2,5,5,4117,0,0,0,,0,004,"LUX AV","LINDEN AV",220.00,E,-,A,-,N,,,,,,,,,,N,3,0,1,2,A,-,21,22106,,N,H,C,A,A,H,-,A,D,0,,,,,Y,,A,01,0,1,0,0,0,0,0,0,0,"- ","- ",37.657108306884766,-122.40946197509766,"SAN MATEO","SOUTH SAN FRANCISCO",-122.40872955322266,37.656940460205078
81605897,2021,2021-10-25,4100,2021-09-17,1246,25844,HMB,5,5,3,4107,0,0,0,,0,075,"150 SAN MATEO RD",SR-1,0.00,,Y,B,-,N,,,,,,,,,,N,3,0,1,2,B,-,22,,,N,G,B,D,A,H,-,A,D,0,Y,,,,Y,,N,60,0,1,0,0,1,0,0,0,0,"- ","- ",,,"SAN MATEO","HALF MOON BAY",-122.41108703613281,37.629928588867188
81606695,2021,2022-01-06,4100,2021-10-04,1137,18920,MLB,1,5,3,4110,0,0,0,,0,061,"SR-82 (EL CAMINO REAL)","HILLCREST BL",0.00,,Y,A,-,Y,,,,,,,,,,Y,3,0,1,2,A,-,17,21451,A,N,A,C,A,A,H,-,A,A,0,,,Y,,Y,,C,02,0,1,0,0,0,0,0,0,1,"- ","- ",,,"SAN MATEO",MILLBRAE,-122.39177703857422,37.602207183837891
81606702,2021,2021-10-26,4100,2021-10-07,1901,25247,HMB,4,5,3,4107,0,0,0,,0,075,"SR-1 (CABRILLO HWY S)","POPLAR ST",0.00,,Y,A,-,Y,,,,,,,,,,N,3,0,1,2,A,-,10,21950,A,N,G,B,B,A,H,-,C,A,0,Y,,,,Y,,A,01,0,1,0,0,1,0,0,0,0,"- ","- ",,,"SAN MATEO","HALF MOON BAY",-122.43910217285156,37.455955505371094
81606828,2021,2021-10-26,4100,2021-10-14,1209,25189,SNC,4,5,4,4115,0,0,0,,0,051,"BRITTAN AVENUE","STATE HIGHWAY 82",12.00,E,-,A,-,Y,,,,,,,,,,N,2,0,2,2,A,-,12,21453,A,N,D,C,A,A,H,-,A,A,0,,,,,Y,,A,01,1,1,0,0,0,0,0,0,0,"- ","- ",,,"SAN MATEO","SAN CARLOS",-122.25249481201172,37.500705718994141
81606848,2021,2021-10-26,4100,2021-10-18,0819,25274,WDS,1,5,2,4118,0,0,0,,0,030,"SR-84 (LA HONDA RD)",84SM16.26,87.00,S,-,B,-,Y,,,,,,,,,,Y,3,0,1,1,A,-,03,22350,,N,E,I,A,B,H,-,A,D,0,,,,,Y,,A,01,0,1,0,0,0,0,0,0,0,"- ","- ",,,"SAN MATEO",WOODSIDE,,
81607448,2021,2022-03-15,4100,2021-10-26,1335,25189,SNC,2,5,4,4115,0,0,0,,0,052,"INDUSTRIAL RD","BRANSTEN RD",7.00,S,-,B,-,N,,,,,,,,,,N,2,0,1,2,A,-,01,23153,F,N,G,B,B,A,H,-,A,A,0,Y,,,,Y,,A,01,1,0,0,0,1,0,0,0,0,"- ","- ",,,"SAN MATEO","SAN CARLOS",-122.25179290771484,37.507472991943359
81607856,2021,2021-10-27,4117,2021-10-20,1453,16AP10,28AF,3,5,5,4117,0,0,0,,0,003,"HICKEY BL","CROWN CR",0.00,,Y,B,-,N,,,,,,,,,,Y,3,0,2,2,A,-,09,21801,A,N,B,C,A,A,H,-,A,D,0,,,Y,,Y,,A,01,0,2,0,0,0,0,0,0,1,"- ","- ",37.665870666503906,-122.45435333251953,"SAN MATEO","SOUTH SAN FRANCISCO",-122.45436859130859,37.665908813476562
81608692,2021,2021-10-28,4109,2021-10-21,1606,146427,25A,4,5,4,4109,0,0,0,,0,001,"EL CAMINO REAL","SANTA CRUZ AVENUE",140.00,N,-,A,-,N,,,82,,,,,,,N,3,0,1,3,A,-,08,22107,,N,C,C,A,A,H,-,A,A,0,,,,,Y,,A,01,0,1,0,0,0,0,0,0,0,"- ","- ",37.453529357910156,-122.18299865722656,"SAN MATEO","MENLO PARK",-122.1829833984375,37.453559875488281
81608978,2021,2021-10-28,4117,2021-10-24,0043,19JS03,17AL,7,5,5,4117,0,0,0,,0,003,"NEWMAN DR","LAMONTE AV",177.00,N,-,C,-,N,,,,,,,,,,N,3,0,1,3,A,-,01,23152,A,N,A,C,A,B,H,-,C,D,0,,,,,Y,Y,A,01,0,1,0,0,0,0,0,0,0,"- ","- ",37.658870697021484,-122.45455932617188,"SAN MATEO","SOUTH SAN FRANCISCO",-122.45343780517578,37.6568603515625
81611230,2021,2021-11-01,4117,2021-10-08,2229,21MC03,13AE,5,5,5,4117,0,0,0,,0,004,"MILLER AV","SPRUCE AV",0.00,,Y,A,-,N,,,,,,,,,,Y,3,0,3,2,A,-,01,23152,A,N,D,C,A,A,H,-,C,A,0,,,,,Y,Y,A,01,0,3,0,0,0,0,0,0,0,"- ","- ",37.657451629638672,-122.41567230224609,"SAN MATEO","SOUTH SAN FRANCISCO",-122.4156494140625,37.657447814941406
81611353,2021,2021-11-01,4114,2021-10-14,1339,1245,SNB7,4,5,4,4114,0,0,0,,0,002,"EL CAMINO REAL","TAYLOR AV",0.00,,Y,A,-,Y,,,,,,,,,,N,3,0,1,2,A,-,17,21451,A,N,D,C,A,A,H,-,A,A,0,,,,,Y,,A,01,0,1,0,0,0,0,0,0,0,"- ","- ",,,"SAN MATEO","SAN BRUNO",-122.41117858886719,37.621116638183594
81611362,2021,2021-11-01,4114,2021-10-19,0147,0027,SNB36,2,5,4,4114,0,0,0,,0,003,"SHARP PARK RD","SKYLINE BLVD",0.00,,Y,B,-,Y,,,,,,,,,,Y,4,0,1,1,A,-,08,22107,,N,E,I,A,A,H,-,C,A,0,,,,,Y,,A,01,0,0,1,0,0,0,0,0,0,"- ","- ",,,"SAN MATEO","SAN BRUNO",-122.46411895751953,37.638919830322266
81612671,2021,2021-11-01,4117,2021-10-27,0635,99ID13,10AD,3,5,5,4117,0,0,0,,0,002,"HUNINGTON AV","NOOR AV",0.00,,Y,A,-,N,,,,,,,,,,N,3,0,1,2,A,-,11,21456,C,N,G,B,B,A,H,-,C,A,0,Y,,,,Y,,N,60,0,1,0,0,1,0,0,0,0,"- ","- ",37.641780853271484,-122.41998291015625,"SAN MATEO","SOUTH SAN FRANCISCO",-122.41999816894531,37.641834259033203
81613343,2021,2021-11-02,4109,2021-09-02,0158,14646,17B,4,5,4,4109,0,0,0,,0,004,"BAYFRONT EX",FACEBOOK,0.00,,Y,A,-,Y,,,,,,,,,,Y,3,0,1,2,A,-,03,22350,,N,C,C,A,A,H,-,C,A,0,,,,,Y,,A,01,0,1,0,0,0,0,0,0,0,"- ","- ",37.481670379638672,-122.15558624267578,"SAN MATEO","MENLO PARK",-122.15989685058594,37.482219696044922
81613498,2021,2021-11-02,4109,2021-09-02,1341,145880,25,4,5,4,4109,0,0,0,,0,002,"700 ALMA ST",RAVENSWOOD,0.00,,Y,A,-,N,,,,,,,,,,N,3,0,1,1,A,-,"- ",,,N,H,A,A,A,H,-,A,D,0,,Y,,,Y,,L,04,0,1,0,0,0,0,1,0,0,"- ","- ",37.453838348388672,-122.180419921875,"SAN MATEO","MENLO PARK",-122.18045806884766,37.453868865966797
81613647,2021,2021-11-02,4117,2021-10-19,1649,20AF01,01AK,2,5,5,4117,0,0,0,,0,001,"S AIRPORT BLVD","UTAH AV",382.00,N,-,B,-,N,,,,,,,,,,N,3,0,1,2,A,-,21,22106,,N,D,G,A,A,H,-,A,A,0,,Y,,,Y,,I,11,0,1,0,0,0,0,1,0,0,"- ","- ",37.645168304443359,-122.40489959716797,"SAN MATEO","SOUTH SAN FRANCISCO",-122.40538024902344,37.646144866943359
81614030,2021,2021-11-03,4117,2021-10-14,1654,06KW06,08AM,4,5,5,4117,0,0,0,,0,001,"AIRPORT BL","BADEN AV",20.00,N,-,A,-,N,,,,,,,,,,N,3,0,1,2,A,-,03,22350,,F,C,C,A,A,H,-,A,A,0,,,,,Y,,A,01,0,1,0,0,0,0,0,0,0,"- ","- ",37.653690338134766,-122.40821075439453,"SAN MATEO","SOUTH SAN FRANCISCO",-122.40834045410156,37.653789520263672
81615155,2021,2021-11-03,4117,2021-10-29,1817,06KW06,14AF,5,5,5,4117,0,0,0,,0,002,SR-82,"HAZELWOOD DR",270.00,S,-,A,-,N,,,82,,,,,,,N,3,0,1,2,A,-,03,22350,,N,C,C,A,A,H,-,C,A,0,,,,,Y,,A,01,0,1,0,0,0,0,0,0,0,"- ","- ",37.6551513671875,-122.43448638916016,"SAN MATEO","SOUTH SAN FRANCISCO",-122.4344482421875,37.655200958251953
81618899,2021,2021-11-08,4117,2021-11-01,0309,13DF04,08AG,1,5,5,4117,0,0,0,,0,001,"COMMERCIAL AV","SPRUCE AV",480.00,W,-,A,-,N,,,,,,,,,,Y,3,0,2,3,A,-,08,22107,,N,B,E,A,A,H,-,C,D,0,,,,,Y,,A,01,0,2,0,0,0,0,0,0,0,"- ","- ",37.654541015625,-122.41670227050781,"SAN MATEO","SOUTH SAN FRANCISCO",-122.41829681396484,37.654880523681641
81619059,2021,2021-11-08,4100,2021-10-14,1533,18920,MLB,4,5,3,4110,0,0,0,,0,062,"MEADOW GLEN AV",BROADWAY,0.00,,Y,A,-,N,,,,,,,,,,N,3,0,1,2,A,-,09,21804,A,N,G,B,D,A,H,-,A,A,0,Y,,,,Y,,N,60,0,1,0,0,1,0,0,0,0,"- ","- ",,,"SAN MATEO",MILLBRAE,-122.39756011962891,37.605266571044922
81619911,2021,2021-11-09,4109,2021-10-27,1448,145882,26,3,5,4,4109,0,0,0,,0,001,"VALPARAISO AV","EASTERN CURB PROLONGATION LINE OF JOHNSON STREET",105.00,E,-,A,-,N,,,,,,,,,,Y,4,0,2,3,A,-,03,22350,,N,C,C,A,A,H,-,A,D,0,,,,,Y,,A,01,0,0,2,0,0,0,0,0,0,"- ","- ",37.451000213623047,-122.19168090820312,"SAN MATEO","MENLO PARK",,
81620984,2021,2021-11-09,4117,2021-10-30,1808,02JF10,10AF,6,5,5,4117,0,0,0,,0,002,"SOUTH SPRUCE AV","TERRACE AV",155.00,S,-,A,-,N,,,,,,,,,,Y,3,0,2,2,A,-,12,21453,A,N,C,C,A,A,H,-,A,A,0,,,,,Y,,A,01,0,2,0,0,0,0,0,0,0,"- ","- ",37.643039703369141,-122.42514801025391,"SAN MATEO","SOUTH SAN FRANCISCO",-122.4229736328125,37.644638061523438
81621687,2021,2021-11-10,4109,2021-08-28,2123,14448,17,6,5,4,4109,0,0,0,,0,003,"131 NEWBRIDGE ST","PIERCE RD",0.00,,Y,A,-,N,,,,,,,,,,Y,3,0,1,2,A,-,08,22107,,F,C,E,A,A,H,-,C,A,0,,,,,Y,,A,01,0,1,0,0,0,0,0,0,0,"- ","- ",37.474918365478516,-122.16461181640625,"SAN MATEO","MENLO PARK",-122.16489410400391,37.474929809570312
81621871,2021,2021-11-10,4117,2021-11-03,1648,20AF01,21AK,3,5,5,4117,0,0,0,,0,003,SR-82,"ARROYO DR",0.00,,Y,A,-,Y,,,82,,,,,,,N,3,0,1,2,A,-,06,21755,A,N,D,C,A,A,H,-,A,A,0,,,Y,,Y,,C,03,0,1,0,0,0,0,0,0,1,"- ","- ",37.656879425048828,-122.43649291992188,"SAN MATEO","SOUTH SAN FRANCISCO",-122.43659973144531,37.656734466552734
81623553,2021,2022-05-26,4114,2021-10-25,2044,1126,SNB6,1,5,4,4114,0,0,0,,0,002,"SAN MATEO AV","ANGUS AV",0.00,,Y,A,-,N,,,,,,,,,,N,4,0,1,3,A,-,10,21950,A,F,G,B,B,A,H,-,C,D,0,Y,,,,Y,,A,01,0,0,1,0,1,0,0,0,0,"- ","- ",,,"SAN MATEO","SAN BRUNO",-122.41132354736328,37.626480102539062
81624461,2021,2021-11-15,4100,2021-11-11,1057,18920,MLB,4,5,3,4110,0,0,0,,0,061,"SR-82 (EL CAMINO REAL)","LA CRUZ AV",90.00,N,-,A,-,Y,,,,,,,,,,N,4,0,2,3,A,-,02,22400,A,N,C,C,A,A,H,-,A,A,0,,,,,Y,,A,01,0,0,2,0,0,0,0,0,0,"- ","- ",,,"SAN MATEO",MILLBRAE,-122.39103698730469,37.601600646972656
81627309,2021,2021-11-17,4100,2021-10-25,1237,18920,MLB,1,5,3,4110,0,0,0,,0,062,"MAGNOLIA AV","RICHMOND DR",0.00,,Y,B,G,N,,,,,,,,,,N,4,0,1,2,A,-,12,22450,A,N,D,G,A,A,H,-,A,A,0,,Y,,,Y,,A,01,0,0,1,0,0,0,1,0,0,"- ","- ",,,"SAN MATEO",MILLBRAE,-122.39720153808594,37.603630065917969
81627361,2021,2021-11-17,4117,2021-11-04,1727,20AF01,08AN,4,5,5,4117,0,0,0,,0,004,"EAST GRAND AV","AIRPORT BL",14.00,E,-,A,-,N,,,,,,,,,,N,3,0,1,2,A,-,04,21703,,N,C,C,A,A,H,-,A,A,0,,,,,Y,,A,01,0,1,0,0,0,0,0,0,0,"- ","- ",37.654651641845703,-122.40789794921875,"SAN MATEO","SOUTH SAN FRANCISCO",-122.40782165527344,37.654674530029297
81631582,2021,2021-11-22,4100,2021-10-29,1535,84931,MLB,5,5,3,4110,0,0,0,,0,061,"MILLBRAE AVE",BROADWAY,0.00,,Y,A,-,N,,,,,,,,,,Y,3,0,1,2,A,-,08,22107,,N,D,C,A,A,H,-,A,D,0,,,,,Y,,A,01,0,1,0,0,0,0,0,0,0,"- ","- ",,,"SAN MATEO",MILLBRAE,-122.38857269287109,37.597930908203125
81631585,2021,2021-11-22,4100,2021-11-03,1609,25242,WDS,3,5,2,4118,0,0,0,,0,030,"OLD LA HONDA RD","MARTINEZ RD",1584.00,E,-,A,-,N,,,,,,,,,,N,2,0,1,1,A,-,03,22350,,N,F,A,A,B,H,-,A,D,0,,Y,,,Y,,L,04,1,0,0,0,0,0,1,0,0,"- ","- ",,,"SAN MATEO",WOODSIDE,-122.25170135498047,37.378536224365234
81631586,2021,2021-11-22,4100,2021-11-05,0951,25281,MLB,5,5,3,4110,0,0,0,,0,065,"SR-82 (EL CAMINO REAL)","LA CRUZ AV",21.00,S,-,A,-,Y,,,,,,,,,,N,4,0,1,2,A,-,03,22350,,N,C,C,A,A,H,-,A,D,0,,,,,Y,,A,01,0,0,1,0,0,0,0,0,0,"- ","- ",,,"SAN MATEO",MILLBRAE,-122.39076995849609,37.60137939453125
81634903,2021,2021-11-25,4114,2021-11-06,1405,0825,SNB32,6,5,4,4114,0,0,0,,0,003,"CLAREMONT DR","VERMONT WY",39.00,W,-,A,-,N,,,,,,,,,,Y,3,0,1,2,A,-,03,22350,,N,E,I,A,A,H,-,A,D,0,,,,,Y,,A,01,0,1,0,0,0,0,0,0,0,"- ","- ",,,"SAN MATEO","SAN BRUNO",-122.44291687011719,37.622947692871094
81640074,2021,2021-12-01,4117,2021-11-07,0636,18CM04,01AQ,7,5,5,4117,0,0,0,,0,004,"EAST GRAND AV","DUBUQUE AV",290.00,E,-,A,-,N,,,,,,,,,,N,4,0,1,1,A,-,08,22107,A,N,E,I,A,A,H,-,B,D,0,,,,,Y,,D,22,0,0,1,0,0,0,0,0,0,"- ","- ",37.654651641845703,-122.40789794921875,"SAN MATEO","SOUTH SAN FRANCISCO",-122.40532684326172,37.655765533447266
81645630,2021,2021-12-07,4117,2021-11-27,1256,19MV02,27AH,6,5,5,4117,0,0,0,,0,002,"CALLAN BL","LEIX WY",0.00,,Y,A,-,N,,,,,,,,,,N,3,0,1,2,A,-,09,21802,A,N,B,C,A,A,H,-,A,A,0,,,,,Y,,A,01,0,1,0,0,0,0,0,0,0,"- ","- ",37.648200988769531,-122.46691131591797,"SAN MATEO","SOUTH SAN FRANCISCO",-122.46691131591797,37.648197174072266
81646394,2021,2021-12-08,4109,2021-11-12,1309,14782,26,5,5,4,4109,0,0,0,,0,001,"VALPARAISO AV","HOOVER ST",0.00,,Y,A,-,Y,,,,,,,,,,N,4,0,1,2,A,-,09,21801,A,N,H,G,A,A,H,-,A,D,0,,Y,,,Y,,A,01,0,0,1,0,0,0,1,0,0,"- ","- ",37.454921722412109,-122.18842315673828,"SAN MATEO","MENLO PARK",-122.18840789794922,37.454929351806641