CASE_ID,ACCIDENT_YEAR,PROC_DATE,JURIS,COLLISION_DATE,COLLISION_TIME,OFFICER_ID,REPORTING_DISTRICT,DAY_OF_WEEK,CHP_SHIFT,POPULATION,CNTY_CITY_LOC,SPECIAL_COND,BEAT_TYPE,CHP_BEAT_TYPE,CITY_DIVISION_LAPD,CHP_BEAT_CLASS,BEAT_NUMBER,PRIMARY_RD,SECONDARY_RD,DISTANCE,DIRECTION,INTERSECTION,WEATHER_1,WEATHER_2,STATE_HWY_IND,CALTRANS_COUNTY,CALTRANS_DISTRICT,STATE_ROUTE,ROUTE_SUFFIX,POSTMILE_PREFIX,POSTMILE,LOCATION_TYPE,RAMP_INTERSECTION,SIDE_OF_HWY,TOW_AWAY,COLLISION_SEVERITY,NUMBER_KILLED,NUMBER_INJURED,PARTY_COUNT,PRIMARY_COLL_FACTOR,PCF_CODE_OF_VIOL,PCF_VIOL_CATEGORY,PCF_VIOLATION,PCF_VIOL_SUBSECTION,HIT_AND_RUN,TYPE_OF_COLLISION,MVIW,PED_ACTION,ROAD_SURFACE,ROAD_COND_1,ROAD_COND_2,LIGHTING,CONTROL_DEVICE,CHP_ROAD_TYPE,PEDESTRIAN_ACCIDENT,BICYCLE_ACCIDENT,MOTORCYCLE_ACCIDENT,TRUCK_ACCIDENT,NOT_PRIVATE_PROPERTY,ALCOHOL_INVOLVED,STWD_VEHTYPE_AT_FAULT,CHP_VEHTYPE_AT_FAULT,COUNT_SEVERE_INJ,COUNT_VISIBLE_INJ,COUNT_COMPLAINT_PAIN,COUNT_PED_KILLED,COUNT_PED_INJURED,COUNT_BICYCLIST_KILLED,COUNT_BICYCLIST_INJURED,COUNT_MC_KILLED,COUNT_MC_INJURED,PRIMARY_RAMP,SECONDARY_RAMP,LATITUDE,LONGITUDE,COUNTY,CITY,POINT_X,POINT_Y
81646467,2021,2021-12-08,4109,2021-10-11,1009,15262,16,1,5,4,4109,0,0,0,,0,002,"BAY RD","GREENWOOD DRIVE",0.00,,Y,A,-,N,,,,,,,,,,Y,2,0,3,2,A,-,"- ",,,N,A,C,A,A,H,-,A,D,0,,,,,Y,,A,07,1,2,0,0,0,0,0,0,0,"- ","- ",37.475570678710938,-122.17548370361328,"SAN MATEO","MENLO PARK",-122.17530822753906,37.475467681884766
81646505,2021,2021-12-08,4114,2021-11-18,2250,0036,SNB8,4,5,4,4114,0,0,0,,0,002,"EL CAMINO REAL","SANTA INEZ AVE",0.00,,Y,A,-,N,,,,,,,,,,N,3,0,1,2,A,-,09,21453,B,N,A,G,A,A,H,-,E,A,0,,Y,,,Y,,A,01,0,1,0,0,0,0,1,0,0,"- ","- ",,,"SAN MATEO","SAN BRUNO",-122.40485382080078,37.613880157470703
81649099,2021,2021-12-10,4117,2021-11-22,2306,16LT04,16AA,1,5,5,4117,0,0,0,,0,002,"AVALON DR","JUNIPERO SERRA BL",260.00,W,-,A,-,Y,,,,,,,,,,Y,3,0,1,1,A,-,03,22350,,N,E,I,A,A,H,-,C,D,0,,,,,Y,,A,01,0,1,0,0,0,0,0,0,0,"- ","- ",37.640129089355469,-122.44138336181641,"SAN MATEO","SOUTH SAN FRANCISCO",-122.44204711914062,37.639450073242188
81654321,2021,2021-12-16,4109,2021-11-23,0716,14494,18,2,5,4,4109,0,0,0,,0,004,"SR-84 (BAYFRONT EXPRESSWAY)","SR-109 (UNIVERSITY AVENUE)",0.00,,Y,A,-,Y,,,84,,,,,,,N,3,0,1,2,A,-,12,21453,A,F,H,G,A,A,H,-,A,A,0,,Y,,,Y,,A,01,0,1,0,0,0,0,1,0,0,"- ","- ",37.48651123046875,-122.14269256591797,"SAN MATEO","MENLO PARK",-122.14269256591797,37.486515045166016
81659808,2021,2021-12-23,4100,2021-12-03,2130,25058,MIL,5,5,3,4110,0,0,0,,0,061,"SR-82 (EL CAMINO REAL)","MILLBRAE AV",0.00,,Y,A,-,Y,,,,,,,,,,N,3,0,1,2,A,-,11,21456,C,N,G,B,B,A,H,-,C,A,0,Y,,,,Y,,N,60,0,1,0,0,1,0,0,0,0,"- ","- ",,,"SAN MATEO",MILLBRAE,-122.38758850097656,37.598491668701172
81659811,2021,2021-12-23,4100,2021-12-18,1108,25274,WDS,6,5,2,4118,0,0,0,,0,030,"CANADA RD","EUCALYPTUS CT",230.00,S,-,A,-,N,,,,,,,,,,N,2,0,1,1,A,-,03,22350,,N,H,A,A,A,H,-,A,D,0,,Y,,,Y,,L,04,1,0,0,0,0,0,1,0,0,"- ","- ",,,"SAN MATEO",WOODSIDE,-122.26587677001953,37.441230773925781
81665760,2021,2021-12-29,4117,2021-12-11,2229,18JY16,27AR,6,5,5,4117,0,0,0,,0,002,"CALLAN BL","WESTBOROUGH BL",20.00,N,-,B,-,N,,,,,,,,,,N,3,0,1,2,A,-,21,22106,,N,C,C,A,A,H,-,C,A,0,,,,,Y,,-,35,0,1,0,0,0,0,0,0,0,"- ","- ",37.647201538085938,-122.46572875976562,"SAN MATEO","SOUTH SAN FRANCISCO",-122.46222686767578,37.642799377441406
81665763,2021,2021-12-29,4117,2021-12-12,0223,21MC03,05AE,7,5,5,4117,0,0,0,,0,001,"AIRPORT BL","SAN MATEO AV",0.00,,Y,C,-,N,,,,,,,,,,Y,3,0,1,1,A,-,08,22107,,N,E,I,A,B,H,-,C,A,0,,,,,Y,Y,A,01,0,1,0,0,0,0,0,0,0,"- ","- ",37.649669647216797,-122.40804290771484,"SAN MATEO","SOUTH SAN FRANCISCO",-122.40821838378906,37.649673461914062
81665781,2021,2021-12-29,4117,2021-12-13,0938,19CR05,21AL,1,5,5,4117,0,0,0,,0,003,SR-82,"HICKEY BLVD",5.00,S,-,C,-,Y,,,82,,,,,,,N,3,0,2,2,A,-,03,22350,,N,C,C,A,B,H,-,A,A,0,,,,,Y,,A,01,0,2,0,0,0,0,0,0,0,"- ","- ",37.666259765625,-122.45095062255859,"SAN MATEO","SOUTH SAN FRANCISCO",-122.45104217529297,37.6661376953125
81667417,2021,2021-12-31,4117,2021-12-22,0919,18LO10,14AE,3,5,5,4117,0,0,0,,0,002,"SOUTH SPRUCE AV","HUNTINGTON AV",0.00,,Y,C,-,N,,,,,,,,,,Y,3,0,1,2,A,-,03,22350,,N,D,C,A,B,H,-,A,A,0,,,,,Y,,A,01,0,1,0,0,0,0,0,0,0,"- ","- ",37.645011901855469,-122.42270660400391,"SAN MATEO","SOUTH SAN FRANCISCO",-122.42266082763672,37.644985198974609
81667501,2021,2021-12-31,4114,2021-12-07,1136,1121,SNB1,2,5,4,4114,0,0,0,,0,001,"SAN MATEO AVENUE","WALNUT ST",58.54,N,-,A,-,N,,,,,,,,,,N,3,0,1,2,A,-,04,21703,,N,C,C,A,A,H,-,A,D,0,,,,,Y,,A,01,0,1,0,0,0,0,0,0,0,"- ","- ",,,"SAN MATEO","SAN BRUNO",-122.41142272949219,37.632770538330078
81667502,2021,2021-12-31,4114,2021-12-08,1249,0048,SNB7,3,5,4,4114,0,0,0,,0,002,"EL CAMINO REAL","TAYLOR ST",100.00,S,-,A,-,Y,,,,,,,,,,N,4,0,1,2,A,-,07,21658,A,N,B,C,A,A,H,-,A,D,0,,,,,Y,,A,01,0,0,1,0,0,0,0,0,0,"- ","- ",,,"SAN MATEO","SAN BRUNO",-122.4110107421875,37.620880126953125
81670959,2021,2022-01-05,4117,2021-12-27,2103,10SM11,27AO,1,5,5,4117,0,0,0,,0,002,"GALWAY DR","WILLIAMSBURG CT",135.00,S,-,A,-,N,,,,,,,,,,Y,2,0,1,3,A,-,01,23152,A,N,C,E,A,A,H,-,C,D,0,,,,,Y,Y,A,01,1,0,0,0,0,0,0,0,0,"- ","- ",37.646518707275391,-122.45613098144531,"SAN MATEO","SOUTH SAN FRANCISCO",-122.45599365234375,37.646175384521484
81671390,2021,2022-01-05,4117,2021-11-20,0815,14JP02,08AI,6,5,5,4117,0,0,0,,0,004,"MILLER AV","MAPLE AV",0.00,,Y,A,-,N,,,,,,,,,,N,2,0,1,2,A,-,10,21950,A,N,G,B,B,A,H,-,A,A,0,Y,,,,Y,,A,01,1,0,0,0,1,0,0,0,0,"- ","- ",37.656669616699219,-122.41216278076172,"SAN MATEO","SOUTH SAN FRANCISCO",-122.412109375,37.656646728515625
81672193,2021,2022-01-06,4117,2021-12-17,1247,06KW06,27AL,5,5,5,4117,0,0,0,,0,002,"GELLERT BL","WESTBOROUGH BL",3.00,N,-,A,-,N,,,,,,,,,,N,3,0,2,3,A,-,11,21950,B,F,G,B,B,A,H,-,A,A,0,Y,,,,Y,,N,60,0,2,0,0,2,0,0,0,0,"- ","- ",37.643310546875,-122.45291137695312,"SAN MATEO","SOUTH SAN FRANCISCO",-122.4530029296875,37.643428802490234
81672674,2021,2022-01-06,4100,2021-11-24,1010,25850,4100,3,5,4,4115,0,0,0,,0,053,"EL CAMINO REAL","HULL DR",55.00,S,-,A,-,Y,,,,,,,,,,N,3,0,1,2,A,-,06,21760,C,N,H,G,A,A,H,-,A,D,0,,Y,,,Y,,D,83,0,1,0,0,0,0,1,0,0,"- ","- ",,,"SAN MATEO","SAN CARLOS",-122.26628112792969,37.511734008789062
81672701,2021,2022-01-06,4100,2021-12-19,1430,25289,PV,7,5,2,4112,0,0,0,,0,031,"ALPINE RD","LOS TRANCOS RD",0.00,,Y,A,-,N,,,,,,,,,,N,2,0,1,2,A,-,09,21801,A,N,H,G,A,A,H,-,A,D,0,,Y,,,Y,,A,01,1,0,0,0,0,0,1,0,0,"- ","- ",,,"SAN MATEO","PORTOLA VALLEY",-122.20046234130859,37.376827239990234
81672721,2021,2022-01-06,4100,2021-12-21,0925,25194,SNC,2,5,4,4115,0,0,0,,0,051,"EL CAMINO REAL","HOWARD AVENUE",0.00,,Y,A,-,Y,,,,,,,,,,N,3,0,2,2,A,-,12,21453,A,N,D,C,A,A,H,-,A,A,0,,,,,Y,,-,"- ",0,2,0,0,0,0,0,0,0,"- ","- ",,,"SAN MATEO","SAN CARLOS",-122.25025939941406,37.498687744140625
81674496,2021,2022-01-10,4109,2021-12-10,1543,146408,16,5,5,4,4109,0,0,0,,0,002,"BAY RD","SONOMA AVE",358.00,N,-,A,-,N,,,,,,,,,,N,3,0,1,2,A,-,03,22350,,N,G,B,E,A,H,-,A,D,0,Y,Y,,,Y,,L,04,0,1,0,0,1,0,0,0,0,"- ","- ",38.312591552734375,-122.30351257324219,"SAN MATEO","MENLO PARK",-122.16885375976562,37.472293853759766
81675674,2021,2022-01-11,4100,2021-12-27,0800,25144,4100,1,5,4,4115,0,0,0,,0,053,"STATE HIGHWAY 82 HWY","HOLLY ST",289.00,N,-,C,-,N,,,,,,,,,,Y,3,0,1,1,A,-,03,22350,,N,E,I,A,B,H,-,A,D,0,,,,,Y,,A,01,0,1,0,0,0,0,0,0,0,"- ","- ",,,"SAN MATEO","SAN CARLOS",-122.26118469238281,37.509044647216797
81675859,2021,2022-01-11,4117,2021-12-20,1920,16AK08,08AB,1,5,5,4117,0,0,0,,0,004,"CALIFORNIA AV","LINDEN AV",164.00,E,-,A,-,N,,,,,,,,,,Y,3,0,1,3,A,-,01,23152,A,M,B,E,A,A,H,-,C,D,0,,,,,Y,Y,A,01,0,1,0,0,0,0,0,0,0,"- ","- ",37.658050537109375,-122.40912628173828,"SAN MATEO","SOUTH SAN FRANCISCO",-122.40857696533203,37.657932281494141
81675976,2021,2022-01-11,4109,2021-05-25,1320,145989,26,2,5,4,4109,0,0,0,,0,001,"550 EL CAMINO REAL","MIDDLE AV",3.80,E,Y,A,-,N,,,,,,,,,,N,3,0,1,1,A,-,03,22350,,N,H,G,A,A,H,-,A,A,0,,Y,,,Y,,L,04,0,1,0,0,0,0,1,0,0,"- ","- ",37.449748992919922,-122.17622375488281,"SAN MATEO","MENLO PARK",-122.17719268798828,37.450393676757812
81680650,2021,2022-01-19,4100,2021-11-22,1012,25873,4100,1,5,3,4107,0,0,0,,0,075,"STATE ROUTE 92","STATE ROUTE 1",0.00,,Y,A,-,Y,,,,,,,,,,N,3,0,1,2,A,-,06,21755,,N,D,C,A,A,H,-,A,D,0,,,Y,,Y,,C,02,0,1,0,0,0,0,0,0,1,"- ","- ",,,"SAN MATEO","HALF MOON BAY",-122.43360137939453,37.468017578125
81684120,2021,2022-01-24,4117,2021-12-31,1532,21AM09,19BB,5,5,5,4117,0,0,0,,0,002,"OAKMONT DR","SHANNON DR",0.00,,Y,A,-,N,,,,,,,,,,Y,3,0,3,2,A,-,09,21802,A,N,D,C,A,A,H,-,A,A,0,,,,,Y,,A,01,0,3,0,0,0,0,0,0,0,"- ","- ",37.640350341796875,-122.46089172363281,"SAN MATEO","SOUTH SAN FRANCISCO",-122.46089172363281,37.640331268310547
81688297,2021,2022-01-28,4109,2021-11-12,1600,15262,26,5,5,4,4109,0,0,0,,0,001,"UNIVERSITY DR","SANTA CRUZ",155.00,N,-,A,-,N,,,,,,,,,,N,3,0,1,2,A,-,03,22350,,M,D,C,A,A,H,-,A,D,0,,Y,,,Y,,-,99,0,1,0,0,0,0,1,0,0,"- ","- ",37.449409484863281,-122.18637084960938,"SAN MATEO","MENLO PARK",-122.18639373779297,37.449428558349609
81695389,2021,2022-02-07,4109,2021-11-09,0822,145754,27,2,5,4,4109,0,0,0,,0,001,"1401 SANTA CRUZ AV","COTTON STREET",0.00,,Y,B,-,N,,,,,,,,,,Y,3,0,1,2,A,-,09,21804,,N,D,C,A,B,H,-,A,D,0,,,,,Y,,A,01,0,1,0,0,0,0,0,0,0,"- ","- ",37.442031860351562,-122.19252014160156,"SAN MATEO","MENLO PARK",-122.19254302978516,37.442043304443359
81696310,2021,2022-02-08,4109,2021-11-19,1503,14782,18,5,5,4,4109,0,0,0,,0,004,"1190 HAMILTON CT","HAMILTON AV",0.00,,Y,B,-,N,,,,,,,,,,N,4,0,1,2,B,-,22,,,N,G,B,E,A,H,-,A,D,0,Y,,,,Y,,A,01,0,0,1,0,1,0,0,0,0,"- ","- ",37.478610992431641,-122.1490478515625,"SAN MATEO","MENLO PARK",-122.14907073974609,37.478599548339844
81696314,2021,2022-02-08,4109,2021-09-09,0805,15157,26,4,5,4,4109,0,0,0,,0,001,"SANTA CRUZ AVE","JOHNSON ST",91.50,E,-,A,-,N,,,,,,,,,,N,3,0,1,2,A,-,09,21804,A,N,H,G,A,A,H,-,A,D,0,,Y,,,Y,,L,04,0,1,0,0,0,0,1,0,0,"- ","- ",37.448551177978516,-122.18708038330078,"SAN MATEO","MENLO PARK",-122.18690490722656,37.448799133300781
81696315,2021,2022-02-08,4109,2021-08-14,0002,145905,18,6,5,4,4109,0,0,0,,0,004,"UNIVERSITY AV","BELL STREET",0.00,,Y,A,-,N,,,,,,,,,,Y,3,0,1,1,A,-,08,22107,,M,E,J,A,A,G,-,C,A,0,,,,,Y,,A,01,0,1,0,0,0,0,0,0,0,"- ","- ",37.476779937744141,-122.13967132568359,"SAN MATEO","MENLO PARK",-122.14156341552734,37.465587615966797
81696704,2021,2022-02-09,4109,2021-07-18,1813,146332,17A,7,5,4,4109,0,0,0,,0,002,"MARSH RD",SR-84,905.00,W,-,A,-,Y,,,,,,,,,,N,4,0,1,3,A,-,01,23152,,N,B,C,A,A,H,-,A,A,0,,,,,Y,Y,A,01,0,0,1,0,0,0,0,0,0,"- ","- ",37.485069274902344,-122.17986297607422,"SAN MATEO","MENLO PARK",-122.18427276611328,37.480918884277344
81696707,2021,2022-02-09,4109,2021-07-12,0844,14591,99,1,5,4,4109,0,0,0,,0,099,"SAND HILL ROAD","LELAND AVENUE",0.00,,Y,A,-,N,,,,,,,,,,N,3,0,1,2,A,-,09,21802,A,N,H,G,A,A,H,-,A,A,0,,Y,,,Y,,L,04,0,1,0,0,0,0,1,0,0,"- ","- ",37.427158355712891,-122.19107818603516,"SAN MATEO","MENLO PARK",-122.19126892089844,37.42724609375
81696718,2021,2022-02-09,4109,2021-07-07,1744,146398,22,3,5,4,4109,0,0,0,,0,002,"220 WILLOW RD","BLACKBURN AVENUE",460.00,E,-,A,-,N,,,,,,,,,,Y,3,0,1,3,A,-,03,22350,,N,C,C,A,A,H,-,A,D,0,,,,,Y,,A,01,0,1,0,0,0,0,0,0,0,"- ","- ",37.456668853759766,-122.16290283203125,"SAN MATEO","MENLO PARK",-122.16265869140625,37.457195281982422
81696722,2021,2022-02-09,4109,2021-07-07,1248,145746,27,3,5,4,4109,0,0,0,,0,001,"1127 JOHNSON ST","SANTA CRUZ AV",239.00,N,-,A,-,N,,,,,,,,,,Y,3,0,1,2,A,-,03,22350,,N,D,C,A,A,H,-,A,D,0,,,,,Y,,A,01,0,1,0,0,0,0,0,0,0,"- ","- ",37.448528289794922,-122.18846130371094,"SAN MATEO","MENLO PARK",-122.18777465820312,37.448947906494141
81696749,2021,2022-02-09,4109,2021-06-13,0807,145879,18,7,5,4,4109,0,0,0,,0,004,"UNIVERSITY AVENUE","HIGHWAY SR-84",0.00,,Y,A,-,N,,,,,,,,,,Y,3,0,2,2,A,-,01,23152,,N,C,C,A,A,H,-,A,A,0,,,,,Y,,A,01,0,2,0,0,0,0,0,0,0,"- ","- ",37.48651123046875,-122.14269256591797,"SAN MATEO","MENLO PARK",-122.14272308349609,37.48651123046875
81696799,2021,2022-02-09,4109,2021-05-07,1650,14540,17B,5,5,4,4109,0,0,0,,0,004,"BAYFRONT EXP","CHILCO STREET",0.00,,Y,A,-,Y,,,,,,,,,,Y,4,0,1,2,A,-,03,22350,,N,B,C,A,A,H,-,A,A,0,,,,,Y,,A,01,0,0,1,0,0,0,0,0,0,"- ","- ",37.452960968017578,-122.18171691894531,"SAN MATEO","MENLO PARK",-122.16709899902344,37.483280181884766
82032130,2021,2023-03-30,4100,2021-03-11,1101,25924,MLB,4,5,3,4110,0,0,0,,0,061,"MURCHISON DR","OGDEN DR",0.00,,Y,A,-,N,,,,,,,,,,N,3,0,1,2,A,-,10,21950,A,N,G,B,B,B,H,-,A,D,0,Y,,,,Y,,A,01,0,1,0,0,1,0,0,0,0,"- ","- ",,,"SAN MATEO",MILLBRAE,-122.38857269287109,37.593574523925781
91383431,2021,2021-01-07,9335,2021-01-04,1021,021916,,1,1,4,4114,0,1,1,,2,020,"I-280 N/B","SAN BRUNO AVE W UNDERCROSSING",1478.00,S,N,C,-,Y,,,280,,,,,,N,Y,3,0,2,2,A,-,08,22107,,N,D,C,A,B,H,-,A,D,0,,,,,Y,,A,01,0,2,0,0,0,0,0,0,0,"- ","- ",37.620780944824219,-122.42608642578125,"SAN MATEO","SAN BRUNO",-122.42604064941406,37.620815277099609
91383895,2021,2021-01-08,9330,2021-01-01,0640,022279,,5,1,4,4109,0,1,2,,2,058,"US-101 S/B","UNIVERSITY AVE",1056.00,N,N,A,-,Y,,,101,,,,,,S,Y,3,0,2,2,A,-,03,22350,,N,C,C,A,A,H,-,C,D,0,,,,,Y,Y,A,01,0,1,1,0,0,0,0,0,0,"- ","- ",37.462299346923828,-122.14425659179688,"SAN MATEO","MENLO PARK",-122.14424133300781,37.462329864501953
91383958,2021,2021-01-08,9330,2021-01-02,0915,022190,,6,1,9,4100,0,1,1,,2,034,"I-280 S/B",SR-92,1584.00,N,N,B,C,Y,,,280,,,,,,S,Y,4,0,1,1,A,-,03,22350,,N,E,I,A,B,H,-,A,D,0,,,,,Y,,A,01,0,0,1,0,0,0,0,0,0,"- ","- ",37.509811401367188,-122.34330749511719,"SAN MATEO",UNINCORPORATED,-122.34337615966797,37.509708404541016
91384653,2021,2021-01-11,9345,2021-01-09,1200,022201,,6,1,4,4109,0,1,3,,2,084,"STATE ROUTE 84 SOUTHBOUND","HIGH RISE OF DUMBARTON BRIDGE",2023.00,S,N,A,-,Y,,,84,,,,,,S,Y,3,0,1,1,A,-,08,22107,,N,E,I,A,A,H,-,A,D,0,,,,,Y,,A,01,0,1,0,0,0,0,0,0,0,"- ","- ",37.502849578857422,-122.12325286865234,"SAN MATEO","MENLO PARK",-122.12322235107422,37.502811431884766
91385681,2021,2021-01-12,9330,2021-01-02,1316,022279,,6,1,9,4100,0,1,3,,1,020,SR-1,"PIGEON POINT ROAD",3168.00,S,N,B,-,Y,,,1,,,,,,,Y,4,0,1,2,A,-,03,22350,,N,C,C,A,A,H,-,A,D,0,,,,,Y,,A,07,0,0,1,0,0,0,0,0,0,"- ","- ",37.177440643310547,-122.36978912353516,"SAN MATEO",UNINCORPORATED,-122.36978912353516,37.177440643310547
91387289,2021,2021-01-14,9335,2021-01-04,2053,022596,,1,2,5,4117,0,1,2,,2,012,"US-101 N/B","GRAND AVE",8.00,N,N,A,-,Y,,,101,,,,,,N,Y,3,0,2,3,A,-,03,22350,,F,C,C,A,A,H,-,D,D,0,,,,,Y,,A,07,0,1,1,0,0,0,0,0,0,"- ","- ",37.654430389404297,-122.40680694580078,"SAN MATEO","SOUTH SAN FRANCISCO",-122.40684509277344,37.654434204101562
91387373,2021,2021-01-14,9330,2021-01-09,0830,022212,,6,1,3,4108,0,1,1,,2,034,"I-280 S/B","BLACK MOUNTAIN RD",700.00,N,N,A,-,Y,,,280,,,,,,S,Y,4,0,2,1,A,-,08,22107,,N,B,I,A,A,H,-,A,D,0,,,,,Y,,A,07,0,0,2,0,0,0,0,0,0,"- ","- ",37.562259674072266,-122.38523101806641,"SAN MATEO",HILLSBOROUGH,-122.38526153564453,37.562225341796875
91388007,2021,2021-01-15,9330,2021-01-06,1245,022101,,3,1,9,4100,0,2,4,,1,051,"FIFTH AVE E/B","SPRING ST",10.00,W,N,A,B,N,,,,,,,,,,N,4,0,1,2,A,-,03,22350,,N,C,C,A,B,H,-,A,D,0,,,,,Y,,A,07,0,0,1,0,0,0,0,0,0,"- ","- ",37.479709625244141,-122.19982147216797,"SAN MATEO",UNINCORPORATED,-122.19968414306641,37.479934692382812
91389901,2021,2021-01-18,9330,2021-01-11,1832,016184,,1,2,9,4100,0,1,1,,2,034,"I-280 S/B TO SR-92 E/B",SR-92,900.00,S,N,A,-,Y,,,280,,,,R,,S,Y,4,0,2,2,A,-,08,22107,,N,C,C,A,A,H,-,D,D,0,,,,,Y,,D,22,0,0,2,0,0,0,0,0,0,"- ","- ",37.508640289306641,-122.34194183349609,"SAN MATEO",UNINCORPORATED,-122.34194183349609,37.508640289306641
91389910,2021,2021-01-18,9330,2021-01-12,0750,021979,,2,1,5,4113,0,1,2,,2,058,"US-101 NB","WOODSIDE RD",1500.00,S,N,B,-,Y,,,101,,,,,,N,Y,4,0,2,3,A,-,03,22350,,N,C,C,A,A,H,-,A,D,0,,,,,Y,,A,07,0,0,2,0,0,0,0,0,0,"- ","- ",37.486980438232422,-122.20020294189453,"SAN MATEO","REDWOOD CITY",-122.20020294189453,37.4869384765625
91390255,2021,2021-01-18,9330,2021-01-14,1730,021662,,4,2,5,4116,0,1,2,,2,048,"US-101 NORTHBOUND","HILLSDALE BLVD.",1000.00,N,N,A,-,Y,,,101,,,,,,N,N,4,0,2,2,A,-,03,22350,,N,C,C,A,A,D,-,D,D,0,,,,,Y,,D,22,0,0,2,0,0,0,0,0,0,"- ","- ",37.546768188476562,-122.28996276855469,"SAN MATEO","SAN MATEO",-122.28983306884766,37.546886444091797
91390552,2021,2021-01-19,9330,2021-01-17,1600,022101,,7,2,5,4113,0,1,2,,2,058,"US-101 S/B","WOODSIDE RD",528.00,S,N,A,-,Y,,,101,,,,,,S,Y,3,0,1,1,A,-,08,22107,,N,E,I,A,A,H,-,A,D,0,,,,,Y,,A,01,0,1,0,0,0,0,0,0,0,"- ","- ",37.488380432128906,-122.21170806884766,"SAN MATEO","REDWOOD CITY",-122.211669921875,37.488536834716797
91391246,2021,2021-01-20,9330,2021-01-16,2256,021830,,6,3,4,4127,0,1,2,,2,058,"US-101 NORTHBOUND","EMBARCADERO ROAD",2708.00,N,N,A,-,Y,,,101,,,,,,N,Y,3,0,1,2,A,-,07,21658,A,N,E,I,A,A,H,-,D,D,0,,,,,Y,Y,-,99,0,1,0,0,0,0,0,0,0,"- ","- ",37.454078674316406,-122.12970733642578,"SAN MATEO","EAST PALO ALTO",-122.12975311279297,37.454006195068359
91391963,2021,2021-01-22,9330,2021-01-17,1230,022244,,7,1,9,4100,0,1,3,,2,052,SR-35,"WINDY HILL (GATE #2)",21.00,S,N,A,-,Y,,,35,,,,,,,Y,4,0,1,2,A,-,03,22350,,N,B,C,A,A,H,-,A,D,0,,,Y,,Y,,C,02,0,0,1,0,0,0,0,0,1,"- ","- ",37.354400634765625,-122.24249267578125,"SAN MATEO",UNINCORPORATED,-122.24250793457031,37.354381561279297
91392499,2021,2021-01-22,9330,2021-01-17,1055,022212,,7,1,4,4109,0,1,2,,2,058,"US 101 N/B","WILLOW RD",1056.00,S,N,A,-,Y,,,,,,,,,,Y,3,0,3,2,A,-,08,22107,,N,B,C,A,A,H,-,A,D,0,,,,,Y,,D,22,0,1,2,0,0,0,0,0,0,"- ","- ",37.46697998046875,-122.15180206298828,"SAN MATEO","MENLO PARK",-122.15224456787109,37.467212677001953
91392508,2021,2021-01-22,9330,2021-01-17,2105,022372,,7,2,4,4104,0,1,2,,2,038,"US-101 N/B AT THE MILLBRAE AVE OFF-RAMP","MILLBRAE AVE",1056.00,S,N,A,-,Y,,,101,,,,R,,N,Y,3,0,1,1,A,-,08,22107,,N,F,I,A,A,D,-,D,D,0,,,,,Y,,A,07,0,1,0,0,0,0,0,0,0,"- ","- ",37.600170135498047,-122.37638092041016,"SAN MATEO",BURLINGAME,-122.37638092041016,37.600170135498047
91393090,2021,2021-01-25,9335,2021-01-22,0955,022040,,5,1,4,4114,0,1,1,,2,020,"I-280 S/B TO I-380 E/B","SNEATH LANE",1462.00,S,N,B,-,Y,,,280,,,,R,,S,Y,4,0,1,2,A,-,03,22350,,N,E,I,A,B,H,-,A,D,0,,,,,Y,,A,07,0,0,1,0,0,0,0,0,0,"- ","- ",37.627300262451172,-122.43144989013672,"SAN MATEO","SAN BRUNO",-122.43144989013672,37.627300262451172
91393266,2021,2021-01-25,9330,2021-01-17,2340,022294,,7,3,2,4118,0,1,1,,2,054,"I-280 NORTHBOUND","SR-84 (WOODSIDE RD)",4224.00,N,N,A,-,Y,,,280,,,,,,N,Y,2,0,1,1,A,-,01,23152,A,N,E,I,A,A,H,-,D,D,0,,,,,Y,Y,A,01,1,0,0,0,0,0,0,0,0,"- ","- ",37.444019317626953,-122.25586700439453,"SAN MATEO",WOODSIDE,-122.25587463378906,37.444000244140625
91395503,2021,2021-01-28,9330,2021-01-21,1220,021628,,4,1,9,4100,0,3,5,,2,003,"CRYSTAL SPRINGS ROAD","SKYLINE BLVD",2640.00,E,N,A,-,N,,,,,,,,,,Y,4,0,2,3,A,-,03,22350,,N,C,C,E,A,H,-,A,D,0,Y,,,,Y,,A,01,0,0,2,0,1,0,0,0,0,"- ","- ",37.530059814453125,-122.35810852050781,"SAN MATEO",UNINCORPORATED,-122.35597991943359,37.530693054199219