CASE_ID,ACCIDENT_YEAR,PROC_DATE,JURIS,COLLISION_DATE,COLLISION_TIME,OFFICER_ID,REPORTING_DISTRICT,DAY_OF_WEEK,CHP_SHIFT,POPULATION,CNTY_CITY_LOC,SPECIAL_COND,BEAT_TYPE,CHP_BEAT_TYPE,CITY_DIVISION_LAPD,CHP_BEAT_CLASS,BEAT_NUMBER,PRIMARY_RD,SECONDARY_RD,DISTANCE,DIRECTION,INTERSECTION,WEATHER_1,WEATHER_2,STATE_HWY_IND,CALTRANS_COUNTY,CALTRANS_DISTRICT,STATE_ROUTE,ROUTE_SUFFIX,POSTMILE_PREFIX,POSTMILE,LOCATION_TYPE,RAMP_INTERSECTION,SIDE_OF_HWY,TOW_AWAY,COLLISION_SEVERITY,NUMBER_KILLED,NUMBER_INJURED,PARTY_COUNT,PRIMARY_COLL_FACTOR,PCF_CODE_OF_VIOL,PCF_VIOL_CATEGORY,PCF_VIOLATION,PCF_VIOL_SUBSECTION,HIT_AND_RUN,TYPE_OF_COLLISION,MVIW,PED_ACTION,ROAD_SURFACE,ROAD_COND_1,ROAD_COND_2,LIGHTING,CONTROL_DEVICE,CHP_ROAD_TYPE,PEDESTRIAN_ACCIDENT,BICYCLE_ACCIDENT,MOTORCYCLE_ACCIDENT,TRUCK_ACCIDENT,NOT_PRIVATE_PROPERTY,ALCOHOL_INVOLVED,STWD_VEHTYPE_AT_FAULT,CHP_VEHTYPE_AT_FAULT,COUNT_SEVERE_INJ,COUNT_VISIBLE_INJ,COUNT_COMPLAINT_PAIN,COUNT_PED_KILLED,COUNT_PED_INJURED,COUNT_BICYCLIST_KILLED,COUNT_BICYCLIST_INJURED,COUNT_MC_KILLED,COUNT_MC_INJURED,PRIMARY_RAMP,SECONDARY_RAMP,LATITUDE,LONGITUDE,COUNTY,CITY,POINT_X,POINT_Y
91398599,2021,2021-01-29,9335,2021-01-28,0822,019581,,4,1,5,4117,0,1,1,,2,020,"I-280 S/B","WESTBOROUGH BLVD",420.00,S,N,B,C,Y,,,280,,,,,,S,Y,3,0,1,1,A,-,08,22107,,N,E,I,A,B,H,-,A,D,0,,,,,Y,,A,01,0,1,0,0,0,0,0,0,0,"- ","- ",37.644599914550781,-122.44856262207031,"SAN MATEO","SOUTH SAN FRANCISCO",-122.44866943359375,37.644439697265625
91398855,2021,2021-01-29,9330,2021-01-23,1610,022042,,6,2,9,4100,0,1,3,,1,021,"SR-84 (LA HONDA ROAD)","SR-35 (SKYLINE BOULEVARD)",1056.00,W,N,A,-,Y,,,84,,,,,,,Y,4,0,1,1,A,-,03,22350,,N,E,I,A,B,H,-,A,D,0,,,,,Y,,A,01,0,0,1,0,0,0,0,0,0,"- ","- ",37.385208129882812,-122.26731872558594,"SAN MATEO",UNINCORPORATED,-122.26728057861328,37.385223388671875
91399599,2021,2021-02-01,9330,2021-01-24,2217,022575,,7,3,9,4100,0,2,4,,1,051,"MIDDLEFIELD ROAD","SECOND AVENUE",0.00,,Y,B,-,N,,,,,,,,,,Y,4,0,5,2,A,-,09,21802,A,N,D,C,A,A,H,-,C,D,0,,,,,Y,Y,A,08,0,0,5,0,0,0,0,0,0,"- ","- ",37.473709106445312,-122.20700836181641,"SAN MATEO",UNINCORPORATED,-122.20697021484375,37.473739624023438
91400343,2021,2021-02-02,9330,2021-01-25,1638,016993,,1,2,9,4100,0,3,5,,2,001,"EDGEWOOD ROAD","CANADA ROAD",0.00,,Y,A,-,N,,,,,,,,,,Y,4,0,1,2,A,-,09,21802,A,N,D,C,A,A,H,-,A,A,0,,,,,Y,,A,08,0,0,1,0,0,0,0,0,0,"- ","- ",37.463798522949219,-122.29789733886719,"SAN MATEO",UNINCORPORATED,-122.2979736328125,37.463779449462891
91400347,2021,2021-02-02,9330,2021-01-25,1015,021628,,1,1,4,4102,0,1,2,,2,048,"US-101 SOUTHBOUND TO RALSTON AVE","RALSTON AVE",1056.00,N,N,A,-,Y,,,101,,,,R,,S,Y,3,0,1,1,A,-,08,22107,,N,F,I,A,A,H,-,A,D,0,,,,,Y,,D,22,0,1,0,0,0,0,0,0,0,"- ","- ",37.528598785400391,-122.27327728271484,"SAN MATEO",BELMONT,-122.27327728271484,37.528598785400391
91402429,2021,2021-02-04,9330,2021-01-28,1547,019764,,4,2,9,4100,0,1,1,,2,044,"I-280 S/B",SR-92,3500.00,S,N,B,C,Y,,,280,,,,,,S,Y,4,0,1,4,A,-,03,22350,,N,B,C,A,B,H,-,A,D,0,,,,,Y,,D,22,0,0,1,0,0,0,0,0,0,"- ","- ",37.500881195068359,-122.32907104492188,"SAN MATEO",UNINCORPORATED,-122.32904815673828,37.500938415527344
91403973,2021,2021-02-08,9330,2021-01-30,1750,021630,,6,2,5,4116,0,1,3,,2,031,"US-101 NORTHBOUND","3RD AVE",2640.00,S,N,A,-,Y,,,101,,,,,,N,N,4,0,1,2,A,-,03,22350,,N,C,C,A,A,H,-,C,D,0,,,,,Y,,A,01,0,0,1,0,0,0,0,0,0,"- ","- ",37.565399169921875,-122.30780029296875,"SAN MATEO","SAN MATEO",-122.30786895751953,37.565326690673828
91405098,2021,2021-02-09,9330,2021-02-02,0545,022098,,2,3,5,4113,0,1,2,,2,048,"US-101 S/B","RALSTON AVE",1900.00,N,N,B,C,Y,,,,,,,,,,Y,4,0,1,2,A,-,03,22350,,N,D,C,A,B,H,-,C,D,0,,,,,Y,,A,01,0,0,1,0,0,0,0,0,0,"- ","- ",37.314861297607422,-122.16291046142578,"SAN MATEO","REDWOOD CITY",-122.27465057373047,37.530170440673828
91405748,2021,2021-02-10,9330,2021-02-03,1602,019764,,3,2,5,4116,0,1,2,,2,038,"US-101 S/B","PENINSULA AVE",955.00,N,N,A,-,Y,,,101,,,,,,S,Y,4,0,2,2,A,-,08,22107,,N,C,C,A,A,H,-,A,D,0,,,,,Y,,A,01,0,0,2,0,0,0,0,0,0,"- ","- ",37.586128234863281,-122.33130645751953,"SAN MATEO","SAN MATEO",-122.33132934570312,37.586071014404297
91406547,2021,2021-02-11,9330,2021-02-04,2500,022244,,4,4,9,4100,0,1,3,,1,020,"PIGEON POINT RD",SR-1,0.00,,N,A,-,Y,,,,,,,,,,Y,4,0,1,1,A,-,08,22107,,N,E,I,A,A,H,-,A,D,0,,,,,Y,Y,A,07,0,0,1,0,0,0,0,0,0,"- ","- ",37.186061859130859,-122.39627075195312,"SAN MATEO",UNINCORPORATED,-122.39691162109375,37.191951751708984
91406583,2021,2021-02-11,9330,2021-02-04,2157,022575,,4,2,4,4104,0,1,2,,2,038,"US-101 NORTHBOUND",BROADWAY,2900.00,N,N,B,-,Y,,,101,,,,,,N,Y,4,0,1,2,A,-,03,22350,,N,C,C,A,A,D,-,C,D,0,,,,,Y,,A,01,0,0,1,0,0,0,0,0,0,"- ","- ",37.595500946044922,-122.36947631835938,"SAN MATEO",BURLINGAME,-122.36945343017578,37.595542907714844
91406970,2021,2021-02-11,9330,2021-02-05,0745,022212,,5,1,5,4116,0,1,3,,2,031,"SR-92 W/B","DELAWARE ST",300.00,W,N,A,-,Y,,,92,,,,,,W,Y,4,0,1,2,A,-,07,21658,A,N,D,C,A,A,H,-,A,D,0,,,,,Y,,A,07,0,0,1,0,0,0,0,0,0,"- ","- ",37.55242919921875,-122.30558776855469,"SAN MATEO","SAN MATEO",-122.30559539794922,37.55267333984375
91408552,2021,2021-02-16,9330,2021-02-01,1450,022294,,1,2,5,4113,0,1,2,,2,048,"US-101 NORTHBOUND","WHIPPLE AVE O/C",1056.00,S,N,A,-,Y,,,,,,,,,,Y,4,0,1,2,A,-,08,22107,,N,B,C,A,A,H,-,A,D,0,,,,,Y,,A,01,0,0,1,0,0,0,0,0,0,"- ","- ",37.513130187988281,-122.25331115722656,"SAN MATEO","REDWOOD CITY",-122.23284912109375,37.496330261230469
91408554,2021,2021-02-16,9330,2021-02-05,0755,022244,,5,1,5,4116,0,1,2,,2,048,"US-101 NB TO SR-92 WB","S. DELAWARE ST",2112.00,E,N,A,-,Y,,,101,,,,R,,N,N,4,0,1,3,A,-,03,22350,,N,C,C,A,A,H,-,A,D,0,,,,,Y,,D,22,0,0,1,0,0,0,0,0,0,"- ","- ",37.553089141845703,-122.29712677001953,"SAN MATEO","SAN MATEO",-122.29712677001953,37.553089141845703
91408976,2021,2021-02-16,9330,2021-02-06,1820,022042,,6,2,9,4100,0,1,3,,1,021,"SR-84 (LA HONDA RD)","PESCADERO CREEK RD",4752.00,W,N,A,-,Y,,,84,,,,,,,Y,3,0,1,1,A,-,08,22107,,N,E,I,A,A,H,-,D,D,0,,,,,Y,,A,01,0,1,0,0,0,0,0,0,0,"- ","- ",37.312351226806641,-122.28938293457031,"SAN MATEO",UNINCORPORATED,-122.28937530517578,37.312393188476562
91409645,2021,2021-02-17,9330,2021-02-08,1325,021630,,1,1,5,4113,0,1,2,,2,048,"US-101 NORTHBOUND","WHIPPLE AVE",1000.00,S,N,A,-,Y,,,101,,,,,,N,Y,4,0,1,1,A,-,08,22107,,N,E,I,A,A,D,-,A,D,0,,,,,Y,,A,01,0,0,1,0,0,0,0,0,0,"- ","- ",37.495571136474609,-122.22988128662109,"SAN MATEO","REDWOOD CITY",-122.22989654541016,37.495498657226562
91409672,2021,2021-02-17,9330,2021-02-08,0135,022381,,1,3,4,4115,0,1,2,,2,048,"US-101 NB","HOLLY STREET OVERCROSSING",2615.00,S,N,B,-,Y,,,101,,,,,,N,Y,3,0,1,1,A,-,08,22107,,N,F,A,A,A,H,-,C,D,0,,,,,Y,,A,07,0,1,0,0,0,0,0,0,0,"- ","- ",37.508640289306641,-122.24992370605469,"SAN MATEO","SAN CARLOS",-122.24993896484375,37.508621215820312
91410094,2021,2021-02-17,9330,2021-02-08,1043,022595,,1,1,5,4116,0,1,2,,2,038,"US-101 NB","PENINSULA AVE",2830.00,S,N,A,-,Y,,,101,,,,,,N,Y,3,0,2,4,A,-,03,22350,,N,C,C,A,A,H,-,A,D,0,,,,,Y,,A,07,0,2,0,0,0,0,0,0,0,"- ","- ",37.583030700683594,-122.32717895507812,"SAN MATEO","SAN MATEO",-122.32712554931641,37.583091735839844
91410162,2021,2021-02-17,9330,2021-02-11,1635,021662,,4,2,4,4127,0,1,2,,2,058,"US-101 NORTHBOUND","UNIVERSITY AVE",1584.00,S,N,C,-,Y,,,101,,,,,,N,Y,4,0,2,2,A,-,03,22350,,N,C,C,A,B,H,-,A,D,0,,,,,Y,,A,01,0,0,2,0,0,0,0,0,0,"- ","- ",37.457698822021484,-122.13584899902344,"SAN MATEO","EAST PALO ALTO",-122.13588714599609,37.457633972167969
91410721,2021,2021-02-18,9330,2021-02-10,1337,022590,,3,1,4,4109,0,1,2,,2,058,"US-101 N/B","WILLOW ROAD OVERCROSSING",900.00,N,N,A,-,Y,,,101,,,,,,N,N,4,0,1,1,A,-,07,21658,A,N,E,I,A,A,H,-,A,D,0,,,,,Y,,A,07,0,0,1,0,0,0,0,0,0,"- ","- ",37.47052001953125,-122.15801239013672,"SAN MATEO","MENLO PARK",-122.157958984375,37.470603942871094
91411444,2021,2021-02-19,9330,2021-02-06,2215,022575,,6,3,5,4116,0,1,2,,2,038,"US-101 SOUTHBOUND","3RD AVENUE",1400.00,S,N,B,-,Y,,,101,,,,,,S,Y,2,0,2,2,A,-,08,22107,,N,E,I,A,A,H,-,C,D,0,,,,,Y,Y,A,07,1,1,0,0,0,0,0,0,0,"- ","- ",37.567760467529297,-122.31092834472656,"SAN MATEO","SAN MATEO",-122.31085968017578,37.567832946777344
91412486,2021,2021-02-22,9335,2021-01-17,2020,21953,,7,2,9,4100,0,1,2,,2,011,"US-101 S/B","SAN BRUNO AVENUE",3696.00,S,N,A,-,Y,,,101,,,,,,S,Y,4,0,1,2,A,-,03,22350,,M,C,C,A,A,D,-,C,D,0,,,,,Y,,-,99,0,0,1,0,0,0,0,0,0,"- ","- ",37.620670318603516,-122.40013122558594,"SAN MATEO",UNINCORPORATED,-122.40003967285156,37.620700836181641
91413262,2021,2021-02-23,9330,2021-02-16,2000,019764,,2,2,5,4116,0,1,2,,2,038,"US-101 N/B","PENINSULA AVE",900.00,N,N,A,-,Y,,,101,,,,,,N,Y,3,0,1,2,A,-,07,21658,A,N,B,D,A,A,H,-,D,D,0,,,Y,,Y,,C,02,0,1,0,0,0,0,0,0,1,"- ","- ",37.58612060546875,-122.33103179931641,"SAN MATEO","SAN MATEO",-122.33102416992188,37.586132049560547
91413544,2021,2021-02-23,9335,2021-02-17,2205,021301,,3,3,9,4100,0,3,5,,2,001,"WESTBOROUGH BLVD","JUNIPERO SERRA BLVD",1426.00,E,N,A,-,Y,,,,,,,,,,Y,2,0,1,1,A,-,08,22107,,N,E,I,A,A,H,-,D,D,0,,,,,Y,,A,07,1,0,0,0,0,0,0,0,0,"- ","- ",37.64849853515625,-122.44450378417969,"SAN MATEO",UNINCORPORATED,-122.44467163085938,37.648445129394531
91414893,2021,2021-02-25,9330,2021-02-17,0700,020646,,3,1,5,4116,0,1,3,,1,035,"SR 92 W/B","FOSTER CITY BLVD",10560.00,E,N,A,-,Y,,,,,,,,,,N,4,0,2,3,A,-,03,22350,,N,C,C,A,B,H,-,A,D,0,,,,,Y,,A,01,0,0,2,0,0,0,0,0,0,"- ","- ",37.584129333496094,-122.25135040283203,"SAN MATEO","SAN MATEO",-122.24935150146484,37.585620880126953
91414984,2021,2021-12-10,9335,2021-02-18,2317,021012,,4,3,5,4117,0,1,2,,2,012,"US-101 N/B","ALANA WAY",6811.00,S,N,A,-,Y,,,,,,,,,,Y,2,0,1,1,A,-,08,22107,,N,E,I,A,A,H,-,D,D,0,,,,,Y,,A,01,1,0,0,0,0,0,0,0,0,"- ","- ",37.689418792724609,-122.39034271240234,"SAN MATEO","SOUTH SAN FRANCISCO",-122.39482116699219,37.708240509033203
91417388,2021,2021-03-01,9335,2021-02-25,1553,022517,,4,2,6,4106,0,1,1,,2,021,"I-280 SB TO HICKEY BLVD.","HICKEY BLVD",80.00,N,N,A,-,Y,,,280,,,,R,,S,Y,4,0,1,2,A,-,03,22350,,M,C,C,A,A,H,-,A,D,0,,,,,Y,,-,99,0,0,1,0,0,0,0,0,0,"- ","- ",37.664180755615234,-122.46620941162109,"SAN MATEO","DALY CITY",-122.46620941162109,37.664180755615234
91417482,2021,2021-03-01,9335,2021-02-21,1056,022040,,7,1,9,4100,0,1,3,,2,040,"SR-1 N/B","NORTH PEAK ACCESS ROAD",937.00,N,N,A,-,Y,,,1,,,,,,N,N,3,0,2,2,A,-,03,22350,,N,C,C,A,A,H,-,A,D,0,,,Y,,Y,,C,02,0,1,1,0,0,0,0,0,2,"- ","- ",37.556461334228516,-122.51300811767578,"SAN MATEO",UNINCORPORATED,-122.51303863525391,37.556449890136719
91417545,2021,2021-03-01,9330,2021-02-18,1520,022042,,4,2,9,4100,0,3,5,,2,505,"SPRING STREET","SIXTH AVENUE",40.00,N,N,A,-,N,,,,,,,,,,N,3,0,1,2,A,-,01,23152,F,N,B,E,A,A,H,-,A,D,0,,,,,Y,,D,22,0,1,0,0,0,0,0,0,0,"- ","- ",37.479640960693359,-122.19891357421875,"SAN MATEO",UNINCORPORATED,-122.19883728027344,37.479648590087891
91420412,2021,2021-03-04,9330,2021-02-23,0651,022590,,2,1,4,4120,0,1,3,,1,035,"SR-92 W/B","FOSTER CITY BLVD",4900.00,E,N,A,-,Y,,,92,,,,,,W,Y,4,0,1,2,A,-,08,22107,,N,E,I,A,A,H,-,A,D,0,,,,,Y,,D,22,0,0,1,0,0,0,0,0,0,"- ","- ",37.573760986328125,-122.2623291015625,"SAN MATEO","FOSTER CITY",-122.26234436035156,37.573776245117188
91420725,2021,2021-03-04,9330,2021-02-26,1740,022294,,5,2,5,4116,0,1,2,,2,038,"US-101 SOUTHBOUND",SR-92,2640.00,N,N,A,-,Y,,,101,,,,,,S,Y,3,0,1,3,A,-,03,22350,,N,C,C,A,A,H,-,A,D,0,,,,,Y,,A,01,0,1,0,0,0,0,0,0,0,"- ","- ",37.561019897460938,-122.30374908447266,"SAN MATEO","SAN MATEO",-122.30361175537109,37.561176300048828
91421260,2021,2021-03-05,9330,2021-02-26,1005,021927,,5,1,4,4104,0,1,2,,2,038,"US-101 NB TO BROADWAY",BROADWAY,148.00,N,N,A,-,Y,,,101,,,,R,,N,Y,4,0,1,2,A,-,03,22350,,N,C,C,A,A,D,H,A,D,0,,,,,Y,,E,22,0,0,1,0,0,0,0,0,0,"- ","- ",37.591140747070312,-122.36234283447266,"SAN MATEO",BURLINGAME,-122.36234283447266,37.591140747070312
91421437,2021,2021-03-05,9330,2021-02-12,2100,021630,,5,2,5,4116,0,1,2,,2,038,"US-101 N/B","3RD AVE",1584.00,N,N,A,-,Y,,,101,,,,,,N,Y,4,0,1,3,A,-,03,22350,,N,C,C,A,A,C,-,C,D,0,,,,,Y,,A,01,0,0,1,0,0,0,0,0,0,"- ","- ",37.575061798095703,-122.31829833984375,"SAN MATEO","SAN MATEO",-122.318359375,37.574993133544922
91421508,2021,2021-03-05,9330,2021-02-27,1335,021953,,6,1,5,4116,0,1,2,,2,048,"US-101 N/B","E. HILLSDALE BOULEVARD",400.00,S,N,A,-,Y,,,101,,,,,,N,Y,4,0,2,4,A,-,03,22350,,N,C,C,A,A,D,-,A,D,0,,,,,Y,,A,01,0,0,2,0,0,0,0,0,0,"- ","- ",37.543590545654297,-122.28690338134766,"SAN MATEO","SAN MATEO",-122.28687286376953,37.543617248535156
91421809,2021,2021-03-26,9335,2021-02-28,2030,022241,,7,2,4,4114,0,1,1,,2,038,"I-380 W/B","SAN MATEO AVENUE",272.00,W,N,A,-,Y,,,380,,,,,,W,Y,3,0,4,2,A,-,03,22350,,N,C,C,A,A,H,-,B,D,0,,,,,Y,Y,A,01,0,1,3,0,0,0,0,0,0,"- ","- ",37.634288787841797,-122.41243743896484,"SAN MATEO","SAN BRUNO",-122.41243743896484,37.634326934814453
91422069,2021,2021-03-08,9330,2021-02-26,0100,022101,,5,3,9,4100,0,1,3,,1,011,"SR-92 W/B","CANADA RD",528.00,W,N,A,-,Y,,,92,,,,,,W,Y,3,0,1,1,A,-,08,22107,,N,E,I,A,A,H,-,A,D,0,,,,,Y,,A,01,0,1,0,0,0,0,0,0,0,"- ","- ",37.509521484375,-122.3448486328125,"SAN MATEO",UNINCORPORATED,-122.344482421875,37.509567260742188
91422075,2021,2021-03-08,9330,2021-02-27,1240,022190,,6,1,9,4100,0,1,3,,1,021,SR-84,"STAGE ROAD",0.00,,Y,A,-,Y,,,84,,,,,,,Y,3,0,1,2,A,-,09,21802,A,F,D,C,A,A,H,-,A,A,0,,,Y,,Y,,-,99,0,1,0,0,0,0,0,0,1,"- ","- ",37.326869964599609,-122.38654327392578,"SAN MATEO",UNINCORPORATED,-122.38653564453125,37.32684326171875
91423955,2021,2021-03-10,9330,2021-03-01,1503,020207,,1,2,9,4100,0,1,3,,2,042,"SR-35 (SKYLINE BOULEVARD)","BEAR GULCH ROAD",1056.00,N,N,A,-,N,,,35,,,,,,,Y,4,0,2,2,A,-,05,21460,A,N,A,C,A,A,H,-,A,D,0,,,,,Y,,A,01,0,0,2,0,0,0,0,0,0,"- ","- ",37.397201538085938,-122.29399871826172,"SAN MATEO",UNINCORPORATED,-122.29403686523438,37.397193908691406
91423959,2021,2021-03-10,9330,2021-03-02,1350,020207,,2,1,9,4100,0,1,1,,2,034,"280 N/B","BUNKER HILL DRIVE",2112.00,N,N,A,-,Y,,,,,,,,,,Y,4,0,1,1,A,-,08,22107,,N,E,I,A,A,H,-,A,D,0,,,,,Y,,A,01,0,0,1,0,0,0,0,0,0,"- ","- ",,,"SAN MATEO",UNINCORPORATED,,
91424536,2021,2021-03-10,9330,2021-03-03,0620,021628,,3,1,9,4100,0,1,3,,2,052,"SR-35 (SKYLINE BOULEVARD)","RAPLEY RANCH ROAD",3168.00,N,N,A,-,Y,,,35,,,,,,,Y,4,0,1,1,A,-,08,22107,,N,E,I,A,A,H,-,B,D,0,,,,,Y,,A,07,0,0,1,0,0,0,0,0,0,"- ","- ",37.346111297607422,-122.22936248779297,"SAN MATEO",UNINCORPORATED,-122.22938537597656,37.346092224121094
91424909,2021,2021-03-11,9330,2021-02-26,1420,021594,,5,2,9,4100,0,3,5,,2,004,"KINGS MOUTAIN ROAD",SR-35,10560.00,E,N,A,-,N,,,,,,,,,,Y,3,0,1,1,A,-,01,23152,A,N,E,I,A,A,H,-,A,D,0,,,,,Y,Y,A,01,0,1,0,0,0,0,0,0,0,"- ","- ",37.429168701171875,-122.29843902587891,"SAN MATEO",UNINCORPORATED,-122.29457092285156,37.431800842285156
91425266,2021,2021-03-11,9330,2021-03-02,1850,022355,,2,2,3,4110,0,1,2,,2,038,"US-101 N/B","MILLBRAE AVENUE",800.00,S,N,A,-,Y,,,101,,,,,,N,Y,4,0,1,2,A,-,08,22107,,N,E,I,A,A,D,-,B,D,0,,,,,Y,,A,01,0,0,1,0,0,0,0,0,0,"- ","- ",37.600738525390625,-122.37712860107422,"SAN MATEO",MILLBRAE,-122.37722778320312,37.600593566894531
91425816,2021,2021-03-12,9330,2021-03-02,1220,020207,,2,1,9,4100,0,1,3,,2,042,"SR-35 (SKYLINE BOULEVARD)","QUAIL CT",2640.00,S,N,A,-,N,,,,,,,,,,N,4,0,1,1,A,-,03,22350,,N,F,A,A,A,H,-,A,D,0,,Y,,,Y,,L,04,0,0,1,0,0,0,1,0,0,"- ","- ",37.445400238037109,-122.33219909667969,"SAN MATEO",UNINCORPORATED,-122.34278869628906,37.460086822509766
91426220,2021,2021-03-12,9335,2021-03-05,1550,022517,,5,2,5,4117,0,3,5,,2,001,"HILLSIDE BLVD","HOLLY AVENUE",370.00,E,N,A,-,N,,,,,,,,,,N,3,0,1,1,A,-,03,22350,,N,F,A,A,A,H,-,A,D,0,,,Y,,Y,,C,02,0,1,0,0,0,0,0,0,1,"- ","- ",37.669380187988281,-122.43216705322266,"SAN MATEO","SOUTH SAN FRANCISCO",-122.43224334716797,37.669364929199219
91426987,2021,2022-11-03,9330,2021-03-14,2120,022372,,7,2,9,4100,0,1,1,,2,044,"I-280 S/B","GATE ROAD",2640.00,S,N,C,-,Y,,,280,,,,,,S,Y,1,1,0,1,A,-,08,22107,,N,E,I,A,B,H,-,D,D,0,,,,,Y,,A,07,0,0,0,0,0,0,0,0,0,"- ","- ",37.495201110839844,-122.30819702148438,"SAN MATEO",UNINCORPORATED,-122.30823516845703,37.495048522949219
91427397,2021,2021-03-15,9330,2021-03-05,2300,022381,,5,3,9,4100,0,1,1,,2,044,"I-280 NB","EDGEWOOD RD.",1320.00,N,N,C,-,Y,,,280,,,,,,N,Y,4,0,1,1,A,-,03,22350,,N,E,I,A,B,H,-,C,D,0,,,,,Y,,A,07,0,0,1,0,0,0,0,0,0,"- ","- ",37.471538543701172,-122.29505157470703,"SAN MATEO",UNINCORPORATED,-122.29498291015625,37.471611022949219
91428875,2021,2021-03-17,9330,2021-03-09,2152,022141,,2,2,9,4100,0,1,3,,2,031,"SR-92 W/B TO I-280 S/B","SOUTH TUNNEL EDGE",100.00,N,N,A,-,Y,,,92,,,,R,,W,Y,2,0,1,1,A,-,03,22350,,N,E,I,A,B,H,-,C,D,0,,,,,Y,,A,01,1,0,0,0,0,0,0,0,0,"- ","- ",37.507999420166016,-122.33670043945312,"SAN MATEO",UNINCORPORATED,-122.33670043945312,37.507999420166016
91429016,2021,2021-03-17,9330,2021-03-10,0710,017984,,3,1,9,4100,0,1,1,,2,044,"I-280 N/B (JUNIPERO SERRA FREEWAY)",SR-92,5280.00,S,N,B,C,Y,,,280,,,,,,N,Y,3,0,1,1,A,-,03,22350,,N,E,I,A,B,H,-,A,D,0,,,,,Y,,D,22,0,1,0,0,0,0,0,0,0,"- ","- ",37.500511169433594,-122.32073211669922,"SAN MATEO",UNINCORPORATED,-122.32071685791016,37.500587463378906
91429031,2021,2021-03-17,9330,2021-03-10,2045,021594,,3,2,5,4116,0,1,2,,2,038,"US-101 S/B","PENINSULA AVENUE O/C",900.00,S,N,C,-,Y,,,101,,,,,,S,N,4,0,1,2,A,-,03,22350,,N,C,C,A,B,D,H,D,A,0,,,,,Y,,A,07,0,0,1,0,0,0,0,0,0,"- ","- ",37.582481384277344,-122.32676696777344,"SAN MATEO","SAN MATEO",-122.32676696777344,37.582481384277344
91429424,2021,2021-03-17,9330,2021-03-06,0635,021927,,6,1,5,4116,0,1,2,,2,038,"US-101 SB TO SR-92 WB",SR-92,320.00,N,N,A,-,Y,,,101,,,,R,,S,Y,3,0,1,1,A,-,03,22350,,N,E,I,A,B,D,H,A,D,0,,,,,Y,,A,08,0,1,0,0,0,0,0,0,0,"- ","- ",37.553958892822266,-122.29824829101562,"SAN MATEO","SAN MATEO",-122.29824829101562,37.553958892822266
91429942,2021,2021-03-18,9335,2021-03-09,1940,022596,,2,2,4,4114,0,1,1,,2,020,"I-280 N/B FROM SAN BRUNO AVE","SNEATH LN O/C",460.00,S,N,C,-,Y,,,280,,,,R,,N,Y,3,0,1,1,A,-,08,22107,,N,E,I,A,B,H,-,D,D,0,,,,,Y,,A,01,0,1,0,0,0,0,0,0,0,"- ","- ",37.629718780517578,-122.4329833984375,"SAN MATEO","SAN BRUNO",-122.4329833984375,37.629718780517578
91430033,2021,2021-03-18,9330,2021-03-10,0335,022185,,3,3,9,4100,0,1,1,,2,044,"I-280 NORTHBOUND",SR-92,2640.00,S,N,C,-,Y,,,280,,,,,,N,N,4,0,1,1,A,-,03,22350,,N,E,I,A,B,H,-,D,D,0,,,,,Y,,A,01,0,0,1,0,0,0,0,0,0,"- ","- ",37.500171661376953,-122.31849670410156,"SAN MATEO",UNINCORPORATED,-122.31859588623047,37.499954223632812
91430054,2021,2021-03-18,9330,2021-03-10,0637,021843,,3,1,9,4100,0,1,1,,2,054,"I-280 SOUTHBOUND","SR-84 (WOODSIDE ROAD)",1584.00,S,N,B,C,Y,,,,,,,,,,Y,4,0,1,1,A,-,03,22350,,N,E,I,A,B,H,-,B,D,0,,,,,Y,,A,01,0,0,1,0,0,0,0,0,0,"- ","- ",37.431800842285156,-122.23909759521484,"SAN MATEO",UNINCORPORATED,-122.24191284179688,37.434059143066406
91430706,2021,2021-03-19,9330,2021-02-26,1415,021662,,5,2,9,4100,0,1,3,,1,021,SR-84,SR-35,1056.00,W,N,A,-,Y,,,84,,,,,,,Y,2,0,1,2,A,-,05,21460,A,N,B,C,A,A,H,-,A,D,0,,,Y,,Y,,C,02,1,0,0,0,0,0,0,0,1,"- ","- ",37.385208129882812,-122.26731109619141,"SAN MATEO",UNINCORPORATED,-122.26728057861328,37.385219573974609
91430718,2021,2021-03-19,9330,2021-03-10,0925,021942,,3,1,4,4120,0,1,3,,1,035,"SR-92 W/B","VINTAGE PARK DRIVE",440.00,W,N,B,C,Y,,,92,,,,,,W,N,4,0,1,1,A,-,08,22107,,N,E,I,A,B,H,-,A,D,0,,,,,Y,,A,01,0,0,1,0,0,0,0,0,0,"- ","- ",37.559951782226562,-122.27973937988281,"SAN MATEO","FOSTER CITY",-122.2796630859375,37.559822082519531