CASE_ID,ACCIDENT_YEAR,PROC_DATE,JURIS,COLLISION_DATE,COLLISION_TIME,OFFICER_ID,REPORTING_DISTRICT,DAY_OF_WEEK,CHP_SHIFT,POPULATION,CNTY_CITY_LOC,SPECIAL_COND,BEAT_TYPE,CHP_BEAT_TYPE,CITY_DIVISION_LAPD,CHP_BEAT_CLASS,BEAT_NUMBER,PRIMARY_RD,SECONDARY_RD,DISTANCE,DIRECTION,INTERSECTION,WEATHER_1,WEATHER_2,STATE_HWY_IND,CALTRANS_COUNTY,CALTRANS_DISTRICT,STATE_ROUTE,ROUTE_SUFFIX,POSTMILE_PREFIX,POSTMILE,LOCATION_TYPE,RAMP_INTERSECTION,SIDE_OF_HWY,TOW_AWAY,COLLISION_SEVERITY,NUMBER_KILLED,NUMBER_INJURED,PARTY_COUNT,PRIMARY_COLL_FACTOR,PCF_CODE_OF_VIOL,PCF_VIOL_CATEGORY,PCF_VIOLATION,PCF_VIOL_SUBSECTION,HIT_AND_RUN,TYPE_OF_COLLISION,MVIW,PED_ACTION,ROAD_SURFACE,ROAD_COND_1,ROAD_COND_2,LIGHTING,CONTROL_DEVICE,CHP_ROAD_TYPE,PEDESTRIAN_ACCIDENT,BICYCLE_ACCIDENT,MOTORCYCLE_ACCIDENT,TRUCK_ACCIDENT,NOT_PRIVATE_PROPERTY,ALCOHOL_INVOLVED,STWD_VEHTYPE_AT_FAULT,CHP_VEHTYPE_AT_FAULT,COUNT_SEVERE_INJ,COUNT_VISIBLE_INJ,COUNT_COMPLAINT_PAIN,COUNT_PED_KILLED,COUNT_PED_INJURED,COUNT_BICYCLIST_KILLED,COUNT_BICYCLIST_INJURED,COUNT_MC_KILLED,COUNT_MC_INJURED,PRIMARY_RAMP,SECONDARY_RAMP,LATITUDE,LONGITUDE,COUNTY,CITY,POINT_X,POINT_Y
91430958,2021,2021-03-19,9335,2021-03-12,1730,022266,,5,2,9,4100,0,1,2,,2,011,"US-101 N/B","SAN BRUNO AVENUE OVER-CROSSING",660.00,S,N,A,-,Y,,,101,,,,,,N,Y,4,0,3,2,A,-,08,22107,,N,E,I,A,A,D,-,A,D,0,,,,,Y,,A,07,0,0,3,0,0,0,0,0,0,"- ","- ",37.629440307617188,-122.40245056152344,"SAN MATEO",UNINCORPORATED,-122.40235900878906,37.629451751708984
91430988,2021,2021-03-19,9335,2021-03-12,2250,022326,,5,3,5,4117,0,1,2,,2,012,"US-101 N/B","I-380 W/B FROM NORTH ACCESS ROAD O/C",1025.00,N,N,A,-,Y,,,101,,,,,,N,N,4,0,1,2,A,-,07,21658,A,N,B,C,A,A,H,-,D,D,0,,,,,Y,,A,01,0,0,1,0,0,0,0,0,0,"- ","- ",37.639011383056641,-122.40505981445312,"SAN MATEO","SOUTH SAN FRANCISCO",-122.40509796142578,37.638992309570312
91431837,2021,2021-03-22,9330,2021-03-12,0517,022207,,5,3,4,4120,0,1,3,,1,035,"SR-92 W/B","PIER 1",10560.00,E,N,A,-,Y,,,92,,,,,,W,Y,4,0,1,1,A,-,08,22107,,N,E,I,A,A,H,-,C,D,0,,,,,Y,,A,01,0,0,1,0,0,0,0,0,0,"- ","- ",37.591739654541016,-122.24001312255859,"SAN MATEO","FOSTER CITY",-122.24002075195312,37.591762542724609
91432831,2021,2021-03-23,9330,2021-03-13,1015,022244,,6,1,9,4100,0,3,5,,2,205,"KINGS MTN RD",SR-35,5280.00,E,N,B,-,N,,,,,,,,,,Y,3,0,2,3,A,-,03,22350,,N,B,C,A,D,G,-,A,D,0,,,Y,,Y,,C,02,0,1,1,0,0,0,0,0,2,"- ","- ",37.426628112792969,-122.29898834228516,"SAN MATEO",UNINCORPORATED,-122.299560546875,37.427810668945312
91434383,2021,2021-03-24,9330,2021-03-16,1140,022575,,2,1,5,4113,0,1,2,,2,048,"US-101 NORTHBOUND FROM SR-84",SR-84,320.00,N,N,A,-,Y,,,101,,,,R,,N,N,4,0,1,2,A,-,08,22107,,N,B,C,A,A,H,-,A,D,0,,,,,Y,,A,01,0,0,1,0,0,0,0,0,0,"- ","- ",37.489540100097656,-122.21389007568359,"SAN MATEO","REDWOOD CITY",-122.21389007568359,37.489540100097656
91434783,2021,2021-03-25,9330,2021-03-18,1616,016184,,4,2,9,4100,0,1,3,,2,031,"SR-92 WB TO I-280 SB",SR-92,528.00,S,N,B,C,Y,,,,,,,,,,Y,4,0,1,1,A,-,03,22350,,N,E,I,A,B,H,-,A,D,0,,,,,Y,,A,01,0,0,1,0,0,0,0,0,0,"- ","- ",37.504741668701172,-122.33706665039062,"SAN MATEO",UNINCORPORATED,,
91435187,2021,2021-03-25,9345,2021-03-22,1705,020911,,1,2,4,4109,0,1,3,,2,084,"SR-84 N/B (DUMBARTON BRIDGE BRIDGE)","ALAMEDA COUNTY LINE",200.00,S,N,A,G,Y,,,84,,,,,,N,Y,4,0,1,3,A,-,03,22350,,N,B,C,A,A,H,-,A,D,0,,,,,Y,,A,01,0,0,1,0,0,0,0,0,0,"- ","- ",37.506511688232422,-122.11759185791016,"SAN MATEO","MENLO PARK",-122.11756134033203,37.5064697265625
91437017,2021,2021-03-26,9335,2021-03-20,0845,019581,,6,1,9,4100,0,3,5,,2,001,"SAN BRUNO AVE.","US-101 N/B FROM SAN BRUNO AVENUE",0.00,,Y,A,-,N,,,,,,,,,,Y,3,0,1,2,A,-,08,22107,,N,D,C,A,A,H,-,A,A,0,,,,,Y,,A,01,0,1,0,0,0,0,0,0,0,"- ","- ",37.632011413574219,-122.40101623535156,"SAN MATEO",UNINCORPORATED,-122.4119873046875,37.630592346191406
91437430,2021,2021-03-29,9335,2021-03-22,1630,022596,,1,2,5,4117,0,1,1,,2,038,"I-380 E/B TO US-101 N/B","I-380 W/B FROM NORTH ACCESS ROAD",600.00,E,N,A,-,Y,,,380,,,,R,,E,Y,4,0,2,3,A,-,03,22350,,N,C,C,A,A,H,-,A,A,0,,,,,Y,,A,07,0,0,2,0,0,0,0,0,0,"- ","- ",37.637981414794922,-122.40422058105469,"SAN MATEO","SOUTH SAN FRANCISCO",-122.40422058105469,37.637981414794922
91437623,2021,2021-03-29,9335,2021-03-21,1900,022266,,7,2,5,4117,0,1,2,,2,011,"US-101 N/B FROM NORTH ACCESS ROAD","SOUTH AIRPORT BOULEVARD",315.00,S,N,A,-,Y,,,,,,,,,,Y,4,0,1,1,A,-,08,22107,,N,E,I,A,A,H,-,A,D,0,,,,,Y,,A,07,0,0,1,0,0,0,0,0,0,"- ","- ",37.638671875,-122.39964294433594,"SAN MATEO","SOUTH SAN FRANCISCO",-122.40657806396484,37.649566650390625
91438179,2021,2021-03-29,9330,2021-03-17,1850,022355,,3,2,9,4100,0,3,5,,2,005,"STANFORD AVENUE","NORTHSIDE AVENUE",2.00,N,N,A,-,N,,,,,,,,,,Y,4,0,1,2,A,-,08,22107,,N,B,C,A,A,H,-,A,D,0,,,,,Y,Y,A,01,0,0,1,0,0,0,0,0,0,"- ","- ",37.476699829101562,-122.21060943603516,"SAN MATEO",UNINCORPORATED,-122.21054840087891,37.476654052734375
91439703,2021,2021-03-30,9335,2021-03-24,2055,019434,,3,2,4,4114,0,1,1,,2,038,"I-380 W/B","EL CAMINO REAL UNDER-CROSSING",2090.00,E,N,A,-,Y,,,380,,,,,,W,Y,2,0,1,2,A,-,07,21658,A,N,B,C,A,A,H,-,C,D,0,,,Y,,Y,,C,02,1,0,0,0,0,0,0,0,1,"- ","- ",37.634330749511719,-122.41191864013672,"SAN MATEO","SAN BRUNO",-122.41194152832031,37.63427734375
91440320,2021,2021-03-31,9330,2021-03-29,1349,022575,,1,1,4,4104,0,1,2,,2,038,"US-101 SOUTHBOUND",BROADWAY,2100.00,S,N,A,-,Y,,,101,,,,,,S,Y,4,0,1,2,A,-,01,23152,F,N,C,C,A,A,D,-,A,D,0,,,,,Y,,A,07,0,0,1,0,0,0,0,0,0,"- ","- ",37.587390899658203,-122.35505676269531,"SAN MATEO",BURLINGAME,-122.35506439208984,37.587360382080078
91441031,2021,2021-04-01,9330,2021-03-23,1617,022575,,2,2,4,4102,0,1,2,,2,048,"US-101 N/B","RALSTON AVENUE",200.00,S,N,A,-,Y,,,101,,,,,,N,N,3,0,1,2,A,-,03,22350,,N,B,C,A,A,D,H,A,D,0,,,Y,,Y,,C,02,0,1,0,0,0,0,0,0,1,"- ","- ",37.525840759277344,-122.26950836181641,"SAN MATEO",BELMONT,-122.26949310302734,37.525859832763672
91442435,2021,2021-04-05,9335,2021-03-26,1545,022241,,5,2,4,4114,0,1,1,,2,020,"I-280 N/B","SAN BRUNO AVENUE UNDERCROSSING",1152.00,S,N,A,-,Y,,,280,,,,,,N,Y,4,0,1,1,A,-,08,22107,,N,E,I,A,A,H,-,A,D,0,,,,,Y,,A,01,0,0,1,0,0,0,0,0,0,"- ","- ",37.621479034423828,-122.42613983154297,"SAN MATEO","SAN BRUNO",-122.42637634277344,37.621318817138672
91443590,2021,2021-04-06,9335,2021-03-30,2050,019434,,2,2,9,4100,0,1,2,,2,011,"US-101 N/B","MILLBRAE AVE",785.00,N,N,A,-,Y,,,101,,,,,,N,Y,4,0,1,2,A,-,03,22350,,N,C,C,A,A,D,-,C,D,0,,,,,Y,Y,A,01,0,0,1,0,0,0,0,0,0,"- ","- ",37.610870361328125,-122.39295196533203,"SAN MATEO",UNINCORPORATED,-122.3929443359375,37.610877990722656
91443879,2021,2021-04-06,9330,2021-03-27,0420,022200,,6,3,5,4113,0,1,2,,2,058,"US-101 N/B","MARSH ROAD",528.00,N,N,A,-,Y,,,101,,,,,,N,Y,4,0,2,1,A,-,08,22107,,N,E,I,A,A,H,-,D,D,0,,,,,Y,,A,01,0,0,2,0,0,0,0,0,0,"- ","- ",37.48529052734375,-122.18788146972656,"SAN MATEO","REDWOOD CITY",-122.18787384033203,37.485343933105469
91444362,2021,2021-04-06,9330,2021-03-29,0605,021979,,1,1,9,4100,0,3,5,,2,505,"SR-82 (EL CAMINO REAL)","5TH AVE",10.00,S,N,A,-,Y,,,82,,,,,,,Y,3,0,1,1,A,-,01,23152,A,N,E,I,A,A,H,-,C,D,0,,,,,Y,Y,A,07,0,1,0,0,0,0,0,0,0,"- ","- ",37.467231750488281,-122.20893859863281,"SAN MATEO",UNINCORPORATED,-122.20899200439453,37.467155456542969
91444991,2021,2021-04-07,9330,2021-03-11,1355,022504,,4,1,9,4100,0,3,5,,2,203,"PESCADERO CREEK ROAD","NORTH STREET",528.00,W,N,A,-,N,,,,,,,,,,N,3,0,1,2,A,-,09,21804,A,N,H,G,A,A,H,-,A,D,0,,Y,,,Y,,L,04,0,1,0,0,0,0,1,0,0,"- ","- ",37.254791259765625,-122.37059020996094,"SAN MATEO",UNINCORPORATED,-122.36981964111328,37.254959106445312
91445154,2021,2021-04-07,9330,2021-03-30,1504,019764,,2,2,4,4120,0,1,3,,1,035,"SR-92 E/B","FOSTER CITY BOULEVARD",10560.00,E,N,A,-,Y,,,92,,,,,,E,Y,4,0,1,4,A,-,03,22350,,N,C,C,A,A,H,-,A,D,0,,,,,Y,,A,08,0,0,1,0,0,0,0,0,0,"- ","- ",37.585769653320312,-122.24922943115234,"SAN MATEO","FOSTER CITY",-122.24913787841797,37.585666656494141
91445178,2021,2021-04-07,9330,2021-03-30,2005,016184,,2,2,9,4100,0,1,3,,1,056,"SR-82 N/B (EL CAMINO REAL)","BERKSHIRE AVENUE",220.00,S,N,A,-,Y,,,82,,,,,,N,N,3,0,1,2,A,-,11,21954,A,N,G,B,D,A,H,-,D,D,0,Y,,,,Y,,N,60,0,1,0,0,1,0,0,0,0,"- ","- ",37.468948364257812,-122.21122741699219,"SAN MATEO",UNINCORPORATED,-122.21131134033203,37.468841552734375
91445470,2021,2021-04-07,9330,2021-03-31,0845,022101,,3,1,4,4104,0,1,2,,2,038,"US-101 NB","ANZA BLVD",1056.00,S,N,A,-,Y,,,101,,,,,,N,N,4,0,1,4,A,-,03,22350,,M,C,C,A,A,H,-,A,D,0,,,,,Y,,D,22,0,0,1,0,0,0,0,0,0,"- ","- ",37.587188720703125,-122.34716033935547,"SAN MATEO",BURLINGAME,-122.34716033935547,37.587165832519531
91445653,2021,2021-04-08,9335,2021-04-03,1305,022596,,6,1,6,4106,0,1,1,,2,021,"I-280 N/B","SOUTHGATE AVENUE",676.00,S,N,A,-,Y,,,280,,,,,,N,Y,4,0,2,2,A,-,03,22350,,N,C,C,A,A,H,-,A,D,0,,,,,Y,,A,01,0,0,2,0,0,0,0,0,0,"- ","- ",37.673618316650391,-122.46800231933594,"SAN MATEO","DALY CITY",-122.46805572509766,37.673580169677734
91445654,2021,2021-04-08,9335,2021-04-02,1125,022596,,5,1,4,4114,0,1,1,,2,020,"I-280 S/B FROM SAN BRUNO AVENUE","SAN BRUNO AVENUE W",347.00,S,N,A,-,Y,,,280,,,,R,,S,Y,3,0,1,2,A,-,03,22350,,N,C,C,A,A,H,-,A,D,0,,,,Y,Y,,A,01,0,1,0,0,0,0,0,0,0,"- ","- ",37.623111724853516,-122.42809295654297,"SAN MATEO","SAN BRUNO",-122.42809295654297,37.623111724853516
91445823,2021,2021-04-08,9330,2021-02-19,1955,021630,,5,2,5,4116,0,1,2,,2,038,"US-101 S/B","POPLAR AVE",528.00,S,N,A,-,Y,,,101,,,,,,S,Y,4,0,2,2,A,-,08,22107,,F,E,I,A,A,D,-,C,D,0,,,,,Y,Y,A,01,0,0,2,0,0,0,0,0,0,"- ","- ",37.578151702880859,-122.32192993164062,"SAN MATEO","SAN MATEO",-122.32198333740234,37.578086853027344
91446786,2021,2021-04-09,9330,2021-03-31,0955,021628,,3,1,9,4100,0,3,5,,2,005,"ALPINE ROAD","I-280 NORTHBOUND",0.00,,Y,A,-,Y,,,,,,,,,,Y,4,0,1,2,A,-,12,22450,A,N,D,C,A,A,H,-,A,A,0,,,,,Y,,A,01,0,0,1,0,0,0,0,0,0,"- ","- ",37.410198211669922,-122.19442749023438,"SAN MATEO",UNINCORPORATED,,
91446788,2021,2021-04-09,9330,2021-03-27,2040,021662,,6,2,9,4100,0,1,3,,1,011,"SR-92 W/B","PILARCITOS CREEK ROAD",1151.00,E,N,A,-,Y,,,92,,,,,,W,N,2,0,2,2,A,-,01,23152,A,N,A,C,A,A,H,-,D,D,0,,,,,Y,Y,A,01,1,0,1,0,0,0,0,0,0,"- ","- ",37.493038177490234,-122.38217163085938,"SAN MATEO",UNINCORPORATED,-122.38216400146484,37.493003845214844
91448581,2021,2021-04-12,9330,2021-03-30,1709,022595,,2,2,4,4104,0,1,2,,2,038,"US-101 S/B","POPLAR AVE",528.00,N,N,A,-,Y,,,,,,,,,,Y,3,0,1,2,A,-,08,22107,,N,C,C,A,A,H,-,A,D,0,,,,,Y,,A,01,0,1,0,0,0,0,0,0,0,"- ","- ",37.582271575927734,-122.32671356201172,"SAN MATEO",BURLINGAME,-122.32460021972656,37.580730438232422
91448749,2021,2021-04-12,9330,2021-04-01,1402,022595,,4,2,5,4116,0,1,2,,2,038,"US-101 S/B","3RD AVE",3168.00,N,N,A,-,Y,,,101,,,,,,S,Y,3,0,1,4,A,-,03,22350,,N,C,C,A,A,H,-,A,D,0,,,,,Y,,A,01,0,1,0,0,0,0,0,0,0,"- ","- ",37.577678680419922,-122.32144165039062,"SAN MATEO","SAN MATEO",-122.32148742675781,37.577629089355469
91449287,2021,2021-04-13,9330,2021-04-06,1620,020554,,2,2,5,4116,0,1,2,,2,048,"US-101 N/B","E. HILLSDALE BLVD",75.00,S,N,A,-,Y,,,101,,,,,,N,Y,4,0,2,3,A,-,03,22350,,N,C,C,A,A,D,-,A,D,0,,,,,Y,,A,07,0,0,2,0,0,0,0,0,0,"- ","- ",37.544361114501953,-122.28755950927734,"SAN MATEO","SAN MATEO",-122.28752136230469,37.544391632080078
91449332,2021,2021-04-13,9330,2021-04-03,0245,022367,,6,3,5,4116,0,1,3,,2,031,"SR-92 WESTBOUND TO DELAWARE STREET","DELAWARE STREET",200.00,W,N,A,-,Y,,,92,,,,R,,W,Y,4,0,1,1,A,-,01,23152,F,N,E,I,A,A,H,-,D,D,0,,,,,Y,,A,01,0,0,1,0,0,0,0,0,0,"- ","- ",37.552780151367188,-122.30621337890625,"SAN MATEO","SAN MATEO",-122.30621337890625,37.552780151367188
91449447,2021,2021-04-13,9330,2021-04-03,1222,022279,,6,1,9,4100,0,3,5,,2,503,"SAND HILL ROAD","MANZANITA WAY",20.00,E,N,A,-,N,,,,,,,,,,N,2,0,1,1,A,-,03,22350,,N,F,A,A,A,H,-,A,D,0,,Y,,,Y,,L,04,1,0,0,0,0,0,1,0,0,"- ","- ",37.140689849853516,-122.24179840087891,"SAN MATEO",UNINCORPORATED,-122.24184417724609,37.410701751708984
91449733,2021,2021-04-13,9330,2021-04-03,1430,022575,,6,2,9,4100,0,1,3,,1,020,SR-1,"GAZOS CREEK ROAD",750.00,S,N,B,-,Y,,,1,,,,,,,Y,2,0,2,2,A,-,03,22350,,N,C,C,A,A,H,-,A,D,0,,,Y,,Y,,C,02,2,0,0,0,0,0,0,0,2,"- ","- ",37.164680480957031,-122.36029052734375,"SAN MATEO",UNINCORPORATED,-122.36031341552734,37.164669036865234
91450480,2021,2021-04-14,9335,2021-04-03,1555,022241,,6,2,4,4114,0,1,1,,2,020,"I-280 S/B","AVALON DRIVE UNDERCROSSING",1190.00,S,N,A,-,Y,,,280,,,,,,S,Y,3,0,1,2,A,-,08,22107,,N,E,I,A,A,H,-,A,D,0,,,,,Y,,A,01,0,1,0,0,0,0,0,0,0,"- ","- ",37.636638641357422,-122.43972778320312,"SAN MATEO","SAN BRUNO",-122.43981170654297,37.6365966796875
91450995,2021,2021-11-09,9330,2021-04-07,2110,022185,,3,2,5,4116,0,1,2,,2,038,"US-101 S/B","POPLAR AVENUE",1584.00,N,N,A,-,Y,,,101,,,,,,S,N,3,0,2,2,A,-,07,21658,A,N,B,C,A,A,D,H,C,D,0,,,,,Y,,A,01,0,1,1,0,0,0,0,0,0,"- ","- ",37.581409454345703,-122.32559204101562,"SAN MATEO","SAN MATEO",-122.32559967041016,37.581401824951172
91452000,2021,2021-04-16,9330,2021-04-10,1227,022212,,6,1,5,4116,0,1,2,,2,048,"US 101 N/B",SR-92,1056.00,S,N,A,-,Y,,,,,,,,,,Y,4,0,2,4,A,-,03,22350,,N,C,C,A,A,D,-,A,D,0,,,,,Y,,A,01,0,0,2,0,0,0,0,0,0,"- ","- ",37.548599243164062,-122.29161071777344,"SAN MATEO","SAN MATEO",-122.29349517822266,37.550701141357422
91453066,2021,2021-05-26,9330,2021-04-11,2050,022381,,7,2,4,4104,0,1,2,,2,038,"US-101 NB","BROADWAY OVERCROSSING",1162.00,S,N,A,-,Y,,,101,,,,,,N,N,4,0,1,2,A,-,03,22350,,N,C,C,A,A,D,-,C,D,0,,,,,Y,,D,22,0,0,1,0,0,0,0,0,0,"- ","- ",37.588451385498047,-122.35814666748047,"SAN MATEO",BURLINGAME,-122.35814666748047,37.588459014892578
91453116,2021,2021-04-19,9330,2021-04-11,2135,022385,,7,2,4,4104,0,1,2,,2,038,"US-101 N/B","ANZA BOULEVARD",1590.00,S,N,A,-,Y,,,101,,,,,,N,Y,4,0,3,4,A,-,03,22350,,N,C,C,A,A,D,-,C,D,0,,,,,Y,,A,01,0,0,3,0,0,0,0,0,0,"- ","- ",37.587108612060547,-122.34600830078125,"SAN MATEO",BURLINGAME,-122.34600830078125,37.587135314941406
91453346,2021,2021-04-19,9330,2021-04-08,0220,022185,,4,3,4,4104,0,1,2,,2,038,"US-101 N/B TO MILLBRAE AVENUE",US-101,125.00,E,N,A,-,Y,,,101,,,,R,,N,Y,3,0,1,1,A,-,01,23152,G,M,E,I,A,A,D,-,C,D,0,,,,,Y,Y,A,01,0,1,0,0,0,0,0,0,0,"- ","- ",37.602008819580078,-122.37889099121094,"SAN MATEO",BURLINGAME,-122.37889099121094,37.602008819580078
91454357,2021,2021-04-20,9330,2021-04-12,0815,021843,,1,1,9,4100,0,3,5,,2,002,"ALPINE ROAD","MINDEGO HILL ROAD",1056.00,S,N,A,-,N,,,,,,,,,,N,4,0,1,2,A,-,08,22107,,M,B,C,A,A,H,-,A,D,0,,,,,Y,,A,01,0,0,1,0,0,0,0,0,0,"- ","- ",37.293769836425781,-122.23796844482422,"SAN MATEO",UNINCORPORATED,-122.23860168457031,37.293788909912109
91455263,2021,2021-04-21,9330,2021-03-23,1300,020778,,2,1,9,4100,0,2,4,,1,051,"5TH AVE","EDISON WAY",26.00,E,N,A,-,N,,,,,,,,,,N,3,0,1,2,A,-,03,22350,,N,C,C,A,A,H,-,A,A,0,,,,,Y,,A,01,0,1,0,0,0,0,0,0,0,"- ","- ",37.476329803466797,-122.20197296142578,"SAN MATEO",UNINCORPORATED,-122.20197296142578,37.476245880126953
91456149,2021,2021-04-22,9335,2021-04-18,1340,022241,,7,1,6,4106,0,1,1,,2,021,"I-280 N/B","SERRAMONTE BOULEVARD UNDERCROSSING",885.00,S,N,A,-,Y,,,280,,,,,,N,N,4,0,2,3,A,-,03,22350,,N,C,C,A,A,H,-,A,D,0,,,,,Y,,A,01,0,0,2,0,0,0,0,0,0,"- ","- ",37.667308807373047,-122.46546173095703,"SAN MATEO","DALY CITY",-122.46559143066406,37.667304992675781
91456896,2021,2021-05-12,9330,2021-04-14,1300,022101,,3,1,5,4116,0,1,2,,2,038,"US-101 S/B","POPLAR AVE",242.00,N,N,A,-,Y,,,101,,,,,,S,N,2,0,2,1,A,-,08,22107,,N,E,I,A,A,D,H,A,D,0,,,,,Y,,A,01,1,1,0,0,0,0,0,0,0,"- ","- ",37.580890655517578,-122.32514953613281,"SAN MATEO","SAN MATEO",-122.32510375976562,37.580940246582031
91456978,2021,2021-04-23,9330,2021-03-13,1829,021830,,6,2,5,4116,0,1,2,,2,048,"US-101 N/B","E. HILLSDALE BOULEVARD",600.00,N,N,A,-,Y,,,101,,,,,,N,Y,4,0,1,2,A,-,03,22350,,N,C,C,A,A,H,-,C,D,0,,,,,Y,,A,07,0,0,1,0,0,0,0,0,0,"- ","- ",37.545970916748047,-122.28916931152344,"SAN MATEO","SAN MATEO",-122.28907012939453,37.546062469482422
91457294,2021,2021-04-23,9330,2021-03-19,1509,021830,,5,2,5,4113,0,1,2,,2,048,"US-101 N/B","WHIPPLE AVENUE",3098.00,N,N,A,-,Y,,,101,,,,,,N,Y,4,0,1,2,A,-,03,22350,,N,C,C,A,A,D,H,A,D,0,,,,,Y,,A,01,0,0,1,0,0,0,0,0,0,"- ","- ",37.501449584960938,-122.24179077148438,"SAN MATEO","REDWOOD CITY",-122.24179840087891,37.501438140869141
91457563,2021,2021-04-26,9335,2021-04-17,2315,022271,,6,3,4,4114,0,1,2,,2,012,"US-101 S/B","SAN BRUNO AVE",2510.00,N,N,A,-,Y,,,101,,,,,,S,Y,3,0,1,1,B,-,22,,,N,E,I,A,A,H,-,C,D,0,,,,,Y,,D,22,0,1,0,0,0,0,0,0,0,"- ","- ",37.638031005859375,-122.40512847900391,"SAN MATEO","SAN BRUNO",-122.40493011474609,37.638126373291016
91457770,2021,2021-04-26,9330,2021-04-17,0150,022306,,6,3,4,4115,0,1,2,,2,048,"US-101 N/B","HOLLY STREET",2112.00,S,N,A,-,Y,,,101,,,,,,N,Y,3,0,1,1,A,-,01,23152,A,N,F,A,A,A,D,-,D,D,0,,,,,Y,Y,A,01,0,1,0,0,0,0,0,0,0,"- ","- ",37.508769989013672,-122.24996948242188,"SAN MATEO","SAN CARLOS",-122.25003051757812,37.508701324462891
91458201,2021,2021-04-26,9330,2021-04-18,0240,022394,,7,3,4,4120,0,1,3,,1,035,"SR-92 W/B","PIER 1",422.00,E,N,A,-,Y,,,,,,,,,,N,3,0,1,1,A,-,08,22107,,N,E,I,A,A,H,-,C,D,0,,,,,Y,,A,01,0,1,0,0,0,0,0,0,0,"- ","- ",37.588260650634766,-122.25273895263672,"SAN MATEO","FOSTER CITY",,
91459104,2021,2021-04-27,9330,2021-04-19,0025,022185,,1,3,4,4120,0,1,3,,1,035,"SR-92 W/B","FOSTER CITY BOULEVARD",1056.00,E,N,A,-,Y,,,92,,,,,,W,N,4,0,1,1,A,-,03,22350,,N,E,I,A,A,H,-,C,D,0,,,,,Y,,A,01,0,0,1,0,0,0,0,0,0,"- ","- ",37.565891265869141,-122.27098846435547,"SAN MATEO","FOSTER CITY",-122.27102661132812,37.565933227539062
91459298,2021,2021-04-30,9330,2021-04-19,0155,022200,,1,3,9,4100,0,3,5,,2,005,"MIDDLEFIELD ROAD","FIRST AVE",61.00,S,N,A,-,N,,,,,,,,,,Y,3,0,1,3,A,-,01,23152,A,N,C,E,A,A,H,-,C,D,0,,,,,Y,Y,A,07,0,1,0,0,0,0,0,0,0,"- ","- ",37.474189758300781,-122.20784759521484,"SAN MATEO",UNINCORPORATED,-122.20756530761719,37.474143981933594
91459672,2021,2021-04-27,9330,2021-04-19,0800,021942,,1,1,4,4120,0,1,3,,1,035,"SR- 92 W/B","MARINERS ISLAND BOULEVARD",1056.00,E,N,A,-,Y,,,92,,,,,,W,Y,4,0,1,2,A,-,08,22107,,N,B,C,A,A,H,-,A,D,0,,,,,Y,,A,07,0,0,1,0,0,0,0,0,0,"- ","- ",37.558559417724609,-122.28154754638672,"SAN MATEO","FOSTER CITY",-122.28158569335938,37.558609008789062
91460464,2021,2021-04-28,9330,2021-04-24,0350,022504,,6,3,3,4110,0,1,1,,2,034,"I-280 N/B","TROUSDALE DRIVE",2112.00,S,N,A,-,Y,,,,,,,,,,Y,3,0,1,1,A,-,08,22107,,N,E,I,A,A,H,-,D,D,0,,,,,Y,,A,01,0,1,0,0,0,0,0,0,0,"- ","- ",37.575248718261719,-122.40048217773438,"SAN MATEO",MILLBRAE,-122.40103149414062,37.576461791992188
91460488,2021,2021-04-28,9330,2021-03-20,2041,022590,,6,2,9,4100,0,1,1,,2,044,"I-280 N/B","EDGEWOOD ROAD",9504.00,N,N,A,-,Y,,,280,,,,,,N,N,4,0,1,1,A,-,08,22107,,N,H,A,A,A,C,-,C,D,0,,,,,Y,,A,01,0,0,1,0,0,0,0,0,0,"- ","- ",37.473728179931641,-122.29705047607422,"SAN MATEO",UNINCORPORATED,-122.297119140625,37.473663330078125
91460529,2021,2021-04-28,9330,2021-04-22,1650,022294,,4,2,5,4113,0,1,2,,2,058,"US-101 S/B FROM SR-84 (WOODSIDE ROAD)","SR-84 (WOODSIDE ROAD)",528.00,S,N,A,-,Y,,,101,,,,R,,S,N,4,0,1,2,A,-,03,22350,,N,C,C,A,A,H,-,A,D,0,,,,,Y,,A,01,0,0,1,0,0,0,0,0,0,"- ","- ",37.487819671630859,-122.20987701416016,"SAN MATEO","REDWOOD CITY",-122.20987701416016,37.487819671630859