CASE_ID,ACCIDENT_YEAR,PROC_DATE,JURIS,COLLISION_DATE,COLLISION_TIME,OFFICER_ID,REPORTING_DISTRICT,DAY_OF_WEEK,CHP_SHIFT,POPULATION,CNTY_CITY_LOC,SPECIAL_COND,BEAT_TYPE,CHP_BEAT_TYPE,CITY_DIVISION_LAPD,CHP_BEAT_CLASS,BEAT_NUMBER,PRIMARY_RD,SECONDARY_RD,DISTANCE,DIRECTION,INTERSECTION,WEATHER_1,WEATHER_2,STATE_HWY_IND,CALTRANS_COUNTY,CALTRANS_DISTRICT,STATE_ROUTE,ROUTE_SUFFIX,POSTMILE_PREFIX,POSTMILE,LOCATION_TYPE,RAMP_INTERSECTION,SIDE_OF_HWY,TOW_AWAY,COLLISION_SEVERITY,NUMBER_KILLED,NUMBER_INJURED,PARTY_COUNT,PRIMARY_COLL_FACTOR,PCF_CODE_OF_VIOL,PCF_VIOL_CATEGORY,PCF_VIOLATION,PCF_VIOL_SUBSECTION,HIT_AND_RUN,TYPE_OF_COLLISION,MVIW,PED_ACTION,ROAD_SURFACE,ROAD_COND_1,ROAD_COND_2,LIGHTING,CONTROL_DEVICE,CHP_ROAD_TYPE,PEDESTRIAN_ACCIDENT,BICYCLE_ACCIDENT,MOTORCYCLE_ACCIDENT,TRUCK_ACCIDENT,NOT_PRIVATE_PROPERTY,ALCOHOL_INVOLVED,STWD_VEHTYPE_AT_FAULT,CHP_VEHTYPE_AT_FAULT,COUNT_SEVERE_INJ,COUNT_VISIBLE_INJ,COUNT_COMPLAINT_PAIN,COUNT_PED_KILLED,COUNT_PED_INJURED,COUNT_BICYCLIST_KILLED,COUNT_BICYCLIST_INJURED,COUNT_MC_KILLED,COUNT_MC_INJURED,PRIMARY_RAMP,SECONDARY_RAMP,LATITUDE,LONGITUDE,COUNTY,CITY,POINT_X,POINT_Y
91460577,2021,2021-04-28,9330,2021-03-24,0920,022101,,3,1,4,4104,0,1,2,,2,038,"US-101 N/B",BROADWAY,528.00,S,N,A,-,Y,,,101,,,,,,N,Y,3,0,1,5,A,-,03,22350,,N,C,C,A,A,D,-,A,D,0,,,,,Y,,A,01,0,1,0,0,0,0,0,0,0,"- ","- ",37.5897216796875,-122.36064147949219,"SAN MATEO",BURLINGAME,-122.360595703125,37.589797973632812
91461507,2021,2021-04-29,9330,2021-03-24,0921,022101,,3,1,4,4104,0,1,2,,2,038,"US-101 N/B",BROADWAY,20.00,S,N,A,-,Y,,,101,,,,,,N,Y,4,0,1,4,A,-,03,22350,,N,C,C,A,A,H,-,A,D,0,,,,,Y,,A,01,0,0,1,0,0,0,0,0,0,"- ","- ",37.5897216796875,-122.36064147949219,"SAN MATEO",BURLINGAME,-122.360595703125,37.589797973632812
91461579,2021,2021-08-06,9330,2021-04-27,1100,021979,,2,1,4,4127,0,1,2,,2,058,"US-101 S/B","UNIVERSITY AVE",1500.00,S,N,A,-,Y,,,101,,,,,,S,Y,2,0,1,1,A,-,08,22107,,N,E,I,A,A,H,-,A,D,0,,,,,Y,,A,01,1,0,0,0,0,0,0,0,0,"- ","- ",37.458309173583984,-122.13736724853516,"SAN MATEO","EAST PALO ALTO",-122.13738250732422,37.458290100097656
91462975,2021,2021-04-30,9335,2021-04-23,1400,022266,,5,2,2,4103,0,1,2,,2,012,"US-101 NB","SIERRA POINT PARKWAY",950.00,S,N,A,-,Y,,,101,,,,,,N,N,4,0,1,2,A,-,07,21658,A,N,B,C,A,A,H,-,A,D,0,,,,,Y,,A,01,0,0,1,0,0,0,0,0,0,"- ","- ",37.672229766845703,-122.3907470703125,"SAN MATEO",BRISBANE,-122.39070892333984,37.672199249267578
91462988,2021,2021-04-30,9330,2021-04-15,1607,021830,,4,2,4,4127,0,1,2,,2,058,"US-101 N/B","UNIVERSITY AVENUE",200.00,S,N,A,-,Y,,,,,,,,,,Y,4,0,1,3,A,-,07,21658,A,N,D,C,A,A,H,-,A,D,0,,,,,Y,,D,22,0,0,1,0,0,0,0,0,0,"- ","- ",37.460220336914062,-122.14306640625,"SAN MATEO","EAST PALO ALTO",-122.14288330078125,37.46173095703125
91463716,2021,2021-05-03,9335,2021-04-25,1650,022241,,7,2,5,4117,0,1,1,,2,020,"I-280 S/B FROM WESTBOROUGH BLVD","WESTBOROUGH BOULEVARD",253.00,S,N,C,-,Y,,,280,,,,R,,S,Y,3,0,2,1,A,-,08,22107,,N,E,I,A,B,H,-,A,A,0,,,,,Y,,A,07,0,1,1,0,0,0,0,0,0,"- ","- ",37.644439697265625,-122.44899749755859,"SAN MATEO","SOUTH SAN FRANCISCO",-122.44899749755859,37.644439697265625
91463801,2021,2021-05-03,9335,2021-04-24,2130,022271,,6,2,6,4106,0,1,1,,2,021,"I-280 N/B TO D STREET","JUNIPERO SERRA BLVD",61.00,S,N,B,-,Y,,,280,,,,R,,N,Y,3,0,3,3,A,-,07,21658,A,N,C,C,A,B,H,-,C,A,0,,,,,Y,Y,D,22,0,1,2,0,0,0,0,0,0,"- ","- ",37.683700561523438,-122.47103118896484,"SAN MATEO","DALY CITY",-122.47103118896484,37.683700561523438
91463842,2021,2021-05-03,9330,2021-04-23,1700,020554,,5,2,4,4104,0,1,2,,2,038,"US-101 S/B",BROADWAY,100.00,N,N,A,-,Y,,,101,,,,,,S,N,4,0,1,3,A,-,03,22350,,N,C,C,A,A,D,-,A,D,0,,,,,Y,,A,01,0,0,1,0,0,0,0,0,0,"- ","- ",37.590511322021484,-122.36212158203125,"SAN MATEO",BURLINGAME,-122.36212158203125,37.590507507324219
91463893,2021,2021-05-04,9330,2021-03-16,1655,020954,,2,2,9,4100,0,1,3,,1,020,"SR-1 (CABRILLO HIGHWAY)","SR-84 (LA HONDA ROAD)",1584.00,S,N,A,-,Y,,,1,,,,,,,Y,3,0,4,2,A,-,06,21751,,F,B,C,A,A,H,-,A,D,0,,,,,Y,,D,22,0,2,2,0,0,0,0,0,0,"- ","- ",37.321281433105469,-122.40180969238281,"SAN MATEO",UNINCORPORATED,-122.40181732177734,37.321285247802734
91464386,2021,2021-05-03,9330,2021-04-23,1611,022575,,5,2,5,4116,0,1,2,,2,038,"US-101 S/B","PENINSULA AVENUE",950.00,S,N,A,-,Y,,,101,,,,,,S,Y,4,0,1,3,A,-,08,22107,,N,B,C,A,A,D,-,A,D,0,,,,,Y,,A,01,0,0,1,0,0,0,0,0,0,"- ","- ",37.582199096679688,-122.32646179199219,"SAN MATEO","SAN MATEO",-122.32646179199219,37.582199096679688
91464908,2021,2021-05-04,9330,2021-03-23,1700,022595,,2,2,9,4100,0,1,3,,2,042,"SR-35 (SKYLINE BOULEVARD)",SR-92,4224.00,S,N,A,-,Y,,,,,,,,,,Y,3,0,1,1,A,-,08,22107,,N,E,I,A,A,H,-,A,D,0,,,,,Y,,A,01,0,1,0,0,0,0,0,0,0,"- ","- ",34.484748840332031,-122.36135101318359,"SAN MATEO",UNINCORPORATED,-122.36343383789062,37.488819122314453
91465057,2021,2021-05-04,9330,2021-04-20,0430,022524,,2,3,4,4104,0,1,2,,2,038,"US-101 S/B","ANZA BOULEVARD",1200.00,S,N,A,-,Y,,,101,,,,,,S,Y,2,0,1,2,A,-,08,22107,,N,B,C,A,A,D,-,D,D,0,,,,,Y,,A,01,1,0,0,0,0,0,0,0,0,"- ","- ",37.586971282958984,-122.34748077392578,"SAN MATEO",BURLINGAME,-122.34748077392578,37.586982727050781
91465467,2021,2021-05-04,9330,2021-02-08,0637,022279,,1,1,4,4104,0,1,2,,2,038,"US-101 N/B",BROADWAY,1584.00,S,N,B,-,Y,,,101,,,,,,N,Y,1,1,0,2,A,-,05,21651,B,N,A,C,A,A,H,-,B,D,0,,,,Y,Y,,A,08,0,0,0,0,0,0,0,0,0,"- ","- ",37.588218688964844,-122.35745239257812,"SAN MATEO",BURLINGAME,-122.35746765136719,37.588172912597656
91465962,2021,2021-05-05,9330,2021-04-28,0435,017984,,3,3,9,4100,0,1,3,,2,042,"SR-35 (SKYLINE BLVD)","SR-84 (WOODSIDE RD)",10560.00,N,N,A,-,Y,,,35,,,,,,,Y,3,0,1,1,A,-,08,22107,,N,E,I,A,A,H,-,D,D,0,,,,,Y,,A,01,0,1,0,0,0,0,0,0,0,"- ","- ",37.391998291015625,-122.28900146484375,"SAN MATEO",UNINCORPORATED,-122.28902435302734,37.39202880859375
91466760,2021,2021-05-27,9330,2021-05-04,1530,016184,,2,2,5,4116,0,1,3,,2,031,"SR-92 WESTBOUND","DE ANZA BLVD.",1056.00,E,N,A,-,Y,,,92,,,,,,W,Y,3,0,1,2,A,-,07,21658,A,N,F,A,A,A,H,-,A,D,0,,,Y,,Y,,A,01,0,1,0,0,0,0,0,0,1,"- ","- ",37.526580810546875,-122.33186340332031,"SAN MATEO","SAN MATEO",-122.33185577392578,37.526576995849609
91467224,2021,2021-05-06,9330,2021-04-28,1109,021942,,3,1,9,4100,0,1,3,,1,021,"SR-84 (LA HONDA ROAD)","HILDEBRAND RD",50.00,W,N,A,-,Y,,,84,,,,,,,N,4,0,1,2,A,-,09,21804,A,N,A,C,A,A,H,-,A,D,0,,,,,Y,,D,22,0,0,1,0,0,0,0,0,0,"- ","- ",37.325668334960938,-122.27429962158203,"SAN MATEO",UNINCORPORATED,-122.27420806884766,37.325630187988281
91467621,2021,2021-05-07,9330,2021-04-28,1616,022294,,3,2,5,4113,0,1,2,,2,048,"US-101 S/B","SR-84 (WOODSIDE RD) O/C",1584.00,N,N,A,-,Y,,,101,,,,,,S,Y,3,0,2,3,A,-,03,22350,,N,C,C,A,A,H,-,A,D,0,,,,,Y,,A,01,0,1,1,0,0,0,0,0,0,"- ","- ",37.492561340332031,-122.22215270996094,"SAN MATEO","REDWOOD CITY",-122.22210693359375,37.492652893066406
91467651,2021,2021-05-07,9335,2021-04-29,0155,019999,,4,3,4,4111,0,1,3,,2,041,"SR-1 S/B","TOM LANTOS TUNNEL",5280.00,S,N,A,-,Y,,,,,,,,,,Y,4,0,1,1,A,-,01,23152,A,N,E,J,A,A,H,-,D,D,0,,,,,Y,Y,A,01,0,0,1,0,0,0,0,0,0,"- ","- ",37.559379577636719,-122.51407623291016,"SAN MATEO",PACIFICA,-122.51004028320312,37.581718444824219
91468635,2021,2021-05-10,9330,2021-04-30,1600,022244,,5,2,4,4104,0,1,2,,2,038,"US-101 S/B",BROADWAY,3168.00,N,N,A,-,Y,,,101,,,,,,S,N,3,0,1,2,A,-,03,22350,,N,C,C,A,A,D,-,A,D,0,,,,,Y,,A,07,0,1,0,0,0,0,0,0,0,"- ","- ",37.596111297607422,-122.37062072753906,"SAN MATEO",BURLINGAME,-122.37065124511719,37.596065521240234
91469526,2021,2021-05-27,9330,2021-05-04,2025,019764,,2,2,5,4116,0,1,2,,2,048,"US-101 N/B","HILLSDALE BLVD.",600.00,S,N,A,-,Y,,,101,,,,,,N,Y,4,0,1,2,A,-,03,22350,,N,C,C,A,A,D,-,D,D,0,,,,,Y,,A,01,0,0,1,0,0,0,0,0,0,"- ","- ",37.543220520019531,-122.28649139404297,"SAN MATEO","SAN MATEO",-122.28651428222656,37.543197631835938
91469623,2021,2021-05-11,9330,2021-04-09,1015,022589,,5,1,4,4115,0,1,2,,2,048,"US-101 S/B","HOLLY ST",2112.00,S,N,A,-,Y,,,101,,,,,,S,Y,3,0,2,5,A,-,03,22350,,N,C,C,A,A,D,-,A,D,0,,,Y,,Y,,A,01,0,2,0,0,0,0,0,0,1,"- ","- ",37.509750366210938,-122.25148010253906,"SAN MATEO","SAN CARLOS",-122.25149536132812,37.509735107421875
91469753,2021,2021-05-11,9330,2021-05-03,2330,022385,,1,3,9,4100,0,1,3,,1,011,"SR-92 E/B","SR-35 (SKYLINE BLVD)",0.00,,Y,A,-,Y,,,92,,,,,,E,Y,3,0,1,1,A,-,01,23152,A,N,E,I,A,A,H,-,C,A,0,,,,,Y,Y,A,01,0,1,0,0,0,0,0,0,0,"- ","- ",37.511749267578125,-122.34979248046875,"SAN MATEO",UNINCORPORATED,-122.34980773925781,37.511787414550781
91470369,2021,2021-05-11,9330,2021-05-02,2330,022409,,7,3,4,4109,0,1,2,,2,058,"US 101 S/B","WILLOW ROAD",7390.00,N,N,A,-,Y,,,,,,,,,,Y,4,0,1,1,A,-,08,22107,,N,F,I,A,A,H,-,C,D,0,,,,,Y,Y,A,01,0,0,1,0,0,0,0,0,0,"- ","- ",37.476661682128906,-122.16889953613281,"SAN MATEO","MENLO PARK",-122.17574310302734,37.480747222900391
91472744,2021,2021-05-27,9335,2021-05-10,1600,022175,,1,2,4,4114,0,1,1,,2,038,"I-380 W/B","MONTGOMERY AVE",33.00,E,N,A,-,Y,,,380,,,,,,W,Y,4,0,1,3,A,-,03,22350,,N,C,C,A,A,H,-,A,D,0,,,,,Y,,A,01,0,0,1,0,0,0,0,0,0,"- ","- ",37.634361267089844,-122.41219329833984,"SAN MATEO","SAN BRUNO",-122.41219329833984,37.634304046630859
91474303,2021,2021-05-17,9330,2021-05-07,1155,022589,,5,1,5,4116,0,1,2,,2,038,"US-101 S/B","3RD AVE",1056.00,S,N,A,-,Y,,,101,,,,,,S,Y,4,0,1,3,A,-,08,22107,,N,C,C,A,A,D,-,A,D,0,,,,,Y,,A,01,0,0,1,0,0,0,0,0,0,"- ","- ",37.568008422851562,-122.31096649169922,"SAN MATEO","SAN MATEO",-122.31101226806641,37.567970275878906
91476364,2021,2021-05-19,9330,2021-05-08,1345,022244,,6,1,9,4100,0,3,5,,2,005,"3674 SAND HILL ROAD","WHISKEY HILL ROAD",2112.00,E,N,A,-,N,,,,,,,,,,N,4,0,1,2,A,-,09,21804,A,N,H,G,A,A,H,-,A,D,0,,Y,,,Y,,A,07,0,0,1,0,0,0,1,0,0,"- ","- ",37.416900634765625,-122.23538208007812,"SAN MATEO",UNINCORPORATED,-122.23569488525391,37.416748046875
91476493,2021,2021-05-27,9330,2021-05-11,1255,022098,,2,1,5,4113,0,1,2,,2,048,"US-101 S/B","WOODSIDE RD",1100.00,N,N,A,-,Y,,,,,,,,,,N,4,0,1,3,A,-,08,22107,,N,B,C,A,A,H,-,A,D,0,,,,,Y,,A,01,0,0,1,0,0,0,0,0,0,"- ","- ",37.292438507080078,-122.13082885742188,"SAN MATEO","REDWOOD CITY",-122.21648406982422,37.490146636962891
91477663,2021,2021-07-19,9330,2021-03-27,0315,022211,,6,3,4,4104,0,1,2,,2,038,"US-101 N/B","MILLBRAE AVENUE",2640.00,S,N,A,-,Y,,,101,,,,,,N,Y,4,0,1,2,A,-,08,22107,,N,C,E,A,A,D,-,D,D,0,,,,,Y,Y,A,01,0,0,1,0,0,0,0,0,0,"- ","- ",37.598018646240234,-122.37315368652344,"SAN MATEO",BURLINGAME,-122.37318420410156,37.597972869873047
91479345,2021,2021-05-27,9335,2021-05-12,2200,021672,,3,3,6,4106,0,1,1,,2,021,"I-280 S/B","JUNIPERO SERRA BLVD. OVERCROSSING",1109.00,N,N,A,-,Y,,,280,,,,,,S,Y,4,0,1,2,A,-,03,22350,,N,C,C,A,A,H,-,C,D,0,,,,,Y,,D,22,0,0,1,0,0,0,0,0,0,"- ","- ",37.698520660400391,-122.47162628173828,"SAN MATEO","DALY CITY",-122.47159576416016,37.698520660400391
91479547,2021,2021-05-27,9330,2021-05-13,1138,022279,,4,1,4,4127,0,1,2,,2,058,"US-101 N/B","UNIVERSITY AVE",2.00,S,N,A,-,Y,,,101,,,,,,N,Y,3,0,1,1,A,-,08,22107,,N,E,I,A,A,H,-,A,D,0,,,,,Y,,A,07,0,1,0,0,0,0,0,0,0,"- ","- ",37.460540771484375,-122.14079284667969,"SAN MATEO","EAST PALO ALTO",-122.14079284667969,37.460540771484375
91481059,2021,2021-05-27,9330,2021-05-13,1440,022244,,4,2,9,4100,0,1,3,,1,021,"SR-84 (LA HONDA ROAD)","STAGE ROAD",5808.00,E,N,A,-,Y,,,84,,,,,,,N,4,0,1,1,A,-,03,22350,,N,F,A,A,A,H,-,A,D,0,,Y,,,Y,,L,04,0,0,1,0,0,0,1,0,0,"- ","- ",37.329570770263672,-122.36630249023438,"SAN MATEO",UNINCORPORATED,-122.36628723144531,37.329597473144531
91481363,2021,2021-05-27,9330,2021-05-15,1822,021830,,6,2,5,4113,0,1,2,,2,048,"US-101 N/B","WOODSIDE RD",1660.00,N,N,A,-,Y,,,101,,,,,,N,Y,4,0,1,1,A,-,08,22107,,M,E,I,A,A,D,-,A,D,0,,,,,Y,Y,A,01,0,0,1,0,0,0,0,0,0,"- ","- ",37.491119384765625,-122.21814727783203,"SAN MATEO","REDWOOD CITY",-122.21817016601562,37.491081237792969
91481863,2021,2021-05-27,9330,2021-05-16,0330,022372,,7,3,9,4100,0,1,1,,2,044,"I-280 S/B","CANADA RD",528.00,S,N,B,-,Y,,,280,,,,,,S,Y,3,0,1,1,A,-,08,22107,,N,E,I,A,A,H,-,D,D,0,,,,,Y,,D,22,0,1,0,0,0,0,0,0,0,"- ","- ",37.459728240966797,-122.29029846191406,"SAN MATEO",UNINCORPORATED,-122.29042816162109,37.459682464599609
91482366,2021,2021-05-27,9330,2021-05-16,0100,022212,,7,3,9,4100,0,1,1,,2,054,"I-280 NORTHBOUND","SANDHILL ROAD",2112.00,N,N,A,-,Y,,,280,,,,,,N,N,4,0,1,1,A,-,08,22107,,M,E,I,A,A,H,-,D,D,0,,,,,Y,,A,01,0,0,1,0,0,0,0,0,0,"- ","- ",37.422100067138672,-122.22588348388672,"SAN MATEO",UNINCORPORATED,-122.22577667236328,37.422245025634766
91482715,2021,2021-05-27,9330,2021-05-16,2025,021594,,7,2,3,4108,0,1,1,,2,034,"I-280 S/B","TROUSDALE DRIVE",3168.00,S,N,A,-,Y,,,,,,,,,,Y,3,0,3,2,A,-,01,23152,A,N,B,2,A,A,H,-,D,D,0,,,,,Y,Y,A,01,0,3,0,0,0,0,0,0,0,"- ","- ",37.572860717773438,-122.39940643310547,"SAN MATEO",HILLSBOROUGH,-122.4000244140625,37.573619842529297
91485667,2021,2021-05-31,9330,2021-05-15,0340,022306,,6,3,3,4110,0,1,2,,2,038,"US-101 S/B TO MILLBRAE AVENUE","MILLBRAE AVENUE",300.00,N,N,A,-,Y,,,101,,,,R,,S,Y,4,0,1,1,A,-,08,22107,,N,E,I,A,A,D,-,C,D,0,,,,,Y,,A,01,0,0,1,0,0,0,0,0,0,"- ","- ",37.602729797363281,-122.38194274902344,"SAN MATEO",MILLBRAE,-122.38194274902344,37.602729797363281
91486201,2021,2021-06-17,9330,2021-05-19,0735,017984,,3,1,9,4100,0,1,3,,1,011,"STATE ROUTE 92","HALF MOON BAY CITY LIMITS",528.00,E,N,A,-,Y,,,92,,,,,,,N,2,0,1,1,C,-,18,,,N,E,I,A,A,H,-,A,D,0,,,,,Y,,-,"- ",1,0,0,0,0,0,0,0,0,"- ","- ",37.475700378417969,-122.41790008544922,"SAN MATEO",UNINCORPORATED,-122.41802215576172,37.475902557373047
91488000,2021,2021-06-03,9330,2021-05-19,0715,021942,,3,1,4,4120,0,1,3,,1,035,"SR-92 E/B","VINTAGE PARK DRIVE",150.00,E,N,A,-,Y,,,92,,,,,,E,Y,3,0,1,1,A,-,08,22107,,N,F,A,A,A,A,-,A,D,0,,,,,Y,,J,49,0,1,0,0,0,0,0,0,0,"- ","- ",37.561408996582031,-122.27687072753906,"SAN MATEO","FOSTER CITY",-122.27680969238281,37.561321258544922
91490223,2021,2021-10-29,9330,2021-05-26,1640,021594,,3,2,4,4102,0,1,2,,2,048,"US-101 N/B","RALSTON AVENUE",2185.00,S,N,A,-,Y,,,101,,,,,,N,Y,4,0,1,3,A,-,03,22350,,N,C,C,A,A,H,-,A,D,0,,,,,Y,,-,"- ",0,0,1,0,0,0,0,0,0,"- ","- ",37.521808624267578,-122.264892578125,"SAN MATEO",BELMONT,-122.26490020751953,37.521800994873047
91490827,2021,2021-06-07,9335,2021-06-06,1049,019581,,7,1,4,4114,0,1,2,,2,012,"US-101 S/B TO I-380 W/B","7TH AVE.",10.00,S,N,A,-,Y,,,,,,,,,,Y,4,0,2,2,A,-,07,21658,A,N,B,2,A,A,H,-,A,D,0,,,,,Y,,A,01,0,0,2,0,0,0,0,0,0,"- ","- ",37.634609222412109,-122.40660095214844,"SAN MATEO","SAN BRUNO",-122.31154632568359,37.568325042724609
91491001,2021,2021-06-07,9330,2021-05-26,1730,021594,,3,2,5,4113,0,1,2,,2,048,"US-101 S/B","WHIPPLE AVE",3696.00,N,N,A,-,Y,,,101,,,,,,S,N,4,0,4,3,A,-,03,22350,,N,C,C,A,A,D,H,A,D,0,,,,,Y,,A,01,0,0,4,0,0,0,0,0,0,"- ","- ",37.502048492431641,-122.24275207519531,"SAN MATEO","REDWOOD CITY",-122.24279022216797,37.502006530761719
91491523,2021,2021-06-08,9330,2021-05-25,1300,017984,,2,1,9,4100,0,1,1,,2,044,"INTERSTATE 280 N/B (JUNIPERO SERRA FREEWAY)",SR-92,3168.00,S,N,A,-,Y,,,280,,,,,,N,Y,2,0,1,2,A,-,08,22107,,N,D,C,A,A,H,-,A,D,0,,,,,Y,,D,22,1,0,0,0,0,0,0,0,0,"- ","- ",37.501361846923828,-122.32750701904297,"SAN MATEO",UNINCORPORATED,-122.32752227783203,37.501304626464844
91492125,2021,2021-06-08,9330,2021-05-25,2155,021661,,2,2,4,4104,0,1,2,,2,038,"US-101 S/B",BROADWAY,3696.00,S,N,A,-,Y,,,101,,,,,,S,Y,3,0,1,2,A,-,03,22350,,N,C,C,A,A,D,-,D,D,0,,,,,Y,,A,01,0,1,0,0,0,0,0,0,0,"- ","- ",37.587051391601562,-122.35053253173828,"SAN MATEO",BURLINGAME,-122.35053253173828,37.587059020996094
91492452,2021,2021-06-08,9330,2021-05-27,1310,021942,,4,1,9,4100,0,1,3,,1,021,"SR-84 (LA HONDA ROAD)","HILDEBRAND ROAD",3696.00,E,N,A,-,Y,,,84,,,,,,,N,4,0,1,2,A,-,05,21460,A,N,B,C,A,A,H,-,A,D,0,,,Y,,Y,,C,02,0,0,1,0,0,0,0,0,1,"- ","- ",37.333099365234375,-122.27129364013672,"SAN MATEO",UNINCORPORATED,-122.27128601074219,37.333095550537109
91492631,2021,2021-06-09,9330,2021-05-28,0445,022367,,5,3,4,4115,0,1,2,,2,048,"US-101 SOUTHBOUND","HOLLY STREET",3168.00,S,N,A,-,Y,,,101,,,,,,S,Y,4,0,1,1,A,-,08,22107,,N,E,I,A,A,D,-,D,D,0,,,,,Y,,A,01,0,0,1,0,0,0,0,0,0,"- ","- ",37.505611419677734,-122.24709320068359,"SAN MATEO","SAN CARLOS",-122.24699401855469,37.505722045898438
91492657,2021,2021-06-09,9330,2021-05-27,2105,022367,,4,2,4,4115,0,1,2,,2,048,"US-101 SOUTHBOUND","HOLLY STREET",3168.00,S,N,A,-,Y,,,101,,,,,,S,Y,3,0,1,1,A,-,03,22350,,M,E,8,A,A,D,-,D,D,0,,,,,Y,,A,01,0,1,0,0,0,0,0,0,0,"- ","- ",37.507110595703125,-122.24848175048828,"SAN MATEO","SAN CARLOS",-122.24851226806641,37.507072448730469
91493095,2021,2021-06-09,9330,2021-05-31,1230,020646,,1,1,5,4116,0,1,3,,2,031,"SR-92 E/B","DELAWARE ST",300.00,E,N,B,-,Y,,,92,,,,,,E,N,4,0,2,2,A,-,03,22350,,F,C,C,A,A,H,-,A,D,0,,,,,Y,,-,99,0,0,2,0,0,0,0,0,0,"- ","- ",37.552520751953125,-122.30419158935547,"SAN MATEO","SAN MATEO",-122.30419158935547,37.552501678466797
91493187,2021,2021-06-09,9330,2021-05-30,1330,021594,,7,1,9,4100,0,3,5,,2,503,"KINGS MOUNTAIN ROAD E/B","HUDDART PARK",5280.00,W,N,A,-,N,,,,,,,,,,Y,3,0,1,2,A,-,08,22107,,N,H,G,A,A,H,-,A,D,0,,Y,,,Y,,L,04,0,1,0,0,0,0,1,0,0,"- ","- ",37.432579040527344,-122.29569244384766,"SAN MATEO",UNINCORPORATED,-122.29611206054688,37.431991577148438
91493307,2021,2021-06-09,9330,2021-05-28,1825,022294,,5,2,9,4100,0,1,3,,2,052,"SR-35 (SKYLINE BLVD)","LA HONDA ROAD",2112.00,S,N,A,-,Y,,,35,,,,,,,N,3,0,1,1,A,-,03,22350,,N,F,I,A,A,H,-,A,D,0,,,Y,,Y,,C,02,0,1,0,0,0,0,0,0,1,"- ","- ",37.386661529541016,-122.26510620117188,"SAN MATEO",UNINCORPORATED,-122.26499176025391,37.386837005615234
91493943,2021,2021-06-10,9330,2021-06-01,0820,022207,,2,1,5,4116,0,1,2,,2,038,"US-101 S/B","3RD AVENUE",2112.00,N,N,A,-,Y,,,101,,,,,,S,Y,3,0,1,1,A,-,08,22107,,N,E,I,A,A,H,-,A,D,0,,,,,Y,,A,08,0,1,0,0,0,0,0,0,0,"- ","- ",37.574489593505859,-122.3179931640625,"SAN MATEO","SAN MATEO",-122.31802368164062,37.574451446533203
91495304,2021,2021-06-11,9330,2021-05-21,1647,022575,,5,2,4,4115,0,1,2,,2,048,"US-101 S/B","WHIPPLE AVE",3100.00,N,N,A,-,Y,,,101,,,,,,S,N,4,0,1,3,A,-,03,22350,,N,C,C,A,A,D,-,A,D,0,,,,,Y,,A,01,0,0,1,0,0,0,0,0,0,"- ","- ",37.501228332519531,-122.2418212890625,"SAN MATEO","SAN CARLOS",-122.24186706542969,37.501178741455078
91495517,2021,2021-06-14,9335,2021-06-06,0153,022525,,7,3,5,4117,0,1,2,,2,012,"US-101 SB","GRAND AVENUE UNDERCROSSING",325.00,S,N,A,-,Y,,,101,,,,,,S,Y,4,0,1,2,A,-,01,23152,A,N,E,J,A,A,H,-,C,D,0,,,,,Y,Y,A,01,0,0,1,0,0,0,0,0,0,"- ","- ",37.653530120849609,-122.40708160400391,"SAN MATEO","SOUTH SAN FRANCISCO",-122.40713500976562,37.653530120849609
91495521,2021,2021-06-14,9335,2021-06-03,2300,022525,,4,3,2,4103,0,1,2,,2,012,"US-101 NB","ALANA WAY U/C",3160.00,S,N,A,-,Y,,,101,,,,,,N,Y,4,0,3,3,A,-,03,22350,,N,C,C,A,A,H,-,C,D,0,,,,,Y,,A,01,0,0,3,0,0,0,0,0,0,"- ","- ",37.700229644775391,-122.39304351806641,"SAN MATEO",BRISBANE,-122.39302825927734,37.700233459472656
91498105,2021,2021-06-16,9330,2021-05-28,0750,022190,,5,1,4,4120,0,1,3,,2,031,"SR-92 W/B","VINTAGE PARK DRIVE",300.00,E,N,A,-,Y,,,92,,,,,,W,Y,3,0,2,2,A,-,03,22350,,N,C,C,A,A,H,-,A,A,0,,,,,Y,,A,01,0,1,1,0,0,0,0,0,0,"- ","- ",37.56121826171875,-122.27745819091797,"SAN MATEO","FOSTER CITY",-122.27745819091797,37.561210632324219