CASE_ID,ACCIDENT_YEAR,PROC_DATE,JURIS,COLLISION_DATE,COLLISION_TIME,OFFICER_ID,REPORTING_DISTRICT,DAY_OF_WEEK,CHP_SHIFT,POPULATION,CNTY_CITY_LOC,SPECIAL_COND,BEAT_TYPE,CHP_BEAT_TYPE,CITY_DIVISION_LAPD,CHP_BEAT_CLASS,BEAT_NUMBER,PRIMARY_RD,SECONDARY_RD,DISTANCE,DIRECTION,INTERSECTION,WEATHER_1,WEATHER_2,STATE_HWY_IND,CALTRANS_COUNTY,CALTRANS_DISTRICT,STATE_ROUTE,ROUTE_SUFFIX,POSTMILE_PREFIX,POSTMILE,LOCATION_TYPE,RAMP_INTERSECTION,SIDE_OF_HWY,TOW_AWAY,COLLISION_SEVERITY,NUMBER_KILLED,NUMBER_INJURED,PARTY_COUNT,PRIMARY_COLL_FACTOR,PCF_CODE_OF_VIOL,PCF_VIOL_CATEGORY,PCF_VIOLATION,PCF_VIOL_SUBSECTION,HIT_AND_RUN,TYPE_OF_COLLISION,MVIW,PED_ACTION,ROAD_SURFACE,ROAD_COND_1,ROAD_COND_2,LIGHTING,CONTROL_DEVICE,CHP_ROAD_TYPE,PEDESTRIAN_ACCIDENT,BICYCLE_ACCIDENT,MOTORCYCLE_ACCIDENT,TRUCK_ACCIDENT,NOT_PRIVATE_PROPERTY,ALCOHOL_INVOLVED,STWD_VEHTYPE_AT_FAULT,CHP_VEHTYPE_AT_FAULT,COUNT_SEVERE_INJ,COUNT_VISIBLE_INJ,COUNT_COMPLAINT_PAIN,COUNT_PED_KILLED,COUNT_PED_INJURED,COUNT_BICYCLIST_KILLED,COUNT_BICYCLIST_INJURED,COUNT_MC_KILLED,COUNT_MC_INJURED,PRIMARY_RAMP,SECONDARY_RAMP,LATITUDE,LONGITUDE,COUNTY,CITY,POINT_X,POINT_Y
91568217,2021,2021-09-13,9330,2021-08-31,0940,022306,,2,1,4,4120,0,1,3,,1,035,"SR-92 WESTBOUND","SUBSTATION 4",4224.00,W,N,A,-,Y,,,92,,,,,,W,Y,4,0,1,2,A,-,08,22107,,N,B,2,A,B,H,-,A,D,0,,,,Y,Y,,A,01,0,0,1,0,0,0,0,0,0,"- ","- ",37.586658477783203,-122.24825286865234,"SAN MATEO","FOSTER CITY",-122.24824523925781,37.586650848388672
91568220,2021,2021-09-13,9330,2021-08-31,1920,021662,,2,2,9,4100,0,3,5,,2,406,"ELMER STREET","O'NEILL AVENUE",50.00,S,N,A,-,N,,,,,,,,,,Y,4,0,1,2,A,-,08,22107,,N,B,C,A,A,H,-,B,D,0,,,,,Y,,A,01,0,0,1,0,0,0,0,0,0,"- ","- ",37.519969940185547,-122.27203369140625,"SAN MATEO",UNINCORPORATED,-122.27202606201172,37.520053863525391
91569920,2021,2021-09-14,9330,2021-09-02,1549,016184,,4,2,9,4100,0,1,3,,1,011,"SR-92 EASTBOUND","CANADA RD.",30.00,W,N,A,-,Y,,,,,,,,,,Y,4,0,1,2,A,-,03,22350,,N,C,C,A,A,H,-,A,A,0,,,,,Y,,A,01,0,0,1,0,0,0,0,0,0,"- ","- ",37.500961303710938,-122.34159851074219,"SAN MATEO",UNINCORPORATED,-122.34140777587891,37.506927490234375
91569958,2021,2021-09-14,9330,2021-09-02,0653,021628,,4,1,4,4120,0,1,3,,1,035,"SR-92 W/B","FOSTER CITY BOULEVARD",4224.00,E,N,B,-,Y,,,92,,,,,,W,Y,4,0,1,2,A,-,07,21658,A,N,B,C,A,A,H,-,A,D,0,,,Y,,Y,,A,07,0,0,1,0,0,0,0,0,1,"- ","- ",37.572708129882812,-122.26351928710938,"SAN MATEO","FOSTER CITY",-122.26352691650391,37.572715759277344
91570240,2021,2021-09-14,9330,2021-09-01,1140,021145,,3,1,5,4116,0,1,2,,2,038,"US-101 S/B","BROADWAY AVENUE",850.00,S,N,A,-,Y,,,,,,,,,,Y,3,0,3,2,A,-,01,23153,F,N,B,2,A,A,D,-,A,D,0,,,,,Y,,A,07,0,3,0,0,0,0,0,0,0,"- ","- ",37.587799072265625,-122.35684967041016,"SAN MATEO","SAN MATEO",-122.35928344726562,37.588752746582031
91575202,2021,2021-09-21,9330,2021-09-10,0445,022042,,5,3,9,4100,0,1,1,,2,034,"I-280 N/B TO SR-92 E/B","SR-92 E/B",528.00,S,N,B,-,Y,,,,,,,,,,Y,4,0,1,1,A,-,08,22107,,N,E,8,A,A,H,-,C,D,0,,,,,Y,,A,01,0,0,1,0,0,0,0,0,0,"- ","- ",37.508979797363281,-122.33409118652344,"SAN MATEO",UNINCORPORATED,-122.33716583251953,37.506282806396484
91575304,2021,2021-09-21,9330,2021-09-10,0535,022575,,5,3,5,4116,0,1,2,,2,038,"US-101 N/B","3RD AVENUE",1200.00,S,N,A,-,Y,,,101,,,,,,N,N,4,0,1,2,A,-,07,21658,A,M,B,C,A,A,D,-,C,D,0,,,,,Y,,-,99,0,0,1,0,0,0,0,0,0,"- ","- ",37.56842041015625,-122.31109619140625,"SAN MATEO","SAN MATEO",-122.31114959716797,37.568367004394531
91576311,2021,2021-09-22,9330,2021-09-10,1835,022381,,5,2,5,4116,0,1,3,,2,031,"SR-92 W/B","DELAWARE STREET",360.00,E,N,A,-,Y,,,92,,,,,,W,Y,4,0,1,4,A,-,03,22350,,N,C,C,A,A,H,-,A,D,0,,,,,Y,,A,07,0,0,1,0,0,0,0,0,0,"- ","- ",37.552669525146484,-122.3038330078125,"SAN MATEO","SAN MATEO",-122.3038330078125,37.552707672119141
91577778,2021,2021-09-23,9330,2021-09-12,1156,022575,,7,1,5,4116,0,1,3,,2,031,"US-101 N/B FROM SR-92 E/B","SR-92 E/B",350.00,S,N,A,-,Y,,,101,,,,R,,N,Y,4,0,1,1,A,-,03,22350,,N,E,I,A,A,H,-,A,D,0,,,,,Y,,A,01,0,0,1,0,0,0,0,0,0,"- ","- ",37.552349090576172,-122.29403686523438,"SAN MATEO","SAN MATEO",-122.29403686523438,37.552349090576172
91578684,2021,2021-09-24,9330,2021-09-11,1126,022595,,6,1,5,4113,0,1,2,,2,048,"US-101 S/B","WHIPPLE AVE",3696.00,N,N,A,-,Y,,,,,,,,,,Y,4,0,1,2,A,-,07,21658,A,N,B,C,A,A,D,-,A,D,0,,,,,Y,,A,01,0,0,1,0,0,0,0,0,0,"- ","- ",37.502410888671875,-122.23251342773438,"SAN MATEO","REDWOOD CITY",-122.24309539794922,37.502250671386719
91578727,2021,2021-09-24,9330,2021-09-14,1725,021662,,2,2,5,4113,0,1,2,,2,048,"US-101 S/B","WHIPPLE AVENUE",3168.00,N,N,A,-,Y,,,101,,,,,,S,Y,3,0,2,2,A,-,03,22350,,N,C,C,A,A,D,-,A,D,0,,,,,Y,,D,22,0,2,0,0,0,0,0,0,0,"- ","- ",37.501300811767578,-122.24208831787109,"SAN MATEO","REDWOOD CITY",-122.24205017089844,37.5013427734375
91579104,2021,2021-09-24,9330,2021-09-15,1635,022244,,3,2,4,4102,0,1,2,,2,048,"US-101 N/B","RALSTON AVE",3696.00,N,N,A,-,Y,,,101,,,,,,N,N,4,0,1,2,A,-,03,22350,,N,C,2,A,A,H,-,A,D,0,,,,,Y,,A,01,0,0,1,0,0,0,0,0,0,"- ","- ",37.534599304199219,-122.27864074707031,"SAN MATEO",BELMONT,-122.27860260009766,37.534633636474609
91579279,2021,2021-09-24,9330,2021-07-26,1750,022590,,1,2,4,4115,0,1,2,,2,048,"US-101 N/B","HOLLY STREET",3696.00,S,N,A,-,Y,,,101,,,,,,N,Y,2,0,1,2,A,-,03,22350,,N,C,C,A,A,D,-,A,D,0,,,Y,,Y,,C,02,1,0,0,0,0,0,0,0,1,"- ","- ",37.50994873046875,-122.25145721435547,"SAN MATEO","SAN CARLOS",-122.25145721435547,37.509952545166016
91581132,2021,2021-09-28,9335,2021-09-14,1555,021886,,2,2,9,4100,0,1,2,,2,011,"US-101 S/B","W. FIELD RD.",766.00,S,N,A,-,Y,,,101,,,,,,S,Y,4,0,1,2,A,-,03,22350,,N,C,C,A,A,H,-,A,D,0,,,,,Y,,A,01,0,0,1,0,0,0,0,0,0,"- ","- ",37.619518280029297,-122.39955902099609,"SAN MATEO",UNINCORPORATED,-122.39963531494141,37.619495391845703
91581270,2021,2021-09-28,9330,2021-09-17,1635,022344,,5,2,4,4104,0,1,2,,2,038,"US-101 S/B",BROADWAY,2000.00,N,N,A,-,Y,,,101,,,,,,S,N,4,0,1,2,A,-,03,22350,,F,E,C,A,A,H,-,A,D,0,,,,,Y,,-,99,0,0,1,0,0,0,0,0,0,"- ","- ",37.593521118164062,-122.36663818359375,"SAN MATEO",BURLINGAME,-122.36667633056641,37.593471527099609
91582073,2021,2021-09-29,9330,2021-08-21,1750,022436,,6,2,9,4100,0,3,5,,2,505,"WILLIAMS AVENUE","SECOND AVENUE",0.00,,Y,A,-,N,,,,,,,,,,N,3,0,1,2,A,-,12,22450,A,N,D,G,A,D,H,-,A,D,0,,Y,,,Y,,L,04,0,1,0,0,0,0,1,0,0,"- ","- ",37.471588134765625,-122.20829772949219,"SAN MATEO",UNINCORPORATED,-122.20830535888672,37.471580505371094
91582076,2021,2021-09-29,9330,2021-08-22,2243,022141,,7,3,5,4113,0,1,2,,2,048,"US-101 SOUTHBOUND","WOODSIE ROAD (SR-84)",2112.00,N,N,A,-,Y,,,101,,,,,,S,N,3,0,1,1,A,-,01,23152,A,N,E,I,A,A,H,-,D,D,0,,,,,Y,Y,A,01,0,1,0,0,0,0,0,0,0,"- ","- ",37.491840362548828,-122.22042846679688,"SAN MATEO","REDWOOD CITY",-122.22041320800781,37.491878509521484
91583360,2021,2021-09-30,9330,2021-09-18,1720,022452,,6,2,9,4100,0,1,3,,1,021,"SR-84 (LA HONDA ROAD)","SYLVAN WAY",200.00,W,N,A,-,Y,,,84,,,,,,,N,2,0,1,1,A,-,08,22107,,N,F,A,A,A,H,-,A,D,0,,,Y,,Y,,C,02,1,0,0,0,0,0,0,0,1,"- ","- ",37.314849853515625,-122.29435729980469,"SAN MATEO",UNINCORPORATED,-122.29434967041016,37.314868927001953
91583600,2021,2021-09-30,9330,2021-09-21,1842,021662,,2,2,5,4116,0,1,2,,2,038,"US-101 N/B FROM 3RD AVE W/B","3RD AVENUE",550.00,N,N,A,-,Y,,,101,,,,R,,N,Y,4,0,1,2,A,-,03,22350,,N,C,C,A,A,D,-,C,A,0,,,,,Y,,A,07,0,0,1,0,0,0,0,0,0,"- ","- ",37.572338104248047,-122.31524658203125,"SAN MATEO","SAN MATEO",-122.31524658203125,37.572338104248047
91585589,2021,2021-10-01,9330,2021-09-20,0810,021979,,1,1,5,4113,0,1,2,,2,048,"US-101 SOUTHBOUND","WOODSIDE ROAD",1500.00,N,N,A,-,Y,,,101,,,,,,S,Y,3,0,1,3,A,-,03,22350,,N,C,C,A,A,H,-,A,D,0,,,,,Y,,A,07,0,1,0,0,0,0,0,0,0,"- ","- ",37.493648529052734,-122.22476196289062,"SAN MATEO","REDWOOD CITY",-122.22471618652344,37.493759155273438
91585708,2021,2021-10-01,9330,2021-08-23,1145,021979,,1,1,4,4115,0,1,2,,2,048,"US-101 S/B","HOLLY STREET",200.00,S,N,A,-,Y,,,101,,,,,,S,Y,3,0,1,2,A,-,03,22350,,F,C,C,A,A,H,-,A,D,0,,,,,Y,,-,99,0,1,0,0,0,0,0,0,0,"- ","- ",37.513648986816406,-122.25592041015625,"SAN MATEO","SAN CARLOS",-122.25592803955078,37.513641357421875
91588849,2021,2021-10-06,9330,2021-09-23,1449,021648,,4,2,4,4120,0,1,3,,1,035,"SR-92 E/B","FOSTER CITY BLVD",1754.00,E,N,A,-,Y,,,92,,,,,,E,Y,4,0,1,3,A,-,03,22350,,N,C,C,A,A,H,-,A,D,0,,,,,Y,,A,01,0,0,1,0,0,0,0,0,0,"- ","- ",37.566631317138672,-122.26969146728516,"SAN MATEO","FOSTER CITY",-122.26980590820312,37.566749572753906
91589573,2021,2021-10-06,9330,2021-09-27,0750,022169,,1,1,5,4113,0,1,2,,2,058,"US-101 S/B","SR-84 (WOODSIDE ROAD)",2640.00,S,N,A,-,Y,,,101,,,,,,S,N,4,0,1,2,A,-,03,22350,,N,C,C,A,A,H,-,A,D,0,,,,,Y,,D,22,0,0,1,0,0,0,0,0,0,"- ","- ",37.487270355224609,-122.20400238037109,"SAN MATEO","REDWOOD CITY",-122.20400238037109,37.487236022949219
91590680,2021,2021-10-07,9330,2021-08-24,2327,021953,,2,3,4,4120,0,1,3,,1,035,"SR-92 E/B","PIER ONE",9610.00,E,N,A,-,Y,,,92,,,,,,E,Y,2,0,2,3,A,-,09,21801,A,N,D,C,A,A,H,-,C,D,0,,,,Y,Y,,F,56,2,0,0,0,0,0,0,0,0,"- ","- ",37.591968536376953,-122.23895263671875,"SAN MATEO","FOSTER CITY",-122.23893737792969,37.591934204101562
91590848,2021,2021-10-07,9330,2021-08-21,1215,022595,,6,1,4,4115,0,1,2,,2,048,"US-101 N/B","WHIPPLE AVENUE",2640.00,N,N,A,-,Y,,,101,,,,,,N,Y,4,0,1,4,A,-,03,22350,,N,C,C,A,A,D,-,A,D,0,,,,,Y,,A,01,0,0,1,0,0,0,0,0,0,"- ","- ",37.500331878662109,-122.24069213867188,"SAN MATEO","SAN CARLOS",-122.24063110351562,37.500396728515625
91591623,2021,2021-10-08,9345,2021-10-02,1515,022168,,6,2,4,4109,0,1,3,,2,084,"STATE ROUTE 84 NORTHBOUND","SAN MATEO COUNTY LINE",2640.00,S,N,A,-,Y,,,84,,,,,,N,N,4,0,1,4,A,-,08,22107,,M,B,2,A,A,H,-,A,D,0,,,,,Y,,-,99,0,0,1,0,0,0,0,0,0,"- ","- ",37.496589660644531,-122.131591796875,"SAN MATEO","MENLO PARK",-122.13154602050781,37.496551513671875
91592286,2021,2021-10-29,9335,2021-09-04,1410,022241,,6,2,6,4106,0,1,3,,2,041,"SR-1 S/B","THE GATEWAY DRIVE UNDERCROSSING",1021.00,S,N,A,-,Y,,,1,,,,,,S,N,4,0,1,1,A,-,01,23152,F,N,E,I,A,A,H,-,A,D,0,,,,,Y,,A,07,0,0,1,0,0,0,0,0,0,"- ","- ",37.662879943847656,-122.48445892333984,"SAN MATEO","DALY CITY",-122.48452758789062,37.662834167480469
91592289,2021,2021-10-11,9335,2021-08-14,2130,022241,,6,2,2,4103,0,1,2,,2,012,"US-101 S/B","THE SIERRA POINT PARKWAY UNDERCROSSING",4280.00,N,N,A,-,Y,,,101,,,,,,S,Y,4,0,1,3,A,-,01,23152,A,N,B,C,A,A,H,-,C,D,0,,,,,Y,Y,A,07,0,0,1,0,0,0,0,0,0,"- ","- ",37.686641693115234,-122.39022827148438,"SAN MATEO",BRISBANE,-122.39023590087891,37.686637878417969
91592294,2021,2021-10-11,9335,2021-09-29,0725,017995,,3,1,2,4103,0,1,2,,2,012,"US-101 S/B","SOUTH SAN FRANCISCO OFF-RAMP",1000.00,N,N,A,-,Y,,,101,,,,,,S,Y,3,0,3,5,A,-,03,22350,,N,C,C,A,A,H,-,A,D,0,,,,,Y,,A,07,0,1,2,0,0,0,0,0,0,"- ","- ",37.670368194580078,-122.39228820800781,"SAN MATEO",BRISBANE,-122.39235687255859,37.670425415039062
91592349,2021,2021-10-11,9335,2021-09-26,1450,022241,,7,2,9,4100,0,1,3,,2,040,"SR-1 NB","1ST STREET",3985.00,N,N,A,-,Y,,,1,,,,,,N,N,3,0,1,1,A,-,03,22350,,N,E,I,A,A,H,-,A,D,0,,,Y,,Y,,C,02,0,1,0,0,0,0,0,0,1,"- ","- ",37.557048797607422,-122.51336669921875,"SAN MATEO",UNINCORPORATED,-122.51339721679688,37.557025909423828
91593601,2021,2021-10-11,9330,2021-09-30,1850,020554,,4,2,4,4127,0,1,2,,2,058,"US-101 N/B","UNIVERSITY AVE.",1584.00,S,N,A,-,Y,,,101,,,,,,N,N,4,0,2,2,A,-,08,22107,,N,B,2,A,A,H,-,B,D,0,,,,,Y,,A,07,0,0,2,0,0,0,0,0,0,"- ","- ",37.458019256591797,-122.1365966796875,"SAN MATEO","EAST PALO ALTO",-122.13658142089844,37.458045959472656
91593980,2021,2021-10-12,9330,2021-09-30,1530,016184,,4,2,9,4100,0,3,5,,2,305,"CRYSTAL SPRINGS RD.",I-280,5.00,W,N,A,-,N,,,,,,,,,,Y,3,0,1,1,A,-,03,22350,,N,F,A,A,A,H,-,A,D,0,,,,,Y,,A,07,0,1,0,0,0,0,0,0,0,"- ","- ",37.531440734863281,-122.36128234863281,"SAN MATEO",UNINCORPORATED,-122.3612060546875,37.531406402587891
91594262,2021,2021-10-12,9330,2021-09-07,1245,020646,,2,1,9,4100,0,1,3,,1,011,SR-92,"LOWER SR-35",5280.00,W,N,A,-,Y,,,92,,,,,,,Y,3,0,1,1,A,-,03,22350,,N,E,I,A,A,H,-,A,D,0,,,,Y,Y,,G,25,0,1,0,0,0,0,0,0,0,"- ","- ",37.500541687011719,-122.35672760009766,"SAN MATEO",UNINCORPORATED,-122.35677337646484,37.500530242919922
91594303,2021,2021-10-12,9330,2021-09-30,1835,022515,,4,2,4,4127,0,1,2,,2,058,"US-101 N/B","WILLOW ROAD",1742.00,S,N,A,-,Y,,,101,,,,,,N,Y,4,0,1,1,A,-,08,22107,,N,E,I,A,A,H,-,A,A,0,,,,,Y,,A,01,0,0,1,0,0,0,0,0,0,"- ","- ",37.466140747070312,-122.15013122558594,"SAN MATEO","EAST PALO ALTO",-122.15018463134766,37.466045379638672
91595322,2021,2021-10-13,9330,2021-07-13,2500,021315,,2,4,9,4100,0,1,3,,1,020,"SR-1 (CABRILLO HIGHWAY)","SR-84 (LA HONDA ROAD)",7392.00,S,N,B,-,Y,,,1,,,,,,,Y,1,1,0,1,A,-,08,22107,,N,F,A,A,A,H,-,D,D,0,,,,,Y,,D,22,0,0,0,0,0,0,0,0,0,"- ","- ",37.305011749267578,-122.40548706054688,"SAN MATEO",UNINCORPORATED,-122.40467071533203,37.305004119873047
91595666,2021,2021-10-13,9335,2021-09-06,0715,017995,,1,1,9,4100,0,1,2,,2,011,"US-101 S/B (SFO CONNECTOR ROAD)","THE SFO OFF-RAMP",2100.00,N,N,A,-,Y,,,101,,,,,,S,Y,3,0,2,2,A,-,07,21658,A,N,B,C,A,A,H,-,A,D,0,,,,,Y,,A,07,0,2,0,0,0,0,0,0,0,"- ","- ",37.623519897460938,-122.40126037597656,"SAN MATEO",UNINCORPORATED,-122.40103149414062,37.623600006103516
91595821,2021,2021-10-14,9330,2021-10-01,1655,022590,,5,2,5,4116,0,1,2,,2,048,"US-101 N/B","EAST HILLSDALE BOULEVARD",3696.00,S,N,A,-,Y,,,101,,,,,,N,N,4,0,1,3,A,-,03,22350,,N,C,C,A,A,D,-,A,D,0,,,,,Y,,D,22,0,0,1,0,0,0,0,0,0,"- ","- ",37.535800933837891,-122.27955627441406,"SAN MATEO","SAN MATEO",-122.27963256835938,37.535732269287109
91595831,2021,2021-10-14,9335,2021-10-12,0835,021099,,2,1,5,4117,0,1,1,,2,020,"I-280 S/B","AVALON DR U/C",1320.00,S,N,A,-,Y,,,280,,,,,,S,N,3,0,1,2,A,-,03,22350,,N,C,C,A,A,H,-,A,D,0,,,,,Y,,A,01,0,1,0,0,0,0,0,0,0,"- ","- ",37.634819030761719,-122.43914794921875,"SAN MATEO","SOUTH SAN FRANCISCO",-122.43901062011719,37.634880065917969
91596074,2021,2021-10-14,9330,2021-10-03,1650,022381,,7,2,5,4116,0,1,2,,2,048,"US-101 N/B","EAST HILLSDALE BOULEVARD OVERCROSSING",3696.00,S,N,A,-,Y,,,101,,,,,,N,Y,3,0,1,1,A,-,08,22107,,N,F,A,A,A,A,D,A,D,0,,,Y,,Y,,C,02,0,1,0,0,0,0,0,0,1,"- ","- ",37.535720825195312,-122.27967834472656,"SAN MATEO","SAN MATEO",-122.27964782714844,37.535751342773438
91597698,2021,2021-10-15,9330,2021-10-06,1515,019764,,3,2,5,4116,0,1,2,,2,048,"US-101 N/B","E. HILLSDALE BLVD",180.00,S,N,B,-,Y,,,101,,,,,,N,N,4,0,1,2,A,-,03,22350,,N,C,C,A,A,D,-,A,D,0,,,,,Y,,A,01,0,0,1,0,0,0,0,0,0,"- ","- ",37.544139862060547,-122.28736114501953,"SAN MATEO","SAN MATEO",-122.28733062744141,37.544162750244141
91598327,2021,2021-10-18,9335,2021-08-30,0840,018399,,1,1,6,4106,0,1,A,,2,748,"1500 SULLIVAN AVE, DALY CITY, CA 94015","BRYANT ST",63.00,E,N,B,-,N,,,,,,,,,,N,4,0,1,2,A,-,21,22106,,N,G,B,E,A,H,-,A,D,0,Y,,,,Y,,A,01,0,0,1,0,1,0,0,0,0,"- ","- ",37.411930084228516,-122.2822265625,"SAN MATEO","DALY CITY",-122.13979339599609,37.432384490966797
91598489,2021,2021-10-18,9335,2021-09-02,0245,021474,,4,3,2,4103,0,1,2,,2,012,"US-101 S/B","ALANA WAY",935.00,S,N,A,-,Y,,,101,,,,,,S,N,4,0,3,2,A,-,03,22350,,M,C,C,A,A,D,-,D,A,0,,,,,Y,,-,99,0,0,3,0,0,0,0,0,0,"- ","- ",37.706188201904297,-122.39459991455078,"SAN MATEO",BRISBANE,-122.39463806152344,37.706180572509766
91599583,2021,2021-10-18,9330,2021-10-06,0515,020646,,3,3,9,4100,0,1,3,,2,042,SR-35,"MUDDY RD",1584.00,S,N,B,E,Y,,,35,,,,,,,Y,4,0,1,1,A,-,08,22107,,N,E,8,A,A,H,-,D,D,0,,,,,Y,,A,01,0,0,1,0,0,0,0,0,0,"- ","- ",37.474349975585938,-122.35752868652344,"SAN MATEO",UNINCORPORATED,-122.35751342773438,37.474357604980469
91599686,2021,2021-10-19,9330,2021-10-06,0840,021942,,3,1,5,4116,0,1,2,,2,038,"US-101 SB",SR-92,1056.00,N,N,A,-,Y,,,101,,,,,,S,N,4,0,1,3,A,-,03,22350,,N,C,C,A,A,D,-,A,D,0,,,,,Y,,A,01,0,0,1,0,0,0,0,0,0,"- ","- ",37.555538177490234,-122.29824829101562,"SAN MATEO","SAN MATEO",-122.29830932617188,37.555484771728516
91599898,2021,2021-10-19,9330,2021-10-09,0151,022436,,6,3,5,4116,0,1,2,,2,048,"US-101 S/B","HILLSDALE BOULEVARD",528.00,S,N,B,-,Y,,,101,,,,,,S,Y,3,0,1,1,A,-,01,23152,A,N,E,J,A,A,D,-,C,D,0,,,,,Y,Y,A,01,0,1,0,0,0,0,0,0,0,"- ","- ",37.543128967285156,-122.28684234619141,"SAN MATEO","SAN MATEO",-122.28682708740234,37.543144226074219
91599908,2021,2021-10-19,9330,2021-04-06,2240,021953,,2,3,4,4104,0,1,2,,2,038,"US-101 N/B","MILLBRAE AVENUE",2640.00,S,N,A,-,Y,,,101,,,,,,N,N,1,1,0,2,A,-,11,21954,A,N,G,B,D,A,D,-,C,D,0,Y,,,,Y,,N,60,0,0,0,1,0,0,0,0,0,"- ","- ",37.597751617431641,-122.37290191650391,"SAN MATEO",BURLINGAME,-122.37287902832031,37.5977783203125
91601635,2021,2021-10-20,9330,2021-10-08,0130,022504,,5,3,5,4116,0,1,2,,2,038,"US-101 N/B","PENINSULA AVENUE",1056.00,S,N,A,-,Y,,,101,,,,,,N,Y,3,0,1,3,A,-,01,23152,A,N,C,C,A,A,D,-,D,D,0,,,,,Y,Y,A,01,0,1,0,0,0,0,0,0,0,"- ","- ",37.581478118896484,-122.32537841796875,"SAN MATEO","SAN MATEO",-122.32538604736328,37.581470489501953
91602177,2021,2021-10-21,9330,2021-10-09,1022,022344,,6,1,5,4116,0,1,2,,2,038,"US-101 (BAYSHORE FREEWAY) N/B","PENINSULA AVE",250.00,S,N,A,-,Y,,,101,,,,,,N,N,4,0,1,3,A,-,03,22350,,F,C,C,A,A,D,-,A,D,0,,,,,Y,,A,07,0,0,1,0,0,0,0,0,0,"- ","- ",37.583751678466797,-122.32797241210938,"SAN MATEO","SAN MATEO",-122.32790374755859,37.583820343017578
91602529,2021,2021-10-21,9330,2021-09-12,1740,022590,,7,2,4,4115,0,1,2,,2,048,"US-101 S/B","HOLLY STREET",2500.00,N,N,A,-,Y,,,101,,,,,,S,Y,2,0,1,2,A,-,01,23152,A,M,B,C,A,A,D,-,A,D,0,,,Y,,Y,Y,C,02,1,0,0,0,0,0,0,0,1,"- ","- ",37.518978118896484,-122.26203155517578,"SAN MATEO","SAN CARLOS",-122.26199340820312,37.519020080566406
91602619,2021,2021-10-21,9330,2021-10-10,0520,022515,,7,3,9,4100,0,1,1,,2,054,"I-280 N/B","SR-84 (WOODSIDE ROAD)",2217.00,N,N,A,-,Y,,,,,,,,,,Y,4,0,1,1,C,-,18,,,N,H,H,A,A,H,-,D,D,0,,,,,Y,,-,"- ",0,0,1,0,0,0,0,0,0,"- ","- ",37.439949035644531,-122.2486572265625,"SAN MATEO",UNINCORPORATED,-122.24501037597656,37.437000274658203
91603223,2021,2021-10-21,9330,2021-10-11,1545,021662,,1,2,5,4116,0,1,2,,2,038,"US-101 S/B","3RD AVENUE",20.00,N,N,A,-,Y,,,101,,,,,,S,Y,4,0,1,2,D,-,00,,,N,B,C,A,A,D,-,A,D,0,,,,,Y,,-,"- ",0,0,1,0,0,0,0,0,0,"- ","- ",37.570930480957031,-122.314208984375,"SAN MATEO","SAN MATEO",-122.314208984375,37.570930480957031
91603546,2021,2021-10-22,9330,2021-10-12,1825,016184,,2,2,5,4116,0,1,3,,2,031,"SR-92 WESTBOUND","W. HILLSDALE BLVD.",1056.00,E,N,A,-,Y,,,92,,,,,,W,N,4,0,2,1,C,-,18,,,N,E,H,A,A,H,-,B,D,0,,,,,Y,,-,"- ",0,0,2,0,0,0,0,0,0,"- ","- ",37.535770416259766,-122.32917785644531,"SAN MATEO","SAN MATEO",-122.32919311523438,37.535770416259766
91603908,2021,2021-10-22,9335,2021-09-05,1745,022179,,7,2,5,4117,0,1,2,,2,012,"US-101 S/B TO SOUTH SAN FRANCISCO","AIRPORT BLVD",30.00,N,N,A,-,Y,,,101,,,,R,,S,Y,4,0,1,2,A,-,08,22107,,M,B,C,A,A,H,-,A,A,0,,,,,Y,,A,01,0,0,1,0,0,0,0,0,0,"- ","- ",37.667671203613281,-122.39562225341797,"SAN MATEO","SOUTH SAN FRANCISCO",-122.39562225341797,37.667671203613281
91604259,2021,2021-10-25,9330,2021-10-12,2200,022042,,2,3,5,4116,0,1,2,,2,038,"US-101 N/B FROM 3RD AVENUE","3RD AVENUE",645.00,N,N,A,-,Y,,,101,,,,R,,N,Y,3,0,1,2,A,-,03,22350,,N,C,C,A,A,D,-,C,D,0,,,Y,,Y,,C,02,0,1,0,0,0,0,0,0,1,"- ","- ",37.572479248046875,-122.31545257568359,"SAN MATEO","SAN MATEO",-122.31545257568359,37.572479248046875