CASE_ID,ACCIDENT_YEAR,PROC_DATE,JURIS,COLLISION_DATE,COLLISION_TIME,OFFICER_ID,REPORTING_DISTRICT,DAY_OF_WEEK,CHP_SHIFT,POPULATION,CNTY_CITY_LOC,SPECIAL_COND,BEAT_TYPE,CHP_BEAT_TYPE,CITY_DIVISION_LAPD,CHP_BEAT_CLASS,BEAT_NUMBER,PRIMARY_RD,SECONDARY_RD,DISTANCE,DIRECTION,INTERSECTION,WEATHER_1,WEATHER_2,STATE_HWY_IND,CALTRANS_COUNTY,CALTRANS_DISTRICT,STATE_ROUTE,ROUTE_SUFFIX,POSTMILE_PREFIX,POSTMILE,LOCATION_TYPE,RAMP_INTERSECTION,SIDE_OF_HWY,TOW_AWAY,COLLISION_SEVERITY,NUMBER_KILLED,NUMBER_INJURED,PARTY_COUNT,PRIMARY_COLL_FACTOR,PCF_CODE_OF_VIOL,PCF_VIOL_CATEGORY,PCF_VIOLATION,PCF_VIOL_SUBSECTION,HIT_AND_RUN,TYPE_OF_COLLISION,MVIW,PED_ACTION,ROAD_SURFACE,ROAD_COND_1,ROAD_COND_2,LIGHTING,CONTROL_DEVICE,CHP_ROAD_TYPE,PEDESTRIAN_ACCIDENT,BICYCLE_ACCIDENT,MOTORCYCLE_ACCIDENT,TRUCK_ACCIDENT,NOT_PRIVATE_PROPERTY,ALCOHOL_INVOLVED,STWD_VEHTYPE_AT_FAULT,CHP_VEHTYPE_AT_FAULT,COUNT_SEVERE_INJ,COUNT_VISIBLE_INJ,COUNT_COMPLAINT_PAIN,COUNT_PED_KILLED,COUNT_PED_INJURED,COUNT_BICYCLIST_KILLED,COUNT_BICYCLIST_INJURED,COUNT_MC_KILLED,COUNT_MC_INJURED,PRIMARY_RAMP,SECONDARY_RAMP,LATITUDE,LONGITUDE,COUNTY,CITY,POINT_X,POINT_Y
91605193,2021,2021-10-25,9330,2021-09-20,0655,021979,,1,1,9,4100,0,3,5,,2,505,"SR-82 (EL CAMINO REAL)","SR-82 (EL CAMINO REAL) AND MIDDLEFIELD ROAD",0.00,,Y,A,-,Y,,,82,,,,,,,N,3,0,1,2,D,-,00,,,N,D,C,A,A,H,-,B,A,0,,,Y,,Y,,-,"- ",0,1,0,0,0,0,0,0,1,"- ","- ",37.467250823974609,-122.20896148681641,"SAN MATEO",UNINCORPORATED,-122.20901489257812,37.467174530029297
91605540,2021,2021-10-25,9345,2021-10-11,2140,022662,,1,2,4,4109,0,1,3,,2,084,"SR-84 NORTHBOUND","UNIVERSITY AVENUE",6864.00,N,N,A,-,Y,,,84,,,,,,N,N,4,0,1,2,A,-,03,22350,,N,C,C,A,A,H,-,C,D,0,,,,,Y,,A,08,0,0,1,0,0,0,0,0,0,"- ","- ",37.50067138671875,-122.126220703125,"SAN MATEO","MENLO PARK",-122.12623596191406,37.500698089599609
91605943,2021,2021-10-26,9330,2021-10-14,2020,021594,,4,2,9,4100,0,1,1,,2,044,"I-280 S/B","GATE ROAD (VISTA POINT 3)",1348.00,S,N,A,-,Y,,,280,,,,,,S,Y,4,0,1,2,A,-,07,21658,A,N,D,C,A,A,H,-,D,D,0,,,,,Y,,A,07,0,0,1,0,0,0,0,0,0,"- ","- ",37.495601654052734,-122.30986022949219,"SAN MATEO",UNINCORPORATED,-122.30989837646484,37.495464324951172
91607262,2021,2021-10-27,9330,2021-10-16,0340,022141,,6,3,5,4116,0,1,3,,2,031,"SR-92 EASTBOUND",US-101,1584.00,E,N,A,-,Y,,,92,,,,,,E,Y,3,0,1,1,A,-,08,22107,,N,E,I,A,D,H,-,D,D,0,,,,,Y,,A,01,0,1,0,0,0,0,0,0,0,"- ","- ",37.553909301757812,-122.2911376953125,"SAN MATEO","SAN MATEO",-122.29116821289062,37.554039001464844
91607267,2021,2021-10-27,9330,2021-10-16,1230,022306,,6,1,9,4100,0,1,3,,2,042,SR-35,"KINGS MOUNTAIN ROAD",528.00,S,N,A,-,N,,,35,,,,,,,N,3,0,1,2,A,-,06,21750,A,N,C,G,A,A,H,-,A,D,0,,Y,,Y,Y,,F,26,0,1,0,0,0,0,1,0,0,"- ","- ",37.423931121826172,-122.31597137451172,"SAN MATEO",UNINCORPORATED,-122.31597137451172,37.423969268798828
91608107,2021,2021-10-27,9330,2021-10-17,2310,022436,,7,3,5,4116,0,1,2,,2,048,"US-101 N/B","HILLSDALE BOULEVARD",2112.00,S,N,B,-,Y,,,101,,,,,,N,Y,4,0,1,4,A,-,03,22350,,N,C,C,A,B,D,-,C,D,0,,,,,Y,,A,01,0,0,1,0,0,0,0,0,0,"- ","- ",37.539871215820312,-122.28340148925781,"SAN MATEO","SAN MATEO",-122.28341674804688,37.53985595703125
91608592,2021,2021-10-28,9330,2021-10-18,0705,020646,,1,1,9,4100,0,1,3,,1,011,SR-92,"UPPER SR-35",3696.00,E,N,B,-,Y,,,92,,,,,,,Y,4,0,1,2,A,-,08,22107,,N,D,C,A,B,H,-,A,D,0,,,,,Y,,A,01,0,0,1,0,0,0,0,0,0,"- ","- ",37.499248504638672,-122.35986328125,"SAN MATEO",UNINCORPORATED,-122.35986328125,37.499248504638672
91608645,2021,2021-10-28,9335,2021-10-20,2040,020991,,3,2,6,4106,0,1,1,,2,021,"I-280 S/B","WASHINGTON ST. OVERCROSSING",398.00,N,N,C,-,Y,,,280,,,,,,S,Y,4,0,2,2,A,-,08,22107,,N,D,C,A,B,H,-,D,D,0,,,,,Y,,A,01,0,0,2,0,0,0,0,0,0,"- ","- ",37.689041137695312,-122.47081756591797,"SAN MATEO","DALY CITY",-122.47069549560547,37.689002990722656
91608847,2021,2021-10-28,9330,2021-10-18,0045,022185,,1,3,9,4100,0,3,5,,2,405,"BREWSTER AVENUE","ALAMEDA DE LAS PULGAS",10.00,W,N,C,-,N,,,,,,,,,,N,4,0,1,1,A,-,08,22107,,M,E,I,A,B,H,-,C,D,0,,,,,Y,,A,01,0,0,1,0,0,0,0,0,0,"- ","- ",37.475021362304688,-122.25138854980469,"SAN MATEO",UNINCORPORATED,-122.25125122070312,37.475147247314453
91610304,2021,2021-10-28,9335,2021-10-17,1430,022326,,7,2,5,4117,0,1,2,,2,012,"US-101 S/B TO BAYSHORE BOULEVARD","BAYSHORE BOULEVARD",105.00,N,N,A,-,Y,,,101,,,,R,,S,N,4,0,1,2,A,-,05,21651,B,M,A,C,A,A,H,-,A,D,0,,,,,Y,,-,99,0,0,1,0,0,0,0,0,0,"- ","- ",37.667648315429688,-122.39536285400391,"SAN MATEO","SOUTH SAN FRANCISCO",-122.39536285400391,37.667648315429688
91610618,2021,2021-10-29,9335,2021-10-17,1915,022241,,7,2,9,4100,0,3,5,,2,001,"SR-35 S/B","OLYMPIC WAY",924.00,N,N,B,C,Y,,,35,,,,,,S,Y,3,0,1,1,A,-,08,22107,,N,E,I,A,B,H,-,D,D,0,,,,,Y,,A,01,0,1,0,0,0,0,0,0,0,"- ","- ",37.704559326171875,-122.49781036376953,"SAN MATEO",UNINCORPORATED,-122.49786376953125,37.704536437988281
91610764,2021,2021-10-29,9330,2021-10-19,1600,021594,,2,2,5,4116,0,1,2,,2,048,"US-101 N/B","HILLSDALE BOULEVARD",2112.00,S,N,A,-,Y,,,101,,,,,,N,N,4,0,1,2,A,-,03,22350,,N,C,C,A,A,D,-,A,D,0,,,,,Y,,D,22,0,0,1,0,0,0,0,0,0,"- ","- ",37.539951324462891,-122.28352355957031,"SAN MATEO","SAN MATEO",-122.28350830078125,37.539958953857422
91610843,2021,2021-10-29,9330,2021-10-19,1732,019764,,2,2,4,4120,0,1,3,,1,035,"SR-92 W/B","E/B PULLOUT #1",382.00,W,N,B,-,Y,,,92,,,,,,W,Y,3,0,3,2,A,-,03,22350,,N,C,C,A,A,H,-,A,D,0,,,,,Y,,A,01,0,2,1,0,0,0,0,0,0,"- ","- ",37.591709136962891,-122.24021148681641,"SAN MATEO","FOSTER CITY",-122.24021148681641,37.591709136962891
91610945,2021,2021-10-29,9335,2021-10-21,1105,019581,,4,1,9,4100,0,1,3,,2,040,SR-1,"TOM LANTOS TUNNEL",2170.00,N,N,B,-,Y,,,1,,,,,,,Y,2,0,4,2,A,-,08,22107,,N,A,C,A,B,H,-,A,D,0,,,,Y,Y,,F,27,1,3,0,0,0,0,0,0,0,"- ","- ",37.586509704589844,-122.50424957275391,"SAN MATEO",UNINCORPORATED,-122.50424194335938,37.586509704589844
91611493,2021,2021-11-01,9330,2021-10-20,2220,022098,,3,3,5,4113,0,1,2,,2,058,"US-101 SOUTHBOUND FROM SR-84 (WOODSIDE ROAD)","SR-84 (WOODSIDE ROAD)",665.00,S,N,B,C,Y,,,101,,,,R,,S,Y,4,0,1,1,A,-,03,22350,,N,F,A,A,B,H,-,C,D,0,,,,,Y,,D,22,0,0,1,0,0,0,0,0,0,"- ","- ",37.488040924072266,-122.21134185791016,"SAN MATEO","REDWOOD CITY",-122.21134185791016,37.488040924072266
91613532,2021,2021-11-02,9330,2021-10-21,2033,021662,,4,2,5,4116,0,1,2,,2,038,"US-101 N/B","MONTE DIABLO CROSSING OVER-CROSSING",50.00,S,N,A,-,Y,,,101,,,,,,N,N,3,0,1,2,C,-,18,,,N,H,3,A,A,H,-,D,D,0,,,,,Y,,-,"- ",0,1,0,0,0,0,0,0,0,"- ","- ",37.576160430908203,-122.31989288330078,"SAN MATEO","SAN MATEO",-122.31977081298828,37.576290130615234
91613702,2021,2021-11-02,9345,2021-10-24,1345,022131,,7,1,4,4109,0,1,3,,2,084,"SR 84 SOUTHBOUND","UNIVERSITY AVENUE",40.00,N,N,B,C,Y,,,84,,,,,,S,N,4,0,1,2,A,-,03,22350,,M,C,C,A,B,H,-,A,A,0,,,,,Y,Y,-,99,0,0,1,0,0,0,0,0,0,"- ","- ",37.486629486083984,-122.14253997802734,"SAN MATEO","MENLO PARK",-122.14255523681641,37.486644744873047
91614438,2021,2021-11-03,9330,2021-10-22,0530,022200,,5,3,9,4100,0,1,1,,2,034,"I-280 S/B",SR-92,2112.00,N,N,C,-,Y,,,280,,,,,,S,Y,3,0,1,1,A,-,03,22350,,N,E,I,A,B,H,-,D,D,0,,,,,Y,,A,01,0,1,0,0,0,0,0,0,0,"- ","- ",37.510311126708984,-122.34416961669922,"SAN MATEO",UNINCORPORATED,-122.34421539306641,37.510242462158203
91614767,2021,2021-11-03,9345,2021-10-27,1650,021693,,3,2,4,4109,0,1,3,,2,084,"SR-84 NORTHBOUND","ALAMEDA COUNTY LINE",528.00,S,N,A,-,Y,,,84,,,,,,N,Y,4,0,1,2,A,-,03,22350,,N,C,C,A,A,H,-,A,D,0,,,,,Y,,A,01,0,0,1,0,0,0,0,0,0,"- ","- ",37.498638153076172,-122.129150390625,"SAN MATEO","MENLO PARK",-122.12913513183594,37.498619079589844
91614770,2021,2021-11-03,9335,2021-10-23,2310,021754,,6,3,4,4114,0,1,1,,2,020,"I-280 N/B","SNEATH LANE O/C",1840.00,N,N,C,-,Y,,,280,,,,,,N,N,4,0,1,1,A,-,08,22107,,N,E,I,A,B,H,-,D,D,0,,,,,Y,,A,01,0,0,1,0,0,0,0,0,0,"- ","- ",37.634578704833984,-122.43865966796875,"SAN MATEO","SAN BRUNO",-122.43870544433594,37.634559631347656
91615343,2021,2021-11-04,9330,2021-10-22,0555,022200,,5,3,9,4100,0,1,1,,2,034,"I-280 N/B","BUNKER HILL DRIVE",1584.00,N,N,C,-,Y,,,280,,,,,,N,Y,2,0,2,2,A,-,03,22350,,N,A,C,A,B,F,-,D,D,0,,,,,Y,,A,07,2,0,0,0,0,0,0,0,0,"- ","- ",37.527988433837891,-122.35939025878906,"SAN MATEO",UNINCORPORATED,-122.35945892333984,37.527957916259766
91616554,2021,2021-11-04,9330,2021-10-24,0820,022515,,7,1,3,4110,0,1,2,,2,048,"I-280 S/B","SR-35 OVERCROSSING",347.00,S,N,C,-,Y,,,,,,,,,,N,3,0,2,2,A,-,03,22350,,N,C,C,A,B,C,-,A,D,0,,,,,Y,,A,07,0,2,0,0,0,0,0,0,0,"- ","- ",37.614421844482422,-122.42471313476562,"SAN MATEO",MILLBRAE,-122.42457580566406,37.600292205810547
91616580,2021,2021-11-04,9330,2021-10-25,0455,022367,,1,3,9,4100,0,1,1,,2,034,"I-280 SOUTHBOUND","TROUSDALE DRIVE",3000.00,S,N,C,-,Y,,,280,,,,,,S,Y,4,0,1,1,A,-,03,22350,,N,E,8,A,B,H,-,D,D,0,,,,,Y,,A,01,0,0,1,0,0,0,0,0,0,"- ","- ",37.573379516601562,-122.39969635009766,"SAN MATEO",UNINCORPORATED,-122.3997802734375,37.573322296142578
91617180,2021,2021-11-05,9330,2021-10-27,0835,021628,,3,1,5,4113,0,1,2,,2,048,"US-101 SOUTHBOUND","MAPLE STREET",100.00,S,N,A,-,Y,,,101,,,,,,S,Y,4,0,2,2,A,-,03,22350,,N,C,C,A,A,H,-,A,D,0,,,,,Y,,-,"- ",0,0,2,0,0,0,0,0,0,"- ","- ",37.491840362548828,-122.22039031982422,"SAN MATEO","REDWOOD CITY",-122.22038269042969,37.491863250732422
91617183,2021,2021-11-05,9335,2021-10-26,2040,021424,,2,2,6,4106,0,1,3,,2,041,"SR-1 S/B TO SR-35 N/B","LAKESHIRE DRIVE",328.00,S,N,B,-,Y,,,1,,,,R,,S,Y,2,0,3,1,A,-,08,22107,,N,E,I,A,A,H,-,C,D,0,,,,,Y,,D,22,1,2,0,0,0,0,0,0,0,"- ","- ",37.669929504394531,-122.48436737060547,"SAN MATEO","DALY CITY",-122.48436737060547,37.669929504394531
91617902,2021,2021-11-08,9335,2021-10-27,2200,021301,,3,3,6,4106,0,1,1,,2,021,"GUADALUPE CANYON PKY","PRICE ST",3062.00,E,N,A,-,Y,,,,,,,,,,Y,3,0,1,1,A,-,08,22107,,N,H,A,A,A,H,-,D,D,0,,,,,Y,,A,07,0,1,0,0,0,0,0,0,0,"- ","- ",37.701301574707031,-122.44940185546875,"SAN MATEO","DALY CITY",-122.44973754882812,37.700851440429688
91619063,2021,2021-11-08,9330,2021-10-28,1200,022306,,4,1,9,4100,0,3,5,,2,511,"ALPINE ROAD","I-280 N/B FROM ALPINE ROAD",0.00,,Y,A,-,N,,,,,,,,,,Y,4,0,1,2,A,-,12,22450,A,N,D,C,A,A,H,-,A,A,0,,,,Y,Y,,F,26,0,0,1,0,0,0,0,0,0,"- ","- ",37.410190582275391,-122.19468688964844,"SAN MATEO",UNINCORPORATED,,
91620318,2021,2021-11-09,9330,2021-10-29,1300,022306,,5,1,9,4100,0,3,5,,2,105,SR-1,"VIRGINIA AVENUE",0.00,,Y,E,-,Y,,,1,,,,,,,Y,3,0,1,3,A,-,09,21801,A,N,A,C,A,A,H,-,A,D,0,,,,,Y,,A,07,0,1,0,0,0,0,0,0,0,"- ","- ",37.526840209960938,-122.51278686523438,"SAN MATEO",UNINCORPORATED,-122.51277160644531,37.52685546875
91620954,2021,2021-11-09,9330,2021-10-22,1631,022589,,5,2,9,4100,0,3,5,,2,002,"LOBITOS CREEK CUTOFF","VERDE ROAD",450.00,E,N,B,-,N,,,,,,,,,,N,3,0,1,1,A,-,08,22107,,N,F,A,A,A,H,-,A,D,0,,,Y,,Y,,C,02,0,1,0,0,0,0,0,0,1,"- ","- ",37.382179260253906,-122.39833831787109,"SAN MATEO",UNINCORPORATED,-122.39889526367188,37.382362365722656
91620988,2021,2021-11-09,9330,2021-10-29,0955,022344,,5,1,4,4102,0,1,2,,2,048,"US-101 N/B","E. HILLSDALE BOULEVARD",1135.00,S,N,A,-,Y,,,,,,,,,,N,3,0,1,2,A,-,03,22350,,N,C,C,A,A,D,-,A,D,0,,,,,Y,,A,08,0,1,0,0,0,0,0,0,0,"- ","- ",37.541999816894531,-122.28543853759766,"SAN MATEO",BELMONT,-122.28555297851562,37.542121887207031
91621870,2021,2021-11-10,9330,2021-10-10,1750,022394,,7,2,5,4116,0,1,2,,2,048,"US-101 NB","EAST HILLSDALE BOULEVARD",1584.00,S,N,A,-,Y,,,101,,,,,,N,N,2,0,1,1,A,-,01,23152,A,N,E,I,A,A,H,-,A,D,0,,,,,Y,Y,A,01,1,0,0,0,0,0,0,0,0,"- ","- ",37.541221618652344,-122.28459930419922,"SAN MATEO","SAN MATEO",-122.28464508056641,37.541175842285156
91622084,2021,2021-11-11,9330,2021-10-23,1440,022394,,6,2,4,4115,0,1,2,,2,048,"US-101 SOUTHBOUND","HOLLY STREET",1056.00,N,N,B,-,Y,,,101,,,,,,S,Y,3,0,1,2,A,-,03,22350,,N,C,C,A,A,D,-,A,D,0,,,,,Y,,A,01,0,1,0,0,0,0,0,0,0,"- ","- ",37.516510009765625,-122.25910186767578,"SAN MATEO","SAN CARLOS",-122.25912475585938,37.5164794921875
91623583,2021,2021-11-15,9330,2021-11-01,2230,021953,,1,3,4,4104,0,1,2,,2,038,"US-101 S/B","PENINSULA AVENUE",2640.00,N,N,B,-,Y,,,101,,,,,,S,N,4,0,1,2,A,-,01,23152,A,N,C,C,A,B,D,-,C,D,0,,,,,Y,Y,A,01,0,0,1,0,0,0,0,0,0,"- ","- ",37.586719512939453,-122.33686828613281,"SAN MATEO",BURLINGAME,-122.33686828613281,37.586704254150391
91623781,2021,2021-11-15,9335,2021-09-28,2140,021301,,2,2,6,4106,0,1,1,,2,021,"I-280 S/B","HICKEY BLVD UNDER-CROSSING",1267.00,N,N,A,-,Y,,,280,,,,,,S,Y,4,0,2,2,A,-,07,21658,A,N,B,2,A,A,H,-,C,D,0,,,,,Y,,A,07,0,0,2,0,0,0,0,0,0,"- ","- ",37.667301177978516,-122.46589660644531,"SAN MATEO","DALY CITY",-122.46591186523438,37.667301177978516
91624306,2021,2021-11-15,9330,2021-10-07,0628,021884,,4,1,9,4100,0,1,1,,2,034,"I-280 NORTHBOUND","TROUSDALE DRIVE",1200.00,S,N,A,-,Y,,,280,,,,,,N,Y,3,0,2,3,A,-,03,22350,,M,C,C,A,A,H,-,D,D,0,,,,Y,Y,,F,24,0,1,1,0,0,0,0,0,0,"- ","- ",37.578590393066406,-122.40193176269531,"SAN MATEO",UNINCORPORATED,-122.40200042724609,37.578559875488281
91627287,2021,2021-11-17,9330,2021-11-05,2225,022367,,5,3,4,4102,0,1,2,,2,048,"US-101 NORTHBOUND","RALSTON AVE",3168.00,S,N,A,-,Y,,,101,,,,,,N,N,4,0,1,2,A,-,03,22350,,N,C,C,A,A,D,-,D,D,0,,,,,Y,,A,01,0,0,1,0,0,0,0,0,0,"- ","- ",37.520408630371094,-122.26322174072266,"SAN MATEO",BELMONT,-122.26325225830078,37.520366668701172
91632029,2021,2021-11-22,9330,2021-11-09,1915,020954,,2,2,4,4104,0,1,2,,2,038,"US-101 N/B","ANZA BOULEVARD",528.00,S,N,B,-,Y,,,101,,,,,,N,Y,3,0,1,1,A,-,08,22107,,N,F,A,A,A,D,-,D,D,0,,,Y,,Y,,C,02,0,1,0,0,0,0,0,0,1,"- ","- ",37.587528228759766,-122.3514404296875,"SAN MATEO",BURLINGAME,-122.35144805908203,37.587276458740234
91632078,2021,2021-11-22,9330,2021-11-10,1001,021628,,3,1,5,4116,0,1,3,,2,031,"SR-92 WESTBOUND",US-101,1584.00,E,N,A,-,Y,,,92,,,,,,W,Y,4,0,1,2,A,-,03,22350,,N,B,C,A,A,H,-,A,D,0,,,,,Y,,A,01,0,0,1,0,0,0,0,0,0,"- ","- ",37.554370880126953,-122.29074859619141,"SAN MATEO","SAN MATEO",-122.29074859619141,37.554367065429688
91633378,2021,2021-11-23,9330,2021-11-05,1700,022590,,5,2,5,4116,0,1,2,,2,038,"US-101 NB FROM 3RD AVE WB","3RD AVENUE",528.00,N,N,A,-,Y,,,101,,,,R,,N,Y,3,0,2,2,A,-,03,22350,,N,C,C,A,A,D,-,A,A,0,,,,,Y,,A,01,0,1,1,0,0,0,0,0,0,"- ","- ",37.572360992431641,-122.31529235839844,"SAN MATEO","SAN MATEO",-122.31529235839844,37.572360992431641
91633563,2021,2021-11-23,9330,2021-10-17,1520,022590,,7,2,9,4100,0,1,1,,2,034,"I-280 N/B","LARKSPUR DR.",100.00,S,N,A,-,Y,,,280,,,,,,N,N,4,0,2,2,A,-,03,22350,,N,C,C,A,A,C,-,A,D,0,,,,,Y,,A,01,0,0,2,0,0,0,0,0,0,"- ","- ",37.596900939941406,-122.42005920410156,"SAN MATEO",UNINCORPORATED,-122.42006683349609,37.596889495849609
91634920,2021,2021-11-25,9335,2021-11-12,1835,021474,,5,2,6,4106,0,1,3,,2,041,"SR-1 S/B","SOUTHGATE AVE. U/C",605.00,S,N,A,-,Y,,,1,,,,,,S,Y,3,0,3,2,A,-,03,22350,,N,C,C,A,A,H,-,C,D,0,,,,,Y,,A,01,0,1,2,0,0,0,0,0,0,"- ","- ",37.674308776855469,-122.47392272949219,"SAN MATEO","DALY CITY",-122.47386169433594,37.674270629882812
91634921,2021,2021-11-25,9330,2021-11-11,2315,021953,,4,3,4,4115,0,1,2,,2,048,"US-101 S/B","HOLLY STREET",10.00,S,N,A,-,Y,,,101,,,,,,S,Y,4,0,1,1,A,-,01,23152,F,N,E,8,A,A,D,-,C,D,0,,,,,Y,,A,01,0,0,1,0,0,0,0,0,0,"- ","- ",37.513660430908203,-122.25612640380859,"SAN MATEO","SAN CARLOS",-122.25605010986328,37.513751983642578
91635363,2021,2021-11-26,9330,2021-06-19,0045,022504,,6,3,5,4116,0,1,2,,2,048,"US-101 S/B","HILLSDALE BOULEVARD",250.00,S,N,A,-,Y,,,101,,,,,,S,Y,3,0,1,4,A,-,03,22350,,N,C,C,A,A,D,-,D,D,0,,,,,Y,,A,01,0,1,0,0,0,0,0,0,0,"- ","- ",37.539249420166016,-122.28318023681641,"SAN MATEO","SAN MATEO",-122.28318023681641,37.539249420166016
91636001,2021,2021-11-29,9335,2021-11-22,0220,022596,,1,3,5,4117,0,1,2,,2,012,"US-101 SB FROM PRODUCE AVENUE","S. AIRPORT BOULEVARD UNDERCROSSING",1531.00,S,N,A,-,Y,,,101,,,,R,,S,Y,2,0,2,2,A,-,01,23152,A,N,D,C,A,A,H,-,C,A,0,,,,,Y,Y,A,07,1,1,0,0,0,0,0,0,0,"- ","- ",37.645729064941406,-122.40667724609375,"SAN MATEO","SOUTH SAN FRANCISCO",-122.40667724609375,37.645729064941406
91636210,2021,2022-08-04,9335,2021-10-24,1440,022186,,7,2,6,4106,0,1,1,,2,024,"I-280 N/B","SERRAMONTE BOULEVARD U/C",180.00,S,N,C,-,Y,,,280,,,,,,N,N,4,0,2,2,A,-,08,22107,,N,E,J,A,B,H,-,A,D,0,,,,,Y,,-,"- ",0,0,2,0,0,0,0,0,0,"- ","- ",37.669170379638672,-122.46588134765625,"SAN MATEO","DALY CITY",-122.46583557128906,37.669178009033203
91636853,2021,2021-11-29,9330,2021-11-13,0220,022185,,6,3,5,4113,0,1,2,,2,048,"US-101 NORTHBOUND TO WHIPPLE AVENUE","WHIPPLE AVE",450.00,S,N,B,-,Y,,,101,,,,R,,N,N,3,0,1,1,A,-,01,23152,A,N,E,I,A,A,H,-,D,D,0,,,,,Y,Y,A,01,0,1,0,0,0,0,0,0,0,"- ","- ",37.498588562011719,-122.23169708251953,"SAN MATEO","REDWOOD CITY",-122.23169708251953,37.498588562011719
91636909,2021,2021-12-06,9335,2021-11-15,1727,022032,,1,2,5,4117,0,1,2,,2,012,"US-101 S/B","S AIRPORT BLVD",1750.00,S,N,A,-,Y,,,101,,,,,,S,N,4,0,1,2,A,-,03,22350,,N,C,C,A,A,H,-,C,D,0,,,,,Y,,E,22,0,0,1,0,0,0,0,0,0,"- ","- ",37.645149230957031,-122.40650177001953,"SAN MATEO","SOUTH SAN FRANCISCO",-122.40643310546875,37.645156860351562
91637544,2021,2021-11-30,9330,2021-11-15,1129,021628,,1,1,4,4120,0,1,3,,2,031,"SR-92 EASTBOUND","FOSTER CITY BOULEVARD",100.00,W,N,B,-,Y,,,92,,,,,,E,Y,4,0,1,2,A,-,07,21658,A,M,E,I,A,A,H,-,A,D,0,,,,,Y,,-,99,0,0,1,0,0,0,0,0,0,"- ","- ",37.563549041748047,-122.27356719970703,"SAN MATEO","FOSTER CITY",-122.27351379394531,37.563465118408203
91637979,2021,2021-11-30,9335,2021-11-04,0730,020509,,4,1,9,4100,0,1,3,,2,040,"SR-1 SOUTHBOUND","TOM LANTOS TUNNEL",5280.00,S,N,B,-,Y,,,1,,,,,,S,N,4,0,1,1,A,-,08,22107,,N,E,J,A,B,H,-,A,D,0,,,,,Y,,A,01,0,0,1,0,0,0,0,0,0,"- ","- ",37.559471130371094,-122.51410675048828,"SAN MATEO",UNINCORPORATED,-122.51405334472656,37.559383392333984
91639730,2021,2021-12-01,9330,2021-11-17,1730,020954,,3,2,9,4100,0,3,5,,2,511,"ALPINE ROAD",I-280,528.00,E,N,A,-,N,,,,,,,,,,N,4,0,1,3,A,-,03,22350,,N,C,C,A,A,H,-,D,D,0,,,,,Y,,A,01,0,0,1,0,0,0,0,0,0,"- ","- ",37.411540985107422,-122.19432067871094,"SAN MATEO",UNINCORPORATED,-122.19452667236328,37.410713195800781
91640243,2021,2021-12-02,9330,2021-11-17,1400,021594,,3,2,3,4110,0,1,2,,2,038,"US-101 S/B","MILLBRAE AVENUE",200.00,S,N,A,-,Y,,,101,,,,,,S,N,4,0,1,2,A,-,03,22350,,N,C,C,A,A,D,-,A,D,0,,,,,Y,,A,01,0,0,1,0,0,0,0,0,0,"- ","- ",37.60211181640625,-122.37980651855469,"SAN MATEO",MILLBRAE,-122.37982940673828,37.602085113525391
91642001,2021,2021-12-03,9335,2021-11-19,1230,022667,,5,1,5,4117,0,1,1,,2,021,"I-280 S/B TO WESTBOROUGH BLVD","WESTBOROUGH BLVD",45.00,N,N,B,-,Y,,,280,,,,R,,S,Y,4,0,1,2,A,-,03,22350,,N,C,C,A,B,H,-,A,A,0,,,,,Y,,A,07,0,0,1,0,0,0,0,0,0,"- ","- ",37.645160675048828,-122.45008087158203,"SAN MATEO","SOUTH SAN FRANCISCO",-122.45008087158203,37.645160675048828
91642710,2021,2021-12-06,9330,2021-11-19,1800,022381,,5,2,5,4116,0,1,3,,2,031,"SR-92 WB",US-101,1056.00,E,N,B,-,Y,,,92,,,,,,W,Y,4,0,1,2,A,-,03,22350,,N,C,C,A,B,H,-,C,D,0,,,,,Y,,A,01,0,0,1,0,0,0,0,0,0,"- ","- ",37.554218292236328,-122.29161071777344,"SAN MATEO","SAN MATEO",-122.29159545898438,37.554145812988281