CASE_ID,ACCIDENT_YEAR,PROC_DATE,JURIS,COLLISION_DATE,COLLISION_TIME,OFFICER_ID,REPORTING_DISTRICT,DAY_OF_WEEK,CHP_SHIFT,POPULATION,CNTY_CITY_LOC,SPECIAL_COND,BEAT_TYPE,CHP_BEAT_TYPE,CITY_DIVISION_LAPD,CHP_BEAT_CLASS,BEAT_NUMBER,PRIMARY_RD,SECONDARY_RD,DISTANCE,DIRECTION,INTERSECTION,WEATHER_1,WEATHER_2,STATE_HWY_IND,CALTRANS_COUNTY,CALTRANS_DISTRICT,STATE_ROUTE,ROUTE_SUFFIX,POSTMILE_PREFIX,POSTMILE,LOCATION_TYPE,RAMP_INTERSECTION,SIDE_OF_HWY,TOW_AWAY,COLLISION_SEVERITY,NUMBER_KILLED,NUMBER_INJURED,PARTY_COUNT,PRIMARY_COLL_FACTOR,PCF_CODE_OF_VIOL,PCF_VIOL_CATEGORY,PCF_VIOLATION,PCF_VIOL_SUBSECTION,HIT_AND_RUN,TYPE_OF_COLLISION,MVIW,PED_ACTION,ROAD_SURFACE,ROAD_COND_1,ROAD_COND_2,LIGHTING,CONTROL_DEVICE,CHP_ROAD_TYPE,PEDESTRIAN_ACCIDENT,BICYCLE_ACCIDENT,MOTORCYCLE_ACCIDENT,TRUCK_ACCIDENT,NOT_PRIVATE_PROPERTY,ALCOHOL_INVOLVED,STWD_VEHTYPE_AT_FAULT,CHP_VEHTYPE_AT_FAULT,COUNT_SEVERE_INJ,COUNT_VISIBLE_INJ,COUNT_COMPLAINT_PAIN,COUNT_PED_KILLED,COUNT_PED_INJURED,COUNT_BICYCLIST_KILLED,COUNT_BICYCLIST_INJURED,COUNT_MC_KILLED,COUNT_MC_INJURED,PRIMARY_RAMP,SECONDARY_RAMP,LATITUDE,LONGITUDE,COUNTY,CITY,POINT_X,POINT_Y
91643166,2021,2021-12-06,9330,2021-11-22,1718,019764,,1,2,5,4116,0,1,3,,2,031,"SR-92 E/B","ALAMEDA DE LAS PULGAS",1000.00,W,N,A,-,Y,,,92,,,,,,E,Y,4,0,2,3,A,-,03,22350,,N,C,C,A,A,H,-,B,D,0,,,,,Y,,A,07,0,0,2,0,0,0,0,0,0,"- ","- ",37.545520782470703,-122.32591247558594,"SAN MATEO","SAN MATEO",-122.32587432861328,37.545475006103516
91644611,2021,2021-12-07,9330,2021-11-22,0740,021942,,1,1,4,4120,0,1,3,,2,031,"SR-92 WB","MARINERS ISLAND BLVD",1056.00,W,N,A,-,Y,,,,,,,,,,Y,2,0,1,2,A,-,03,22350,,N,C,C,A,A,H,-,A,D,0,,,,Y,Y,,A,01,1,0,0,0,0,0,0,0,0,"- ","- ",37.555038452148438,-122.28884124755859,"SAN MATEO","FOSTER CITY",-122.28853607177734,37.555122375488281
91646961,2021,2021-12-08,9330,2021-11-24,1508,022244,,3,2,5,4113,0,1,2,,2,058,"US-101 N/B","MARSH RD",1056.00,S,N,A,-,Y,,,,,,,,,,N,4,0,1,1,A,-,08,22107,,M,E,I,A,A,H,-,A,D,0,,,,,Y,,A,07,0,0,1,0,0,0,0,0,0,"- ","- ",37.481670379638672,-122.17713928222656,"SAN MATEO","REDWOOD CITY",-122.18293762207031,37.483917236328125
91648740,2021,2021-12-10,9335,2021-11-18,1840,021886,,4,2,5,4117,0,1,2,,2,012,"US-101 S/B","SAN BRUNO AVE O/C",2923.00,N,N,B,-,Y,,,101,,,,,,S,Y,4,0,1,2,A,-,03,22350,,N,C,C,A,A,H,-,C,D,0,,,,,Y,,A,01,0,0,1,0,0,0,0,0,0,"- ","- ",37.639118194580078,-122.40553283691406,"SAN MATEO","SOUTH SAN FRANCISCO",-122.40541839599609,37.639167785644531
91649512,2021,2021-12-13,9335,2021-12-03,2240,022525,,5,3,6,4106,0,1,1,,2,021,"I-280 NB","THE HICKEY BLVD U/C",385.00,N,N,B,-,Y,,,280,,,,,,N,Y,4,0,1,2,A,-,01,23152,A,N,C,C,A,A,H,-,C,D,0,,,,,Y,Y,A,01,0,0,1,0,0,0,0,0,0,"- ","- ",37.664779663085938,-122.46542358398438,"SAN MATEO","DALY CITY",-122.46554565429688,37.664775848388672
91649764,2021,2021-12-13,9335,2021-12-04,1740,021957,,6,2,6,4106,0,1,1,,2,021,"I-280 N/B TO 19TH STREET","JOHN DALY BLVD. O/C",90.00,N,N,A,-,Y,,,280,,,,R,,N,N,4,0,1,2,A,-,03,22350,,N,C,C,A,A,H,-,C,D,0,,,,,Y,,A,07,0,0,1,0,0,0,0,0,0,"- ","- ",37.705410003662109,-122.47144317626953,"SAN MATEO","DALY CITY",-122.47144317626953,37.705410003662109
91650262,2021,2021-12-13,9330,2021-10-24,1440,022394,,7,2,4,4120,0,1,3,,1,035,"SR-92 EASTBOUND","PIER 1",270.00,E,N,C,-,Y,,,92,,,,,,E,Y,3,0,2,2,A,-,03,22350,,N,B,C,A,B,H,-,A,D,0,,,,,Y,,-,"- ",0,2,0,0,0,0,0,0,0,"- ","- ",37.57366943359375,-122.26252746582031,"SAN MATEO","FOSTER CITY",-122.26241302490234,37.57354736328125
91650327,2021,2021-12-13,9330,2021-11-07,1547,022279,,7,2,9,4100,0,1,3,,2,042,"SR-35 (SKYLINE BOULEVARD)","NORTH ENTRANCE OF SKEGGS POINT PARKING LOT",528.00,N,N,A,-,Y,,,35,,,,,,,Y,2,0,2,3,A,-,03,22350,,N,C,C,A,A,H,-,A,D,0,,Y,,,Y,,A,01,1,0,1,0,0,0,1,0,0,"- ","- ",37.412220001220703,-122.30690002441406,"SAN MATEO",UNINCORPORATED,-122.30689239501953,37.412223815917969
91651723,2021,2021-12-14,9330,2021-10-29,2315,022409,,5,3,4,4115,0,1,2,,2,048,"US-101 NB","HOLLY STREET",747.00,N,N,A,-,Y,,,101,,,,,,N,Y,4,0,2,3,A,-,07,21658,A,N,C,C,A,A,D,-,D,D,0,,,,,Y,,A,07,0,0,2,0,0,0,0,0,0,"- ","- ",37.515640258789062,-122.25789642333984,"SAN MATEO","SAN CARLOS",-122.25791931152344,37.515613555908203
91651959,2021,2021-12-14,9330,2021-12-01,1735,022244,,3,2,5,4113,0,1,2,,2,048,"US-101 NORTHBOUND","WHIPPLE AVENUE",195.00,N,N,A,-,Y,,,101,,,,,,N,Y,3,0,3,4,A,-,03,22350,,N,C,C,A,A,D,-,B,D,0,,,,,Y,,A,01,0,1,2,0,0,0,0,0,0,"- ","- ",37.496528625488281,-122.23355865478516,"SAN MATEO","REDWOOD CITY",-122.23355865478516,37.496540069580078
91652575,2021,2021-12-15,9330,2021-12-03,0235,022141,,5,3,9,4100,0,1,1,,2,034,"I-280 NORTHBOUND","BUNKER HILL DRIVE",1056.00,N,N,E,-,Y,,,280,,,,,,N,N,3,0,1,1,A,-,08,22107,,N,E,I,A,A,H,-,D,D,0,,,,,Y,,A,07,0,1,0,0,0,0,0,0,0,"- ","- ",37.526378631591797,-122.35861206054688,"SAN MATEO",UNINCORPORATED,-122.35857391357422,37.526409149169922
91653153,2021,2021-12-15,9330,2021-12-03,1900,022381,,5,2,4,4120,0,1,3,,1,035,"SR-92 WB (SAN MATEO/HAYWARD BRIDGE)","E/B TURNOUT #1",2640.00,W,N,B,-,Y,,,92,,,,,,W,Y,4,0,1,3,A,-,03,22350,,N,C,C,A,A,H,-,C,D,0,,,,,Y,,D,22,0,0,1,0,0,0,0,0,0,"- ","- ",37.587669372558594,-122.24732208251953,"SAN MATEO","FOSTER CITY",-122.24723052978516,37.587570190429688
91654021,2021,2021-12-16,9330,2021-12-04,1730,022436,,6,2,9,4100,0,2,4,,1,051,"DUMBARTON AVENUE","MIDDLEFIELD ROAD",4.00,W,N,A,-,N,,,,,,,,,,N,4,0,1,2,A,-,10,21950,A,M,G,B,D,A,H,-,B,D,0,Y,,,,Y,,-,99,0,0,1,0,1,0,0,0,0,"- ","- ",37.475051879882812,-122.20916748046875,"SAN MATEO",UNINCORPORATED,-122.20912170410156,37.475151062011719
91655198,2021,2021-12-17,9335,2021-12-10,1710,021957,,5,2,6,4106,0,1,1,,2,021,"I-280 NB","SAN PEDRO RD O/C",160.00,S,N,A,-,Y,,,280,,,,,,N,N,4,0,1,3,A,-,03,22350,,N,C,C,A,A,H,-,C,D,0,,,,,Y,,A,07,0,0,1,0,0,0,0,0,0,"- ","- ",37.684749603271484,-122.47129058837891,"SAN MATEO","DALY CITY",-122.47136688232422,37.68475341796875
91655267,2021,2021-12-17,9330,2021-12-08,1705,019764,,3,2,9,4100,0,1,3,,2,031,"SR-92 WB TO I-280 NB",I-280,1584.00,E,N,B,C,Y,,,92,,,,R,,W,N,4,0,1,2,A,-,03,22350,,N,C,C,A,B,H,-,C,D,0,,,,,Y,,D,22,0,0,1,0,0,0,0,0,0,"- ","- ",37.509540557861328,-122.33406829833984,"SAN MATEO",UNINCORPORATED,-122.33406829833984,37.509540557861328
91655768,2021,2021-12-20,9330,2021-12-09,0805,020646,,4,1,5,4116,0,1,3,,2,031,"SR-92 EB","ALAMEDA DE LAS PULGAS",2640.00,W,N,B,-,Y,,,92,,,,,,E,N,4,0,1,1,A,-,08,22107,,N,E,I,A,A,H,-,A,D,0,,,,,Y,,A,01,0,0,1,0,0,0,0,0,0,"- ","- ",37.541549682617188,-122.32968139648438,"SAN MATEO","SAN MATEO",-122.32966613769531,37.541545867919922
91655910,2021,2021-12-20,9335,2021-12-13,0011,022525,,1,3,6,4106,0,1,1,,2,021,"I-280 S/B","THE HICKEY BOULEVARD UNDERCROSSING",1580.00,S,N,C,-,Y,,,280,,,,,,S,Y,2,0,1,1,C,-,18,,,N,E,J,A,B,C,-,D,D,0,,,,,Y,,-,"- ",1,0,0,0,0,0,0,0,0,"- ","- ",37.659511566162109,-122.46379852294922,"SAN MATEO","DALY CITY",-122.46379089355469,37.659523010253906
91655942,2021,2021-12-20,9335,2021-12-13,0740,022667,,1,1,4,4114,0,1,3,,2,041,"I-280 N/B","SAN BRUNO AVE UNDERCROSSING",1320.00,S,N,B,C,Y,,,280,,,,,,N,Y,3,0,1,1,A,-,08,22107,,N,E,8,A,B,H,-,A,D,0,,,,,Y,,A,07,0,1,0,0,0,0,0,0,0,"- ","- ",37.621379852294922,-122.42619323730469,"SAN MATEO","SAN BRUNO",-122.42634582519531,37.621273040771484
91656092,2021,2021-12-20,9335,2021-12-09,0849,022032,,4,1,4,4114,0,1,1,,2,038,"I-380 E/B","HUNTINGTON AVE",150.00,W,N,A,-,Y,,,380,,,,,,E,N,4,0,1,2,A,-,03,22350,,N,C,C,A,A,H,-,A,D,0,,,,,Y,,A,07,0,0,1,0,0,0,0,0,0,"- ","- ",37.634220123291016,-122.41423797607422,"SAN MATEO","SAN BRUNO",-122.41423797607422,37.634185791015625
91656110,2021,2021-12-20,9335,2021-10-16,1526,022326,,6,2,9,4100,0,1,2,,2,011,"US-101 N/B","SFO BART OVERCROSSING",1055.00,N,N,A,-,Y,,,101,,,,,,N,Y,3,0,1,2,A,-,03,22350,,F,C,C,A,A,H,-,A,D,0,,,,,Y,,A,07,0,1,0,0,0,0,0,0,0,"- ","- ",37.6185302734375,-122.39898681640625,"SAN MATEO",UNINCORPORATED,-122.39896392822266,37.618537902832031
91657434,2021,2021-12-21,9330,2021-12-09,1745,022394,,4,2,4,4109,0,1,2,,2,058,"US-101 N/B","WILLOW ROAD",1584.00,S,N,A,-,Y,,,101,,,,,,N,N,3,0,1,3,A,-,03,22350,,M,C,C,A,A,H,-,C,D,0,,,,,Y,Y,-,99,0,1,0,0,0,0,0,0,0,"- ","- ",37.466228485107422,-122.15039825439453,"SAN MATEO","MENLO PARK",-122.15042114257812,37.4661865234375
91658856,2021,2021-12-22,9330,2021-12-10,2210,022436,,5,3,4,4109,0,1,2,,2,058,"US-101 N/B","HENDERSON RAILROAD O/C",1056.00,S,N,A,-,Y,,,101,,,,,,N,Y,4,0,2,3,A,-,01,23152,A,N,C,2,A,A,D,-,C,D,0,,,,,Y,Y,A,01,0,0,2,0,0,0,0,0,0,"- ","- ",37.477279663085938,-122.16940307617188,"SAN MATEO","MENLO PARK",-122.16938781738281,37.477306365966797
91659336,2021,2021-12-22,9330,2021-12-13,1420,020554,,1,2,5,4116,0,1,2,,2,048,"US-101 N/B","HILLSDALE BLVD.",125.00,N,N,B,C,Y,,,101,,,,,,N,Y,4,0,2,2,A,-,03,22350,,N,C,C,A,B,D,-,A,D,0,,,,,Y,,A,08,0,0,2,0,0,0,0,0,0,"- ","- ",37.545028686523438,-122.28819274902344,"SAN MATEO","SAN MATEO",-122.28814697265625,37.545070648193359
91660455,2021,2021-12-23,9335,2021-12-15,1745,021474,,3,2,9,4100,0,1,2,,2,011,"US-101 N/B TO I-380 W/B","SAN BRUNO AVE. O/C",245.00,S,N,B,C,Y,,,101,,,,R,,N,Y,4,0,1,2,A,-,03,22350,,N,C,C,A,B,H,-,D,D,0,,,,,Y,,A,01,0,0,1,0,0,0,0,0,0,"- ","- ",37.630691528320312,-122.40223693847656,"SAN MATEO",UNINCORPORATED,-122.40223693847656,37.630691528320312
91660620,2021,2021-12-23,9330,2021-12-13,1225,020646,,1,1,9,4100,0,1,1,,2,044,"I-280 S/B","FARM HILL BLVD",600.00,N,N,B,C,Y,,,,,,,,,,Y,4,0,1,1,A,-,08,22107,,N,E,I,A,B,H,-,A,D,0,,,,,Y,,A,01,0,0,1,0,0,0,0,0,0,"- ","- ",37.943778991699219,-122.26619720458984,"SAN MATEO",UNINCORPORATED,-122.26160430908203,37.443782806396484
91660631,2021,2021-12-23,9330,2021-12-13,1240,021628,,1,1,9,4100,0,1,1,,2,044,"I-280 SOUTHBOUND","CANADA ROAD",2112.00,S,N,B,C,Y,,,280,,,,,,S,Y,4,0,1,2,A,-,03,22350,,N,D,E,A,B,H,-,A,D,0,,,,,Y,,A,01,0,0,1,0,0,0,0,0,0,"- ","- ",37.454860687255859,-122.28578948974609,"SAN MATEO",UNINCORPORATED,-122.28582000732422,37.454814910888672
91660656,2021,2021-12-23,9330,2021-12-13,1044,021628,,1,1,5,4116,0,1,3,,2,031,"SR-92 EASTBOUND","MARINERS ISLAND BOULEVARD",1584.00,E,N,B,-,Y,,,92,,,,,,E,Y,4,0,3,1,A,-,03,22350,,N,E,I,A,B,H,-,A,D,0,,,,,Y,,A,01,0,0,3,0,0,0,0,0,0,"- ","- ",37.558441162109375,-122.28147888183594,"SAN MATEO","SAN MATEO",-122.28147125244141,37.558422088623047
91661027,2021,2021-12-24,9330,2021-12-14,2340,021648,,2,3,2,4118,0,1,3,,2,042,"SR-35 (SKYLINE BOULEVARD)","EAST BEAR GULCH ROAD",155.00,S,N,A,-,Y,,,,,,,,,,Y,4,0,1,1,A,-,08,22107,,N,E,I,A,B,H,-,D,D,0,,,,,Y,,A,07,0,0,1,0,0,0,0,0,0,"- ","- ",37.398929595947266,-122.29319763183594,"SAN MATEO",WOODSIDE,-122.29322814941406,37.398456573486328
91661808,2021,2021-12-27,9335,2021-12-17,1730,021754,,5,2,5,4117,0,1,2,,2,012,"US-101 N/B","I-380 W/B FROM NORTH ACCESS ROAD",2110.00,N,N,A,-,Y,,,101,,,,,,N,Y,3,0,3,2,A,-,08,22107,,N,B,C,A,A,H,-,C,D,0,,,,,Y,,D,22,0,3,0,0,0,0,0,0,0,"- ","- ",37.641681671142578,-122.40589141845703,"SAN MATEO","SOUTH SAN FRANCISCO",-122.40584564208984,37.641689300537109
91661835,2021,2021-12-27,9330,2021-11-12,1320,022595,,5,1,4,4127,0,1,2,,2,058,"US-101 S/B","UNIVERSITY AVE",2112.00,N,N,A,-,Y,,,101,,,,,,S,Y,4,0,1,2,A,-,03,22350,,N,C,C,A,A,H,-,A,D,0,,,,,Y,,D,22,0,0,1,0,0,0,0,0,0,"- ","- ",37.464111328125,-122.14723968505859,"SAN MATEO","EAST PALO ALTO",-122.14725494384766,37.464084625244141
91665303,2021,2021-12-29,9330,2021-12-16,0855,022306,,4,1,4,4109,0,1,2,,2,058,"US-101 SOUTHBOUND","WILLOW ROAD",1056.00,S,N,B,-,Y,,,101,,,,,,S,N,4,0,1,2,A,-,07,21658,A,N,C,C,A,B,H,-,A,D,0,,,,,Y,,A,01,0,0,1,0,0,0,0,0,0,"- ","- ",37.466529846191406,-122.15158843994141,"SAN MATEO","MENLO PARK",-122.15154266357422,37.46661376953125
91666155,2021,2021-12-30,9335,2021-12-20,1435,020991,,1,2,9,4100,0,1,2,,2,011,"US-101 S/B","MILLBRAE AVE.",4199.00,N,N,A,-,Y,,,101,,,,,,S,N,3,0,1,3,A,-,03,22350,,N,B,C,A,A,H,-,A,D,0,,,Y,,Y,,C,02,0,1,0,0,0,0,0,0,1,"- ","- ",37.609901428222656,-122.39182281494141,"SAN MATEO",UNINCORPORATED,-122.39186096191406,37.609840393066406
91666413,2021,2021-12-30,9335,2021-12-22,1545,021474,,3,2,6,4106,0,1,1,,2,021,"I-280 S/B","SOUTHGATE AVE. U/C",1954.00,N,N,B,-,Y,,,280,,,,,,S,N,4,0,1,2,A,-,03,22350,,N,C,C,A,B,H,-,A,D,0,,,,,Y,,A,01,0,0,1,0,0,0,0,0,0,"- ","- ",37.681221008300781,-122.47184753417969,"SAN MATEO","DALY CITY",-122.47171783447266,37.68121337890625
91666739,2021,2021-12-30,9330,2021-12-12,1905,022590,,7,2,4,4102,0,1,2,,2,048,"US-101 S/B","HARBOR BOULEVARD",345.00,N,N,B,C,Y,,,101,,,,,,S,Y,3,0,1,2,A,-,03,22350,,N,C,C,A,B,H,-,C,D,0,,,,,Y,,A,01,0,1,0,0,0,0,0,0,0,"- ","- ",37.522571563720703,-122.26629638671875,"SAN MATEO",BELMONT,-122.26617431640625,37.522720336914062
91667192,2021,2021-12-31,9335,2021-12-23,0255,021301,,4,3,6,4106,0,1,1,,2,021,"I-280 N/B","SERRAMONTE BLVD UNDER-CROSSING",508.00,S,N,C,-,Y,,,280,,,,,,N,Y,2,0,1,1,A,-,08,22107,,N,E,I,A,B,H,-,C,D,0,,,,,Y,,A,01,1,0,0,0,0,0,0,0,0,"- ","- ",37.668300628662109,-122.4656982421875,"SAN MATEO","DALY CITY",-122.46564483642578,37.668312072753906
91668060,2021,2022-01-03,9330,2021-12-10,2200,022504,,5,3,9,4100,0,1,3,,1,011,SR-92,I-280,1056.00,W,N,A,-,Y,,,92,,,,,,,Y,4,0,2,2,A,-,01,23152,A,N,A,C,A,A,H,-,C,D,0,,,,,Y,Y,D,22,0,0,2,0,0,0,0,0,0,"- ","- ",37.507701873779297,-122.34324645996094,"SAN MATEO",UNINCORPORATED,-122.34323883056641,37.507713317871094
91668066,2021,2022-02-28,9330,2021-12-12,1418,022595,,7,2,9,4100,0,1,1,,2,034,"I-280 N/B","VISTA #4",1056.00,S,N,B,C,Y,,,280,,,,,,N,Y,4,0,2,1,A,-,03,22350,,N,E,8,A,B,H,-,A,D,0,,,,,Y,,A,01,0,0,2,0,0,0,0,0,0,"- ","- ",37.536540985107422,-122.36313629150391,"SAN MATEO",UNINCORPORATED,-122.36334228515625,37.536418914794922
91668138,2021,2022-01-03,9335,2021-12-22,1245,022667,,3,1,4,4114,0,1,1,,2,038,"I-380 E/B","HUNTINGTON AVE UNDERCROSSING",400.00,W,N,B,C,Y,,,380,,,,,,E,Y,3,0,2,2,A,-,08,22107,,N,D,C,A,B,H,-,A,D,0,,,,,Y,,D,22,0,1,1,0,0,0,0,0,0,"- ","- ",37.634059906005859,-122.41562652587891,"SAN MATEO","SAN BRUNO",-122.41562652587891,37.634056091308594
91668241,2021,2022-01-03,9330,2021-11-18,1540,022595,,4,2,9,4100,0,1,3,,1,020,SR-1,"MID- VERDE ROAD",216.00,N,N,A,-,Y,,,,,,,,,,Y,3,0,3,2,A,-,08,22107,,N,C,C,A,A,H,-,A,D,0,,,,,Y,,A,01,0,1,2,0,0,0,0,0,0,"- ","- ",37.8668212890625,-122.40538024902344,"SAN MATEO",UNINCORPORATED,,
91669058,2021,2022-01-04,9330,2021-12-20,0430,022409,,1,3,4,4109,0,1,2,,2,058,"US-101 N/B","MARSH ROAD",1400.00,S,N,A,-,Y,,,101,,,,,,N,N,4,0,1,2,A,-,03,22350,,N,C,C,A,A,H,-,D,D,0,,,,,Y,,A,01,0,0,1,0,0,0,0,0,0,"- ","- ",37.481369018554688,-122.17643737792969,"SAN MATEO","MENLO PARK",-122.17642211914062,37.481399536132812
91673634,2021,2022-01-07,9335,2021-12-25,0819,022032,,6,1,5,4117,0,1,1,,2,021,"I-280 N/B","KING DR",180.00,N,N,B,C,Y,,,280,,,,,,N,Y,4,0,1,2,A,-,08,22107,,N,A,2,A,B,H,-,A,D,0,,,,,Y,,D,22,0,0,1,0,0,0,0,0,0,"- ","- ",37.652618408203125,-122.45446014404297,"SAN MATEO","SOUTH SAN FRANCISCO",-122.45443725585938,37.65264892578125
91674157,2021,2022-01-10,9335,2021-12-28,2035,021474,,2,2,6,4106,0,1,1,,2,021,"I-280 S/B","JUNIPERO SERRA BLVD. O/C",820.00,N,N,B,C,Y,,,280,,,,,,S,Y,3,0,2,1,A,-,08,22107,,N,E,I,A,B,H,-,C,D,0,,,,,Y,,A,01,0,2,0,0,0,0,0,0,0,"- ","- ",37.697658538818359,-122.47174072265625,"SAN MATEO","DALY CITY",-122.47149658203125,37.697704315185547
91674158,2021,2022-01-10,9335,2021-12-29,0200,022096,,3,3,9,4100,0,1,2,,2,011,"US-101 N/B","SAN BRUNO AVENUE",467.00,S,N,C,-,Y,,,101,,,,,,N,Y,4,0,1,2,A,-,03,22350,,N,C,C,A,B,H,-,D,D,0,,,,,Y,,A,07,0,0,1,0,0,0,0,0,0,"- ","- ",37.630001068115234,-122.40236663818359,"SAN MATEO",UNINCORPORATED,-122.40243530273438,37.629993438720703
91674192,2021,2022-01-10,9330,2021-11-29,1845,020554,,1,2,4,4104,0,1,2,,2,038,"US-101 N/B",BROADWAY,455.00,S,N,A,-,Y,,,101,,,,,,N,Y,3,0,1,2,A,-,08,22107,,F,B,C,A,A,D,-,D,D,0,,,,,Y,,-,99,0,1,0,0,0,0,0,0,0,"- ","- ",37.589580535888672,-122.36025238037109,"SAN MATEO",BURLINGAME,-122.36024475097656,37.589584350585938
91674422,2021,2022-01-10,9330,2021-12-29,1435,022244,,3,2,9,4100,0,1,1,,2,044,"I-280 SOUTHBOUND",SR-92,3696.00,S,N,C,-,Y,,,280,,,,,,S,N,3,0,1,1,A,-,08,22107,,N,E,I,A,B,H,-,A,D,0,,,,,Y,,A,01,0,1,0,0,0,0,0,0,0,"- ","- ",37.500930786132812,-122.32852172851562,"SAN MATEO",UNINCORPORATED,-122.32856750488281,37.500762939453125
91675393,2021,2022-01-11,9330,2021-11-26,1150,022515,,5,1,9,4100,0,2,4,,1,051,"5TH AVENUE","SR-82 (EL CAMINO REAL)",377.00,E,N,A,-,N,,,,,,,,,,N,4,0,2,3,A,-,09,21804,A,N,D,C,A,A,H,-,A,A,0,,,,,Y,,A,07,0,0,2,0,0,0,0,0,0,"- ","- ",37.468101501464844,-122.20806884765625,"SAN MATEO",UNINCORPORATED,-122.26838684082031,37.514019012451172
91676456,2021,2022-01-12,9330,2021-12-30,2110,022185,,4,2,4,4102,0,1,2,,2,048,"US-101 S/B","RALSTON AVE",1056.00,S,N,A,-,Y,,,101,,,,,,S,N,4,0,2,2,A,-,07,21658,A,M,C,C,A,A,D,-,D,D,0,,,,,Y,,A,07,0,0,2,0,0,0,0,0,0,"- ","- ",37.523750305175781,-122.26734924316406,"SAN MATEO",BELMONT,-122.26737213134766,37.523719787597656
91677823,2021,2022-01-13,9330,2021-12-25,1100,022515,,6,1,9,4100,0,1,1,,2,044,"I-280 NORTHBOUND","VISTA #3",1953.00,S,N,B,C,Y,,,280,,,,,,N,Y,4,0,1,1,A,-,03,22350,,N,F,A,A,B,H,-,A,A,0,,,,,Y,,A,07,0,0,1,0,0,0,0,0,0,"- ","- ",37.496009826660156,-122.30992889404297,"SAN MATEO",UNINCORPORATED,-122.30992889404297,37.496006011962891
91679783,2021,2022-01-18,9330,2021-04-03,1352,021662,,6,1,9,4100,0,1,3,,2,042,"SR-35 (SKYLINE BLVD)","COUNTY ROAD",2112.00,S,N,A,-,Y,,,35,,,,,,,Y,1,1,0,2,A,-,09,21801,A,N,D,C,A,A,H,-,A,D,0,,,Y,,Y,,A,01,0,0,0,0,0,0,0,1,0,"- ","- ",37.430488586425781,-122.31365966796875,"SAN MATEO",UNINCORPORATED,-122.31375885009766,37.430397033691406
91680016,2021,2022-01-18,9330,2021-11-06,2100,022504,,6,2,9,4100,0,3,5,,2,505,"MIDDLEFIELD ROAD","PACIFIC AVENUE",400.00,N,N,A,-,Y,,,,,,,,,,N,4,0,1,2,A,-,21,22106,,M,B,C,A,A,H,-,C,D,0,,,,,Y,,D,22,0,0,1,0,0,0,0,0,0,"- ","- ",37.476848602294922,-122.21179962158203,"SAN MATEO",UNINCORPORATED,-122.21168518066406,37.47686767578125
91680917,2021,2022-01-19,9330,2021-12-06,1408,020554,,1,2,2,4118,0,1,1,,2,044,"I-280 S/B TO FARM HILL BOULEVARD","FARM HILL BOULEVARD",23.00,N,N,B,-,Y,,,280,,,,R,,S,Y,3,0,1,2,A,-,01,23152,G,N,C,C,A,A,H,-,A,A,0,,,,,Y,Y,D,22,0,1,0,0,0,0,0,0,0,"- ","- ",37.443111419677734,-122.26448059082031,"SAN MATEO",WOODSIDE,-122.26448059082031,37.443111419677734
91681699,2021,2022-01-20,9330,2021-12-21,1822,022244,,2,2,9,4100,0,2,4,,1,051,"MIDDLEFIELD RD","FIFTH AVE",0.00,,Y,C,-,N,,,,,,,,,,Y,4,0,2,2,A,-,12,21453,A,N,D,C,A,B,H,-,C,A,0,,,,,Y,,A,07,0,0,2,0,0,0,0,0,0,"- ","- ",37.472118377685547,-122.20451354980469,"SAN MATEO",UNINCORPORATED,-122.20451354980469,37.472103118896484
91682436,2021,2022-01-21,9330,2021-12-23,2015,022589,,4,2,4,4115,0,1,2,,2,048,"US-101 S/B","BRITTAN AVENUE",875.00,N,N,A,-,Y,,,101,,,,,,S,Y,3,0,1,1,A,-,01,23152,A,N,E,I,A,A,D,-,C,D,0,,,,,Y,,A,07,0,1,0,0,0,0,0,0,0,"- ","- ",37.5059814453125,-122.24716186523438,"SAN MATEO","SAN CARLOS",-122.24721527099609,37.50592041015625
91682558,2021,2022-01-21,9330,2021-08-29,1140,022524,,7,1,9,4100,0,3,5,,2,004,"CANADA ROAD","EDGEWOOD ROAD",6864.00,N,N,A,-,N,,,,,,,,,,N,2,0,1,1,A,-,08,22107,,N,E,I,A,A,H,-,A,D,0,,Y,,,Y,,L,04,1,0,0,0,0,0,1,0,0,"- ","- ",37.479221343994141,-122.31150054931641,"SAN MATEO",UNINCORPORATED,-122.3115234375,37.479236602783203