CASE_ID,ACCIDENT_YEAR,PROC_DATE,JURIS,COLLISION_DATE,COLLISION_TIME,OFFICER_ID,REPORTING_DISTRICT,DAY_OF_WEEK,CHP_SHIFT,POPULATION,CNTY_CITY_LOC,SPECIAL_COND,BEAT_TYPE,CHP_BEAT_TYPE,CITY_DIVISION_LAPD,CHP_BEAT_CLASS,BEAT_NUMBER,PRIMARY_RD,SECONDARY_RD,DISTANCE,DIRECTION,INTERSECTION,WEATHER_1,WEATHER_2,STATE_HWY_IND,CALTRANS_COUNTY,CALTRANS_DISTRICT,STATE_ROUTE,ROUTE_SUFFIX,POSTMILE_PREFIX,POSTMILE,LOCATION_TYPE,RAMP_INTERSECTION,SIDE_OF_HWY,TOW_AWAY,COLLISION_SEVERITY,NUMBER_KILLED,NUMBER_INJURED,PARTY_COUNT,PRIMARY_COLL_FACTOR,PCF_CODE_OF_VIOL,PCF_VIOL_CATEGORY,PCF_VIOLATION,PCF_VIOL_SUBSECTION,HIT_AND_RUN,TYPE_OF_COLLISION,MVIW,PED_ACTION,ROAD_SURFACE,ROAD_COND_1,ROAD_COND_2,LIGHTING,CONTROL_DEVICE,CHP_ROAD_TYPE,PEDESTRIAN_ACCIDENT,BICYCLE_ACCIDENT,MOTORCYCLE_ACCIDENT,TRUCK_ACCIDENT,NOT_PRIVATE_PROPERTY,ALCOHOL_INVOLVED,STWD_VEHTYPE_AT_FAULT,CHP_VEHTYPE_AT_FAULT,COUNT_SEVERE_INJ,COUNT_VISIBLE_INJ,COUNT_COMPLAINT_PAIN,COUNT_PED_KILLED,COUNT_PED_INJURED,COUNT_BICYCLIST_KILLED,COUNT_BICYCLIST_INJURED,COUNT_MC_KILLED,COUNT_MC_INJURED,PRIMARY_RAMP,SECONDARY_RAMP,LATITUDE,LONGITUDE,COUNTY,CITY,POINT_X,POINT_Y
91682784,2021,2022-01-21,9330,2021-09-06,1045,020646,,1,1,9,4100,0,3,5,,2,305,"BUNKER HILL DRIVE","SR-35 (SKYLINE BOULEVARD)",300.00,E,N,A,-,N,,,,,,,,,,N,3,0,1,1,C,-,18,,,N,F,A,A,A,A,-,A,D,0,,Y,,,Y,,-,"- ",0,1,0,0,0,0,1,0,0,"- ","- ",37.523139953613281,-122.35578918457031,"SAN MATEO",UNINCORPORATED,-122.35590362548828,37.523109436035156
91685712,2021,2022-01-26,9330,2021-11-17,1915,022244,,3,2,9,4100,0,3,5,,2,505,"MIDDLEFIELD ROAD","DUMBARTON AVENUE",0.00,,Y,A,-,N,,,,,,,,,,N,2,0,1,2,A,-,10,21950,A,N,G,B,B,A,H,-,C,D,0,Y,,,,Y,,A,07,1,0,0,0,1,0,0,0,0,"- ","- ",37.475070953369141,-122.20906829833984,"SAN MATEO",UNINCORPORATED,-122.2091064453125,37.475162506103516
91685730,2021,2022-01-26,9330,2021-12-21,1755,022244,,2,2,5,4113,0,1,2,,2,058,"US-101 SOUTHBOUND","MARSH ROAD",2112.00,N,N,C,-,Y,,,101,,,,,,S,N,3,0,1,3,A,-,03,22350,,N,C,C,A,B,H,-,B,D,0,,,,,Y,,A,01,0,1,0,0,0,0,0,0,0,"- ","- ",37.485221862792969,-122.18846130371094,"SAN MATEO","REDWOOD CITY",-122.18845367431641,37.485282897949219
91685870,2021,2022-01-26,9330,2021-12-07,1950,020554,,2,2,9,4100,0,3,5,,2,003,"POLHEMUS ROAD","TIMBERLANE WAY",215.00,N,N,A,-,N,,,,,,,,,,Y,4,0,1,3,A,-,08,22107,,N,C,E,A,A,H,-,D,D,0,,,,,Y,,A,01,0,0,1,0,0,0,0,0,0,"- ","- ",37.518718719482422,-122.33672332763672,"SAN MATEO",UNINCORPORATED,-122.33660888671875,37.518650054931641
91686034,2021,2022-01-26,9330,2021-10-06,0800,021979,,3,1,9,4100,0,3,5,,2,505,"5TH AVENUE",SR-82,360.00,E,N,A,-,N,,,,,,,,,,N,3,0,1,2,A,-,09,21804,A,F,D,C,A,A,H,-,A,D,0,,,,,Y,,-,99,0,1,0,0,0,0,0,0,0,"- ","- ",37.468040466308594,-122.20806884765625,"SAN MATEO",UNINCORPORATED,-122.26838684082031,37.514019012451172
91688472,2021,2022-01-28,9330,2021-11-27,1104,022344,,6,1,9,4100,0,3,5,,2,002,"MIRAMONTES POINT ROAD","POPPY LN",80.00,E,N,A,-,N,,,,,,,,,,N,2,0,1,2,A,-,11,21950,B,N,G,B,D,A,H,-,A,D,0,Y,,,,Y,,N,60,1,0,0,0,1,0,0,0,0,"- ","- ",37.433998107910156,-122.41898345947266,"SAN MATEO",UNINCORPORATED,-122.41897583007812,37.434013366699219
91689301,2021,2022-01-31,9330,2021-12-30,2020,022394,,4,2,9,4100,0,1,1,,2,054,"I-280 N/B","ALPINE ROAD",420.00,N,N,B,-,Y,,,280,,,,,,N,Y,4,0,2,2,A,-,01,23152,A,N,C,C,A,A,H,-,D,D,0,,,,,Y,Y,A,07,0,0,2,0,0,0,0,0,0,"- ","- ",37.409751892089844,-122.19619750976562,"SAN MATEO",UNINCORPORATED,-122.19619750976562,37.409751892089844
91689513,2021,2022-01-31,9330,2021-12-23,0800,021145,,4,1,9,4100,0,1,1,,2,044,"I-280 S/B",SR-92,3696.00,S,N,C,-,Y,,,280,,,,,,S,N,3,0,1,1,A,-,03,22350,,N,E,I,A,B,H,-,B,D,0,,,,,Y,,A,01,0,1,0,0,0,0,0,0,0,"- ","- ",37.501228332519531,-122.32955169677734,"SAN MATEO",UNINCORPORATED,-122.32958221435547,37.501148223876953
91691705,2021,2022-02-02,9330,2021-12-21,1020,020646,,2,1,9,4100,0,1,3,,1,011,SR-92,"OX MTN LANDFILL RD",1056.00,W,N,B,-,Y,,,92,,,,,,,Y,3,0,2,2,A,-,09,21804,A,N,D,C,A,A,H,-,A,D,0,,,,,Y,,A,01,0,1,1,0,0,0,0,0,0,"- ","- ",37.479030609130859,-122.41023254394531,"SAN MATEO",UNINCORPORATED,-122.41023254394531,37.479030609130859
91695042,2021,2022-02-07,9330,2021-12-01,0218,021648,,3,3,4,4109,0,1,2,,2,058,"US-101 SOUTHBOUND TO MARSH ROAD","MARSH ROAD",217.00,N,N,A,-,Y,,,101,,,,R,,S,Y,4,0,3,1,A,-,03,22350,,N,E,8,A,A,H,-,D,D,0,,,,,Y,,A,01,0,0,3,0,0,0,0,0,0,"- ","- ",37.483589172363281,-122.18245697021484,"SAN MATEO","MENLO PARK",-122.18245697021484,37.483589172363281
91705349,2021,2022-02-22,9330,2021-11-28,1208,022344,,7,1,9,4100,0,3,5,,2,004,"CANADA RD","EDGEWOOD RD",250.00,S,N,A,-,N,,,,,,,,,,N,2,0,1,1,A,-,03,22350,,N,F,A,A,A,H,-,A,D,0,,Y,,,Y,,L,04,1,0,0,0,0,0,1,0,0,"- ","- ",37.463291168212891,-122.29734039306641,"SAN MATEO",UNINCORPORATED,-122.29740142822266,37.463268280029297
91706846,2021,2022-02-23,9335,2021-09-15,1417,021672,,3,2,9,4100,0,1,3,,2,040,"SR-1 (CABRILLO HIGHWAY)","6000 CABRILLO HIGHWAY",729.00,N,N,B,-,Y,,,1,,,,,,,Y,1,1,0,1,A,-,08,22107,,N,E,I,A,A,H,-,A,D,0,,,,,Y,,A,01,0,0,0,0,0,0,0,0,0,"- ","- ",37.569248199462891,-122.51528167724609,"SAN MATEO",UNINCORPORATED,-122.51515960693359,37.569347381591797
91715938,2021,2022-03-07,9330,2021-11-30,1655,020554,,2,2,5,4116,0,1,2,,2,038,"US-101 N/B","PENINSULA AVENUE",200.00,S,N,A,-,Y,,,101,,,,,,N,N,4,0,3,4,A,-,07,21658,A,M,B,A,A,A,D,-,A,D,0,,,,,Y,,-,99,0,0,3,0,0,0,0,0,0,"- ","- ",37.584251403808594,-122.32839965820312,"SAN MATEO","SAN MATEO",-122.32838439941406,37.584266662597656
91729109,2021,2022-03-22,9330,2021-09-04,1955,022381,,6,2,3,4108,0,1,1,,2,034,"I-280 NB","GOLF COURSE DRIVE",198.00,N,N,A,-,Y,,,280,,,,,,N,Y,1,1,0,1,A,-,08,22107,,N,E,I,A,A,H,-,B,D,0,,,,,Y,,A,07,0,0,0,0,0,0,0,0,0,"- ","- ",37.547618865966797,-122.37236022949219,"SAN MATEO",HILLSBOROUGH,-122.37230682373047,37.547679901123047
91743192,2021,2022-05-23,9330,2021-05-25,0400,022524,,2,3,5,4113,0,1,2,,2,058,"US-101 N/B","MARSH ROAD",3696.00,N,N,A,-,Y,,,101,,,,,,N,Y,1,1,1,3,C,-,18,,,N,C,2,E,A,H,-,D,D,0,Y,,,,Y,,-,"- ",1,0,0,1,0,0,0,0,0,"- ","- ",37.486019134521484,-122.19303131103516,"SAN MATEO","REDWOOD CITY",-122.19303131103516,37.486034393310547
91771170,2021,2022-05-13,9335,2021-08-01,0343,022271,,7,3,6,4106,0,1,1,,2,021,"I-280 N/B","SAN PEDRO AVENUE OVERCROSSING",85.00,N,N,A,-,Y,,,280,,,,,,N,Y,2,0,2,1,A,-,08,22107,,N,E,I,A,A,H,-,C,D,0,,,,,Y,,A,01,1,1,0,0,0,0,0,0,0,"- ","- ",37.685539245605469,-122.47142791748047,"SAN MATEO","DALY CITY",-122.47132873535156,37.685535430908203
91771173,2021,2022-05-13,9335,2021-08-01,0344,022271,,7,3,6,4106,0,1,1,,2,021,"I-280 N/B","SAN PEDRO ROAD OVERCROSSING",55.50,N,N,B,-,Y,,,280,,,,,,N,Y,1,1,2,3,A,-,01,23152,A,N,G,B,E,A,H,-,C,D,0,Y,,,,Y,Y,A,01,1,1,0,1,0,0,0,0,0,"- ","- ",37.685718536376953,-122.47123718261719,"SAN MATEO","DALY CITY",-122.4713134765625,37.685726165771484
91847709,2021,2022-08-24,9330,2021-12-28,0348,021648,,2,3,4,4109,0,1,2,,2,058,"US-101 SOUTHBOUND","THE RINGWOOD AVENUE PEDESTRIAN OVERCROSSING",511.00,S,N,A,-,Y,,,101,,,,,,S,Y,1,1,0,2,A,-,03,22350,,N,E,C,A,A,C,-,D,D,0,,,Y,,Y,,-,"- ",0,0,0,0,0,0,0,1,0,"- ","- ",37.474700927734375,-122.16519165039062,"SAN MATEO","MENLO PARK",-122.16524505615234,37.474605560302734
91885159,2021,2022-10-07,9335,2021-11-14,2256,022416,,7,3,6,4106,0,1,1,,2,021,"I-280 S/B","SCHOOL STREET OVERCROSSING",278.00,N,N,A,-,Y,,,280,,,,,,S,Y,1,1,1,4,A,-,07,21658,A,M,G,B,E,A,H,-,D,D,0,Y,,,,Y,,N,60,0,1,0,1,0,0,0,0,0,"- ","- ",37.694068908691406,-122.47073364257812,"SAN MATEO","DALY CITY",-122.47057342529297,37.694072723388672
9206342,2021,2021-03-19,4116,2021-01-26,0810,27872,14,2,5,5,4116,0,0,0,,0,00A,"EAST SANTA INEZ AV","SAN MATEO DR",0.00,,Y,A,-,N,,,,,,,,,,Y,3,0,1,4,A,-,09,21802,A,N,D,C,A,A,H,-,A,A,0,,,,,Y,,A,01,0,1,0,0,0,0,0,0,0,"- ","- ",37.571708679199219,-122.32993316650391,"SAN MATEO","SAN MATEO",-122.33106231689453,37.570896148681641
9211189,2021,2021-03-11,4116,2021-01-06,1427,27872,13,3,5,5,4116,0,0,0,,0,0DT,"SOUTH SAN MATEO DR",BALDWIN,104.00,S,N,A,-,N,,,,,,,,,,Y,3,0,2,2,A,-,08,22102,,N,D,C,A,B,H,-,A,D,0,,,,,Y,,A,07,0,2,0,0,0,0,0,0,0,"- ","- ",37.566150665283203,-122.32643890380859,"SAN MATEO","SAN MATEO",-122.32606506347656,37.566333770751953
9216423,2021,2021-03-08,4120,2021-01-16,1303,213,9,6,5,4,4120,0,0,0,,0,00Y,"EDGEWATER BL","REGULUS ST",0.00,,Y,A,-,N,,,,,,,,,,N,4,0,1,2,A,-,03,22350,,N,C,C,A,A,H,-,A,A,0,,,,,Y,,D,82,0,0,1,0,0,0,0,0,0,"- ","- ",37.550739288330078,-122.27448272705078,"SAN MATEO","FOSTER CITY",-122.27459716796875,37.550674438476562
9218311,2021,2021-03-13,4116,2021-01-15,1834,28444,51,5,5,5,4116,0,0,0,,0,00D,"EAST 3RD AV","S NORFOLK ST",0.00,,Y,A,-,N,,,,,,,,,,N,3,0,1,2,A,-,12,21453,A,N,H,G,A,A,H,-,B,A,0,,Y,,,Y,,L,04,0,1,0,0,0,0,1,0,0,"- ","- ",37.577571868896484,-122.31063842773438,"SAN MATEO","SAN MATEO",-122.31137084960938,37.573226928710938
9218312,2021,2021-03-13,4116,2021-01-14,1735,28484,35,4,5,5,4116,0,0,0,,0,00C,"36TH AV","HACIENDA ST",0.00,,Y,A,-,N,,,,,,,,,,N,3,0,2,2,A,-,10,21950,A,N,G,B,D,A,H,-,C,A,0,Y,,,,Y,,N,60,0,2,0,0,1,0,0,0,0,"- ","- ",37.531829833984375,-122.30326080322266,"SAN MATEO","SAN MATEO",-122.30323791503906,37.531810760498047
9218877,2021,2021-03-18,4116,2021-01-20,1529,27872,14,3,5,5,4116,0,0,0,,0,00A,"EAST POPLAR AV","SAN MATEO DR",0.00,,Y,A,-,N,,,,,,,,,,Y,3,0,1,2,A,-,12,21453,A,N,D,C,A,A,H,-,A,A,0,,,,,Y,,D,22,0,1,0,0,0,0,0,0,0,"- ","- ",37.572139739990234,-122.33245849609375,"SAN MATEO","SAN MATEO",-122.33245849609375,37.572128295898438
9220021,2021,2021-03-17,4116,2021-01-10,1228,28252,11,7,5,5,4116,0,0,0,,0,00A,"DELAWARE ST","PENINSULA AVE",0.00,,Y,A,-,N,,,,,,,,,,N,4,0,1,2,A,-,12,21453,A,N,D,C,A,A,H,-,A,A,0,,,,,Y,,A,01,0,0,1,0,0,0,0,0,0,"- ","- ",37.579978942871094,-122.33406829833984,"SAN MATEO","SAN MATEO",-122.33456420898438,37.580398559570312
9221078,2021,2021-03-11,4106,2021-01-11,1402,2146,4,1,5,6,4106,0,0,0,,0,003,"WESTLAKE AV","JUNIPERO SERRA BL",0.00,,Y,A,-,N,,,,,,,,,,N,4,0,1,2,A,-,03,22350,,M,C,C,A,A,H,-,A,A,0,,,,,Y,,A,01,0,0,1,0,0,0,0,0,0,"- ","- ",,,"SAN MATEO","DALY CITY",-122.47083282470703,37.699489593505859
9221718,2021,2021-02-25,4106,2021-01-06,0853,2154,10,3,5,6,4106,0,0,0,,0,004,"WESTMOOR AV","SKYLINE DR",0.00,,Y,B,-,N,,,,,,,,,,Y,4,0,1,2,A,-,12,21453,A,N,A,C,A,A,H,-,A,A,0,,,,,Y,,A,01,0,0,1,0,0,0,0,0,0,"- ","- ",,,"SAN MATEO","DALY CITY",-122.49012756347656,37.683467864990234
9221778,2021,2021-03-09,4100,2021-01-31,1510,25172,HMB,7,5,3,4107,0,0,0,,0,075,"RT 1","MIRAMONTES POINT RD",2.00,N,N,A,-,Y,SM,4,1,-,-,26.450,H,-,S,Y,3,0,3,2,A,-,03,22350,,N,C,C,A,A,H,-,A,A,0,,,,,Y,,A,01,0,3,0,0,0,0,0,0,0,"- ","- ",,,"SAN MATEO","HALF MOON BAY",-122.42671203613281,37.431617736816406
9221852,2021,2021-03-10,4111,2021-02-02,1316,P5159,P11,2,5,4,4111,0,0,0,,0,0P2,"CABRILLO HWY","WESTPORT DR",0.00,,Y,A,-,Y,SM,4,1,-,R,43.080,I,5,N,Y,3,0,2,2,A,-,09,21802,A,N,D,C,A,A,H,-,A,A,0,,,,,Y,,D,22,0,2,0,0,0,0,0,0,0,"- ","- ",,,"SAN MATEO",PACIFICA,-122.48497772216797,37.620670318603516
9222461,2021,2021-03-05,4116,2021-02-04,1140,28252,25,4,5,5,4116,0,0,0,,0,00A,"BOREL AV","SOUTH EL CAMINO REAL",0.00,,Y,A,-,Y,SM,4,82,-,-,10.767,I,5,S,N,4,0,1,2,A,-,09,21802,,N,D,C,A,A,H,-,A,A,0,,,,,Y,,A,01,0,0,1,0,0,0,0,0,0,"- ","- ",37.552639007568359,-122.31449127197266,"SAN MATEO","SAN MATEO",-122.3145751953125,37.552631378173828
9230392,2021,2021-04-16,4114,2021-01-20,0612,228,,3,5,4,4114,0,0,0,,0,,"SAN BRUNO AV","RT 101",0.00,,Y,A,-,Y,SM,4,101,-,R,20.781,R,4,N,Y,4,0,2,2,A,-,09,21453,C,N,A,C,A,A,H,-,C,A,0,,,,,Y,,A,01,0,0,2,0,0,0,0,0,0,"- ","- ",,,"SAN MATEO","SAN BRUNO",-122.40409088134766,37.636917114257812
9230499,2021,2021-04-06,4116,2021-02-06,0005,27900,21,6,5,5,4116,0,0,0,,0,00A,"S AMPHLETT BL","HADDON DR",153.00,,N,A,-,N,,,,,,,,,,Y,3,0,1,1,A,-,01,23152,,N,A,I,A,A,H,-,C,D,0,,,,,Y,Y,-,,0,1,0,0,0,0,0,0,0,"- ","- ",37.560348510742188,-122.30322265625,"SAN MATEO","SAN MATEO",,
9230500,2021,2021-04-06,4116,2021-02-03,1700,27872,62,3,5,5,4116,0,0,0,,0,00D,"LA SELVA ST",NORFOLK,266.00,W,N,A,-,N,,,,,,,,,,N,3,0,1,2,D,-,00,,,N,D,C,A,A,H,-,A,D,0,,,Y,,Y,,-,"- ",0,1,0,0,0,0,0,0,1,"- ","- ",37.543708801269531,-122.28423309326172,"SAN MATEO","SAN MATEO",-122.28406524658203,37.544300079345703
9230953,2021,2021-03-15,4111,2021-01-01,1603,P5134,P11,5,5,4,4111,0,0,0,,0,0P2,"REINA DEL MAR AV","HILLSIDE DR",14.00,W,N,A,-,N,,,,,,,,,,Y,4,0,1,2,A,-,09,21800,B,N,D,C,A,A,H,-,A,D,0,,,Y,,Y,,A,07,0,0,1,0,0,0,0,0,1,"- ","- ",37.613681793212891,-122.48484039306641,"SAN MATEO",PACIFICA,-122.48490142822266,37.613670349121094
9230955,2021,2021-03-15,4111,2021-01-25,1234,P5159,P02,1,5,4,4111,0,0,0,,0,0P1,"IMPERIAL DR","FIRECREST AV",492.00,S,N,A,-,N,,,,,,,,,,Y,3,0,1,3,C,-,18,,,N,B,E,A,A,H,-,A,D,0,,,,,Y,,-,"- ",0,1,0,0,0,0,0,0,0,"- ","- ",,,"SAN MATEO",PACIFICA,-122.47739410400391,37.656307220458984
9231413,2021,2021-04-27,4116,2021-03-25,0910,28252,13A,4,5,5,4116,0,0,0,,0,00A,"N EL CAMINO REAL","EL CERRITO AV",0.00,,Y,A,-,Y,SM,4,82,-,-,12.073,I,5,S,N,3,0,3,2,A,-,09,21801,,N,A,C,A,A,H,-,A,A,0,,,,,Y,,A,07,0,1,2,0,0,0,0,0,0,"- ","- ",37.567008972167969,-122.33000183105469,"SAN MATEO","SAN MATEO",-122.33007049560547,37.567028045654297
9231415,2021,2021-04-22,4104,2021-03-19,1509,0259,4,5,5,4,4104,0,0,0,,0,00A,"CHAPIN AV","RT 82",400.00,E,N,A,-,N,,,,,,,,,,N,3,0,1,2,A,-,11,21954,A,N,G,B,D,A,H,-,A,D,0,Y,,,,Y,,N,60,0,1,0,0,1,0,0,0,0,"- ","- ",37.577091217041016,-122.35059356689453,"SAN MATEO",BURLINGAME,-122.34999847412109,37.576396942138672
9231977,2021,2021-05-03,4114,2021-03-28,1924,0983,SNB5,7,5,4,4114,0,0,0,,0,001,"EL CAMINO REAL","RT 380",0.00,,Y,A,-,Y,SM,4,82,-,-,18.880,I,5,N,N,3,0,4,2,A,-,12,21453,A,N,B,C,A,A,H,-,B,A,0,,,,,Y,,A,01,0,4,0,0,0,0,0,0,0,"- ",EF,,,"SAN MATEO","SAN BRUNO",-122.41865539550781,37.632179260253906
9232538,2021,2021-03-29,4106,2021-02-02,1924,2146,5,2,5,6,4106,0,0,0,,0,003,"JUNIPERO SERRA BL","90TH ST",0.00,,Y,A,-,N,,,,,,,,,,N,2,0,1,2,A,-,10,21950,A,N,G,B,B,A,H,-,C,D,0,Y,,,,Y,,I,11,1,0,0,0,1,0,0,0,0,"- ","- ",,,"SAN MATEO","DALY CITY",-122.47100067138672,37.691108703613281
9232542,2021,2021-04-13,4106,2021-01-10,1657,2173,1A,7,5,6,4106,0,0,0,,0,001,"CALGARY ST","GENEVA AV",0.00,,Y,A,-,N,,,,,,,,,,N,3,0,1,2,A,-,12,22450,A,N,D,C,A,A,H,-,B,D,0,,,Y,,Y,,C,02,0,1,0,0,0,0,0,0,1,"- ","- ",,,"SAN MATEO","DALY CITY",-122.41664123535156,37.707328796386719
9232584,2021,2021-03-24,4104,2021-01-26,1246,0645,5,2,5,4,4104,0,0,0,,0,00A,"RT 82","SANCHEZ AV",10.00,S,N,A,-,Y,SM,4,82,-,-,14.100,H,-,N,Y,3,0,2,3,C,-,18,,,N,C,C,A,A,H,-,A,D,0,,,,,Y,,-,"- ",0,1,1,0,0,0,0,0,0,"- ","- ",37.5819091796875,-122.36219787597656,"SAN MATEO",BURLINGAME,-122.36163330078125,37.581596374511719
9232585,2021,2021-03-19,4104,2021-02-05,2048,0238,11,5,5,4,4104,0,0,0,,0,00B,"RT 82","HILLSIDE DR",0.00,,Y,A,-,Y,SM,4,82,-,-,14.800,I,5,N,Y,3,0,1,2,A,-,09,21801,A,N,D,C,A,A,H,-,C,A,0,,,,,Y,,A,07,0,1,0,0,0,0,0,0,0,"- ","- ",37.587509155273438,-122.37185668945312,"SAN MATEO",BURLINGAME,-122.37192535400391,37.587501525878906
9232597,2021,2021-04-08,4106,2021-02-01,0837,25109,,1,5,6,4106,0,0,0,,0,,"JOHN DALY BL","NIANTIC AV",0.00,,Y,A,-,N,,,,,,,,,,Y,3,0,1,2,A,-,12,21453,A,N,D,C,A,A,H,-,A,A,0,,,,,Y,,A,08,0,1,0,0,0,0,0,0,0,"- ","- ",37.705268859863281,-122.46916198730469,"SAN MATEO","DALY CITY",-122.46958160400391,37.705013275146484
9233688,2021,2021-04-12,4106,2021-02-06,1550,2154,14,6,5,6,4106,0,0,0,,0,006,"KING DR","VERDUCCI DR",21.00,W,N,A,-,N,,,,,,,,,,Y,4,0,1,2,A,-,08,22107,,N,C,E,A,A,H,-,A,D,0,,,,,Y,,A,07,0,0,1,0,0,0,0,0,0,"- ","- ",,,"SAN MATEO","DALY CITY",-122.46300506591797,37.650222778320312
9233751,2021,2021-04-12,4120,2021-02-14,1220,201,1,7,5,4,4120,0,0,0,,0,00X,"FOSTER CITY BL","BALCLUTHA DR",75.00,N,N,B,-,N,,,,,,,,,,N,3,0,1,3,A,-,03,22350,,N,C,C,A,A,H,-,A,A,0,,,,,Y,,A,07,0,1,0,0,0,0,0,0,0,"- ","- ",37.559619903564453,-122.26586151123047,"SAN MATEO","FOSTER CITY",-122.26622009277344,37.559658050537109
9233849,2021,2021-03-26,4113,2021-02-12,0953,351,4,5,5,5,4113,0,0,0,,0,004,"5TH AV","BAY RD",0.00,,Y,A,-,N,,,,,,,,,,N,3,0,1,2,A,-,10,21950,A,N,G,B,B,A,H,-,A,A,0,Y,,,,Y,,D,22,0,1,0,0,1,0,0,0,0,"- ","- ",37.481620788574219,-122.1986083984375,"SAN MATEO","REDWOOD CITY",-122.19865417480469,37.481605529785156
9233853,2021,2021-04-08,4113,2021-02-26,0159,470,2,5,5,5,4113,0,0,0,,0,002,"VETERANS BL","CONVENTION WY",25.00,N,N,A,-,N,,,,,,,,,,Y,4,0,1,2,A,-,03,22350,,M,C,E,A,A,H,-,C,D,0,,,,Y,Y,,A,01,0,0,1,0,0,0,0,0,0,"- ","- ",37.493671417236328,-122.23325347900391,"SAN MATEO","REDWOOD CITY",-122.23344421386719,37.493602752685547
9234467,2021,2021-03-16,4117,2021-01-06,2038,09SL05,28AG,3,5,5,4117,0,0,0,,0,003,"EL RANCHO DR","DEL MONTE AV",720.00,W,N,A,-,N,,,,,,,,,,N,3,0,1,2,A,-,01,23152,A,N,C,E,A,A,H,-,C,D,0,,,,,Y,Y,A,01,0,1,0,0,0,0,0,0,0,"- ","- ",37.662399291992188,-122.45664215087891,"SAN MATEO","SOUTH SAN FRANCISCO",-122.45360565185547,37.659862518310547
9235135,2021,2021-03-29,4100,2021-02-28,2332,25839,,7,5,4,4115,0,0,0,,0,,"HOLLY ST","OLD COUNTY RD",253.00,E,N,A,-,N,,,,,,,,,,Y,3,0,2,4,A,-,01,23152,A,N,E,I,F,A,H,-,C,D,0,Y,,,,Y,Y,A,01,0,2,0,0,1,0,0,0,0,"- ","- ",,,"SAN MATEO","SAN CARLOS",-122.26054382324219,37.509578704833984
9235741,2021,2021-03-25,4106,2021-02-03,0730,1180,14,3,5,6,4106,0,0,0,,0,006,"KING DR","CAMELOT CT",116.00,W,N,A,-,N,,,,,,,,,,N,3,0,1,2,A,-,21,22106,,N,D,C,A,A,H,-,A,D,0,,,,,Y,,-,,0,1,0,0,0,0,0,0,0,"- ","- ",,,"SAN MATEO","DALY CITY",-122.46018981933594,37.649890899658203
9237398,2021,2021-03-23,4106,2021-01-12,0042,2151,3,2,5,6,4106,0,0,0,,0,002,"BELLEVUE AV","ACTON ST",0.00,,Y,A,-,N,,,,,,,,,,N,4,0,1,2,A,-,12,22450,A,F,D,D,A,A,H,-,C,A,0,,,,,Y,,-,,0,0,1,0,0,0,0,0,0,"- ","- ",,,"SAN MATEO","DALY CITY",-122.45069122314453,37.705112457275391
9237399,2021,2021-03-23,4106,2021-01-11,1708,2146,3,1,5,6,4106,0,0,0,,0,002,"BRUNSWICK ST","TEMPLETON AV",0.00,,Y,A,-,N,,,,,,,,,,N,3,0,1,3,A,-,03,22350,,N,C,E,A,A,H,-,B,D,0,,,,,Y,,A,01,0,1,0,0,0,0,0,0,0,"- ","- ",,,"SAN MATEO","DALY CITY",-122.45378112792969,37.706958770751953
9237408,2021,2021-03-17,4100,2021-01-30,1340,25827,4100,6,5,3,4110,0,0,0,,0,061,"MAGNOLIA AV","CHADBOURNE AV",0.00,,Y,A,-,N,,,,,,,,,,N,2,0,1,2,A,-,10,21950,A,N,G,B,B,A,H,-,A,A,0,Y,,,,Y,,A,01,1,0,0,0,1,0,0,0,0,"- ","- ",,,"SAN MATEO",MILLBRAE,-122.39018249511719,37.598335266113281
9237816,2021,2021-04-07,4102,2021-03-02,1943,55960,2,2,5,4,4102,0,0,0,,0,001,"RALSTON AV","FURLONG ST",0.00,,Y,A,-,N,,,,,,,,,,Y,3,0,1,2,A,-,09,21801,A,N,D,C,A,A,H,-,C,D,0,,,,,Y,,A,01,0,1,0,0,0,0,0,0,0,"- ","- ",37.522300720214844,-122.27353668212891,"SAN MATEO",BELMONT,-122.27381134033203,37.522342681884766
9238085,2021,2021-03-26,4116,2021-02-26,1223,28307,30,5,5,5,4116,0,0,0,,0,00C,"SARATOGA DR","E 28TH AV",0.00,,Y,A,-,N,,,,,,,,,,Y,3,0,1,3,A,-,03,22350,,N,C,C,A,A,H,-,A,A,0,,,,,Y,,A,01,0,1,0,0,0,0,0,0,0,"- ","- ",37.546611785888672,-122.29638671875,"SAN MATEO","SAN MATEO",-122.29660797119141,37.546722412109375
9238087,2021,2021-03-26,4116,2021-02-13,1755,27730,21,6,5,5,4116,0,0,0,,0,00A,"SOUTH DELAWARE ST","MAGNOLIA DR",0.00,,Y,A,-,N,,,,,,,,,,Y,3,0,3,3,A,-,03,22350,,N,C,C,A,A,H,-,B,D,0,,,,,Y,,A,01,0,1,2,0,0,0,0,0,0,"- ","- ",37.559951782226562,-122.31221008300781,"SAN MATEO","SAN MATEO",-122.31221008300781,37.559944152832031