CASE_ID,ACCIDENT_YEAR,PROC_DATE,JURIS,COLLISION_DATE,COLLISION_TIME,OFFICER_ID,REPORTING_DISTRICT,DAY_OF_WEEK,CHP_SHIFT,POPULATION,CNTY_CITY_LOC,SPECIAL_COND,BEAT_TYPE,CHP_BEAT_TYPE,CITY_DIVISION_LAPD,CHP_BEAT_CLASS,BEAT_NUMBER,PRIMARY_RD,SECONDARY_RD,DISTANCE,DIRECTION,INTERSECTION,WEATHER_1,WEATHER_2,STATE_HWY_IND,CALTRANS_COUNTY,CALTRANS_DISTRICT,STATE_ROUTE,ROUTE_SUFFIX,POSTMILE_PREFIX,POSTMILE,LOCATION_TYPE,RAMP_INTERSECTION,SIDE_OF_HWY,TOW_AWAY,COLLISION_SEVERITY,NUMBER_KILLED,NUMBER_INJURED,PARTY_COUNT,PRIMARY_COLL_FACTOR,PCF_CODE_OF_VIOL,PCF_VIOL_CATEGORY,PCF_VIOLATION,PCF_VIOL_SUBSECTION,HIT_AND_RUN,TYPE_OF_COLLISION,MVIW,PED_ACTION,ROAD_SURFACE,ROAD_COND_1,ROAD_COND_2,LIGHTING,CONTROL_DEVICE,CHP_ROAD_TYPE,PEDESTRIAN_ACCIDENT,BICYCLE_ACCIDENT,MOTORCYCLE_ACCIDENT,TRUCK_ACCIDENT,NOT_PRIVATE_PROPERTY,ALCOHOL_INVOLVED,STWD_VEHTYPE_AT_FAULT,CHP_VEHTYPE_AT_FAULT,COUNT_SEVERE_INJ,COUNT_VISIBLE_INJ,COUNT_COMPLAINT_PAIN,COUNT_PED_KILLED,COUNT_PED_INJURED,COUNT_BICYCLIST_KILLED,COUNT_BICYCLIST_INJURED,COUNT_MC_KILLED,COUNT_MC_INJURED,PRIMARY_RAMP,SECONDARY_RAMP,LATITUDE,LONGITUDE,COUNTY,CITY,POINT_X,POINT_Y
9240177,2021,2021-04-27,4127,2021-02-19,2333,2259,4127,5,5,4,4127,0,0,0,,0,001,"WILLOW RD","NEWBRIDGE ST",20.00,E,N,A,-,Y,SM,4,114,-,-,5.256,I,5,N,Y,3,0,2,2,A,-,12,21453,A,F,D,D,A,A,H,-,C,A,0,,,,,Y,,A,01,0,1,1,0,0,0,0,0,0,"- ","- ",,,"SAN MATEO","EAST PALO ALTO",-122.15443420410156,37.472728729248047
9240377,2021,2021-04-08,4106,2021-03-07,1403,1222,13A,7,5,6,4106,0,0,0,,0,006,"SERRAMONTE BL","GELLERT BL",650.00,,N,A,-,N,,,,,,,,,,N,4,0,1,2,A,-,10,21950,A,N,G,B,B,A,H,-,A,A,0,Y,,,,Y,,A,01,0,0,1,0,1,0,0,0,0,"- ","- ",,,"SAN MATEO","DALY CITY",-122.46897125244141,37.669059753417969
9240453,2021,2021-04-20,4100,2021-02-11,0700,89432,MLB,4,5,3,4110,0,0,0,,0,061,"EAST MILLBRAE AV","RT 101",0.00,,Y,A,-,Y,SM,4,101,-,-,17.851,R,1,N,N,3,0,1,2,A,-,10,21950,A,N,G,B,B,A,H,-,B,A,0,Y,,,,Y,,A,01,0,1,0,0,1,0,0,0,0,"- ",NF,,,"SAN MATEO",MILLBRAE,-122.37898254394531,37.601726531982422
9240791,2021,2021-04-07,4113,2021-02-21,1222,462,5,7,5,5,4113,0,0,0,,0,005,"EL CAMINO REAL","OAKWOOD DR",34.00,E,N,A,-,Y,SM,4,82,-,-,2.850,H,-,S,N,3,0,1,2,A,-,21,22106,,N,C,C,A,A,H,-,A,A,0,,,,,Y,,A,07,0,1,0,0,0,0,0,0,0,"- ","- ",37.470539093017578,-122.21375274658203,"SAN MATEO","REDWOOD CITY",-122.21394348144531,37.47076416015625
9241085,2021,2021-03-27,4113,2021-02-26,1833,461,3,5,5,5,4113,0,0,0,,0,003,"CHESTNUT ST","HELLER ST",0.00,,Y,A,-,N,,,,,,,,,,Y,3,0,1,2,A,-,09,21804,A,N,B,C,A,-,H,-,C,D,0,,,Y,,Y,,A,01,0,1,0,0,0,0,0,0,1,"- ","- ",37.484291076660156,-122.22048950195312,"SAN MATEO","REDWOOD CITY",-122.22229766845703,37.481372833251953
9241281,2021,2021-04-05,4116,2021-02-28,1355,27518,23A,7,5,5,4116,0,0,0,,0,0DT,"EAST 5TH AV","EL CAMINO REAL",0.00,E,N,A,-,N,,,,,,,,,,N,2,0,2,3,A,-,03,22350,,N,G,B,F,A,H,-,A,A,0,Y,,,,Y,,A,01,2,0,0,0,2,0,0,0,0,"- ","- ",37.561679840087891,-122.32441711425781,"SAN MATEO","SAN MATEO",-122.32445526123047,37.561653137207031
9241345,2021,2021-04-19,4116,2021-03-14,1844,28187,23,7,5,5,4116,0,0,0,,0,00A,"17TH AV","IVY ST",35.00,W,N,C,-,N,,,,,,,,,,Y,3,0,2,2,A,-,01,23153,,N,B,E,A,B,H,-,C,D,0,,,,,Y,Y,A,01,0,2,0,0,0,0,0,0,0,"- ","- ",37.552700042724609,-122.31340026855469,"SAN MATEO","SAN MATEO",-122.31348419189453,37.552619934082031
9241349,2021,2021-04-19,4116,2021-03-02,1546,28071,14,2,5,5,4116,0,0,0,,0,00A,"EAST SANTA INEZ AV","RAMONA ST",0.00,,Y,B,-,N,,,,,,,,,,N,3,0,1,2,A,-,09,21802,A,N,D,C,A,A,H,-,A,A,0,,,,,Y,,A,01,0,1,0,0,0,0,0,0,0,"- ","- ",37.572219848632812,-122.32919311523438,"SAN MATEO","SAN MATEO",-122.32917785644531,37.572208404541016
9241910,2021,2021-04-19,4116,2021-03-08,2050,28775,13,1,5,5,4116,0,0,0,,0,0DT,"DELAWARE ST","2ND AV",0.00,,Y,A,-,N,,,,,,,,,,N,4,0,2,2,A,-,12,21453,A,N,D,C,A,A,H,-,C,A,0,,,,,Y,,A,01,0,0,2,0,0,0,0,0,0,"- ","- ",37.567901611328125,-122.32087707519531,"SAN MATEO","SAN MATEO",-122.32089233398438,37.567890167236328
9241969,2021,2021-04-29,4106,2021-03-25,1800,2070,12,4,5,6,4106,0,0,0,,0,005,"ST FRANCIS",SOUTHGATE,0.00,,Y,A,-,N,,,,,,,,,,N,3,0,2,3,A,-,10,21950,A,N,G,B,B,A,H,-,A,A,0,Y,,,,Y,Y,A,01,0,2,0,0,2,0,0,0,0,"- ","- ",,,"SAN MATEO","DALY CITY",-122.47957611083984,37.675853729248047
9241970,2021,2021-04-29,4106,2021-03-02,1141,2092,4,2,5,6,4106,0,0,0,,0,003,"JUNIPERO SERRO","SCHOOL ST",630.00,N,N,A,-,N,,,,,,,,,,N,3,0,1,2,A,-,10,21950,A,N,G,B,B,A,H,-,E,D,0,Y,,,,Y,,A,01,0,1,0,0,1,0,0,0,0,"- ","- ",37.696090698242188,-122.47232818603516,"SAN MATEO","DALY CITY",-122.47103118896484,37.694999694824219
9242661,2021,2021-04-13,4106,2021-02-10,2025,2146,13,3,5,6,4106,0,0,0,,0,006,"CALLAN BL","SERRAMONT CTR",0.00,,Y,A,-,N,,,,,,,,,,N,3,0,1,2,A,-,09,21801,A,N,D,C,A,A,H,-,C,D,0,,,,,Y,,D,22,0,1,0,0,0,0,0,0,0,"- ","- ",,,"SAN MATEO","DALY CITY",-122.47547149658203,37.669399261474609
9242710,2021,2021-04-13,4106,2021-03-19,1135,21154,13,5,5,6,4106,0,0,0,,0,006,"HICKEY BL","CALLAN BL",115.00,E,N,B,-,N,,,,,,,,,,N,4,0,1,2,A,-,03,22350,,N,C,C,A,A,H,-,A,A,0,,,,,Y,,D,72,0,0,1,0,0,0,0,0,0,"- ","- ",,,"SAN MATEO","DALY CITY",-122.47439575195312,37.665451049804688
9242962,2021,2021-04-16,4120,2021-03-03,0834,213,9,3,5,4,4120,0,0,0,,0,00Y,"EAST HILLSDALE BL","LIGHT STANDARD #1012B",162.00,W,N,A,-,N,,,,,,,,,,N,4,0,1,2,A,-,04,21703,,N,C,C,A,A,H,-,A,A,0,,,,,Y,,A,01,0,0,1,0,0,0,0,0,0,"- ","- ",37.552089691162109,-122.28045654296875,"SAN MATEO","FOSTER CITY",,
9242963,2021,2021-04-15,4120,2021-03-14,1943,220,6,7,5,4,4120,0,0,0,,0,00Y,"FARRAGUT BL","BEACH PARK BL",15.00,S,N,C,-,N,,,,,,,,,,N,3,0,1,2,A,-,10,21950,A,N,G,B,B,B,H,-,C,A,0,Y,,,,Y,,A,01,0,1,0,0,1,0,0,0,0,"- ","- ",37.546810150146484,-122.26801300048828,"SAN MATEO","FOSTER CITY",-122.26806640625,37.546890258789062
9242964,2021,2021-04-15,4120,2021-03-09,1225,213,6,2,5,4,4120,0,0,0,,0,00Y,"SHELL BL","LIGHT STANDARD #4060A",23.00,W,N,A,-,N,,,,,,,,,,N,2,0,1,2,A,-,07,21658,A,N,H,G,A,A,H,-,A,D,0,,Y,,,Y,,L,04,1,0,0,0,0,0,1,0,0,"- ","- ",37.549808502197266,-122.26393890380859,"SAN MATEO","FOSTER CITY",,
9243045,2021,2021-04-15,4120,2021-03-21,0309,212,11,7,5,4,4120,0,0,0,,0,00X,"CHESS DR","CHESS DR 1163",0.00,,Y,A,-,N,,,,,,,,,,N,3,0,1,3,A,-,07,21658,A,N,C,E,A,A,H,-,C,D,0,,,,,Y,,D,22,0,1,0,0,0,0,0,0,0,"- ","- ",37.566131591796875,-122.27204132080078,"SAN MATEO","FOSTER CITY",,
9244902,2021,2021-04-05,4116,2021-01-22,1600,28307,35,5,5,5,4116,0,0,0,,0,00C,"36TH AV","WINWAY CIR",0.00,,Y,C,-,N,,,,,,,,,,Y,3,0,1,2,A,-,09,21802,A,N,A,C,A,B,H,-,A,D,0,,,,,Y,,A,01,0,1,0,0,0,0,0,0,0,"- ","- ",37.532279968261719,-122.30190277099609,"SAN MATEO","SAN MATEO",-122.30204772949219,37.532035827636719
9244943,2021,2021-04-01,4113,2021-01-29,1055,462,8,5,5,5,4113,0,0,0,,0,008,"VIRGINIA AV","KANSAS AV",161.00,S,N,A,-,N,,,,,,,,,,N,3,0,1,2,A,-,21,22106,,N,G,B,E,A,H,-,A,D,0,Y,,,,Y,,A,01,0,1,0,0,1,0,0,0,0,"- ","- ",37.459789276123047,-122.23027038574219,"SAN MATEO","REDWOOD CITY",-122.23046112060547,37.459640502929688
9244944,2021,2021-04-01,4120,2021-01-28,1510,217,9,4,5,4,4120,0,0,0,,0,00Y,"EAST HILLSDALE BL","ALTAIR AV",100.00,W,N,B,C,N,,,,,,,,,,N,3,0,1,2,A,-,03,22350,,N,C,C,A,B,H,-,A,A,0,,,,,Y,,A,07,0,1,0,0,0,0,0,0,0,"- ","- ",37.551799774169922,-122.27999877929688,"SAN MATEO","FOSTER CITY",-122.280517578125,37.551830291748047
9245513,2021,2021-03-29,4113,2021-03-06,1341,487,8,6,5,5,4113,0,0,0,,0,008,"WOODSIDE RD","MASSACHUSETTS AV",0.00,,Y,A,-,Y,SM,4,84,-,-,23.280,H,-,N,N,3,0,1,2,A,-,17,22517,,N,H,G,A,A,H,-,A,D,0,,Y,,,Y,,A,01,0,1,0,0,0,0,1,0,0,"- ","- ",37.456939697265625,-122.22796630859375,"SAN MATEO","REDWOOD CITY",-122.22776031494141,37.456790924072266
9247236,2021,2021-04-23,4100,2021-03-30,0853,25906,SNC,2,5,4,4115,0,0,0,,0,053,"RT 82","OAK ST",9.00,S,N,A,-,Y,SM,4,82,-,-,6.760,H,-,N,N,3,0,1,2,A,-,04,21703,,N,C,C,A,A,H,-,A,A,0,,,,,Y,,D,72,0,1,0,0,0,0,0,0,0,"- ","- ",,,"SAN MATEO","SAN CARLOS",-122.26443481445312,37.510585784912109
9247492,2021,2021-04-20,4100,2021-03-01,1318,19970,"RT 82",1,5,4,4115,0,0,0,,0,,"RT 82","NORTH BUSH",117.00,N,N,A,-,N,,,,,,,,,,N,4,0,1,2,A,-,03,22350,,N,C,C,A,A,H,-,A,A,0,,,,,Y,,A,01,0,0,1,0,0,0,0,0,0,"- ","- ",,,"SAN MATEO","SAN CARLOS",,
9247493,2021,2021-04-19,4100,2021-03-15,1256,18230,WDS,1,5,2,4118,0,0,0,,0,WDS,"FARMHILL BL","WOODHILL RD",32.00,E,N,A,-,N,,,,,,,,,,Y,3,0,2,2,A,-,03,22350,,N,C,C,A,A,H,-,A,A,0,,,,,Y,,A,01,0,2,0,0,0,0,0,0,0,"- ","- ",,,"SAN MATEO",WOODSIDE,-122.26026153564453,37.447380065917969
9249014,2021,2021-04-26,4127,2021-03-12,2343,2151,4127,5,5,4,4127,0,0,0,,0,,"ILLINOIS ST","NOTRE DAME AV",196.00,W,N,A,-,N,,,,,,,,,,Y,4,0,1,5,A,-,01,23152,A,M,C,E,A,A,H,-,C,A,0,,,,,Y,Y,D,22,0,0,1,0,0,0,0,0,0,"- ","- ",,,"SAN MATEO","EAST PALO ALTO",-122.13545227050781,37.475971221923828
9249123,2021,2021-04-28,4113,2021-04-12,1150,487,7,1,5,5,4113,0,0,0,,0,007,"EL CAMINO REAL",BROADWAY,0.00,,Y,A,-,Y,SM,4,82,-,-,4.430,I,5,S,N,3,0,1,2,A,-,10,21950,A,N,G,B,B,A,H,-,A,A,0,Y,,,,Y,,D,23,0,1,0,0,1,0,0,0,0,"- ","- ",37.486190795898438,-122.23500823974609,"SAN MATEO","REDWOOD CITY",-122.2349853515625,37.486248016357422
9249825,2021,2021-04-21,4113,2021-01-02,0816,486,4,6,5,5,4113,0,0,0,,0,004,"MIDDLEFIELD RD","FLYNN AV",0.00,,Y,B,C,N,,,,,,,,,,Y,3,0,1,1,A,-,03,22350,,N,E,I,A,B,H,-,A,D,0,,,,,Y,,A,01,0,1,0,0,0,0,0,0,0,"- ","- ",37.479610443115234,-122.21592712402344,"SAN MATEO","REDWOOD CITY",-122.21475219726562,37.478908538818359
9250166,2021,2021-04-30,4113,2021-04-09,1558,363,3,5,5,5,4113,0,0,0,,0,003,"MIDDLEFIELD RD","CEDAR ST",0.00,,Y,A,-,N,,,,,,,,,,N,3,0,2,2,A,-,06,21755,A,N,D,C,A,A,H,-,A,D,0,,,Y,,Y,,C,02,0,1,1,0,0,0,0,0,2,"- ","- ",37.482551574707031,-122.22241973876953,"SAN MATEO","REDWOOD CITY",-122.222412109375,37.482551574707031
9250167,2021,2021-04-30,4113,2021-04-04,1902,482,2,7,5,5,4113,0,0,0,,0,002,"WINSLOW ST","HOPKINS ST",0.00,,Y,A,-,N,,,,,,,,,,N,3,0,1,2,A,-,08,22107,,N,D,C,A,A,H,-,B,D,0,,,Y,,Y,,A,01,0,1,0,0,0,0,0,0,1,"- ","- ",37.492019653320312,-122.23371124267578,"SAN MATEO","REDWOOD CITY",-122.23371887207031,37.492046356201172
9250171,2021,2021-04-30,4113,2021-04-01,0204,463,4,4,5,5,4113,0,0,0,,0,004,"EAST BAYSHORE RD","LYNGSO WY",78.00,S,N,A,-,N,,,,,,,,,,N,3,0,1,1,A,-,08,22107,,M,E,I,A,A,H,-,C,D,0,,,,,Y,,A,01,0,1,0,0,0,0,0,0,0,"- ","- ",37.492969512939453,-122.21322631835938,"SAN MATEO","REDWOOD CITY",-122.21273803710938,37.492149353027344
9250291,2021,2021-04-28,4116,2021-03-17,1758,28307,12,3,5,5,4116,0,0,0,,0,00A,"N IDAHO ST","SANTA INEZ AV",0.00,,Y,A,-,N,,,,,,,,,,N,3,0,1,2,A,-,09,21802,,N,D,D,A,A,H,-,A,A,0,,,,,Y,,A,01,0,1,0,0,0,0,0,0,0,"- ","- ",37.576858520507812,-122.32247161865234,"SAN MATEO","SAN MATEO",-122.32247161865234,37.576854705810547
9250339,2021,2021-05-03,4116,2021-04-07,1619,28307,16,3,5,5,4116,0,0,0,,0,00A,"SOUTH EL CAMINO REAL","BAYWOOD AV",100.00,S,N,A,-,N,,,,,,,,,,N,3,0,1,2,A,-,08,22107,,N,B,C,A,A,H,-,A,D,0,,,,,Y,,A,01,0,1,0,0,0,0,0,0,0,"- ","- ",37.5654296875,-122.32808685302734,"SAN MATEO","SAN MATEO",-122.32788848876953,37.565151214599609
9250341,2021,2021-04-30,4116,2021-04-01,1242,28252,15,4,5,5,4116,0,0,0,,0,00A,"EL PORTAL AV","WEST POPLAR AV",0.00,,Y,A,-,N,,,,,,,,,,N,3,0,1,1,A,-,07,21658,A,N,A,I,A,A,H,-,A,A,0,,Y,,,Y,,L,04,0,1,0,0,0,0,1,0,0,"- ","- ",37.564498901367188,-122.34678649902344,"SAN MATEO","SAN MATEO",-122.34682464599609,37.564479827880859
9250343,2021,2021-04-30,4116,2021-04-10,1816,26199,13,6,5,5,4116,0,0,0,,0,0DT,"EAST 4TH AV","B ST",0.00,,Y,A,-,N,,,,,,,,,,N,3,0,2,3,A,-,10,21950,A,N,G,B,B,A,H,-,A,A,0,Y,,,,Y,,A,01,0,2,0,0,2,0,0,0,0,"- ","- ",37.564800262451172,-122.32189178466797,"SAN MATEO","SAN MATEO",-122.32160949707031,37.564750671386719
9250402,2021,2021-05-03,4116,2021-04-10,2015,28517,34,6,5,5,4116,0,0,0,,0,00C,"E 20TH AV","SOUTH EL CAMINO REAL",11.00,W,N,A,-,N,,,,,,,,,,N,3,0,2,2,A,-,08,22107,,N,B,C,A,A,H,-,C,A,0,,,,,Y,,A,01,0,2,0,0,0,0,0,0,0,"- ","- ",37.548309326171875,-122.30995941162109,"SAN MATEO","SAN MATEO",-122.30982971191406,37.548309326171875
9251760,2021,2021-04-26,4100,2021-02-13,1405,25906,4100,6,5,4,4115,0,0,0,,0,053,"CRESTVIEW AV","EDMOND DR",500.00,N,N,A,-,N,,,,,,,,,,N,3,0,1,2,A,-,03,22350,A,N,C,E,A,A,H,-,A,D,0,,Y,,,Y,,L,04,0,1,0,0,0,0,1,0,0,"- ","- ",,,"SAN MATEO","SAN CARLOS",-122.28134918212891,37.476848602294922
9253172,2021,2021-04-29,4102,2021-03-19,1430,09650,10BC,5,5,4,4102,0,0,0,,0,003,"ENCLINE WAY","BELMONT CANYON RD",111.00,N,N,A,-,N,,,,,,,,,,Y,3,0,2,3,A,-,03,22350,,N,H,E,F,A,H,-,A,D,0,Y,,,,Y,,D,22,0,2,0,0,1,0,0,0,0,"- ","- ",37.513080596923828,-122.31813049316406,"SAN MATEO",BELMONT,-122.31827545166016,37.513072967529297
9253708,2021,2021-04-28,4106,2021-03-27,1820,2139,14,6,5,6,4106,0,0,0,,0,006,"HICKEY BL","IMPERIAL WY",40.00,E,N,A,F,N,,,,,,,,,,Y,4,0,3,2,A,-,12,21453,A,N,A,C,A,A,H,-,A,A,0,,,,,Y,,A,01,0,0,3,0,0,0,0,0,0,"- ","- ",,,"SAN MATEO","DALY CITY",-122.46391296386719,37.663295745849609
9254392,2021,2021-05-05,4106,2021-04-18,0943,2176,5,7,5,6,4106,0,0,0,,0,003,"MISSION ST","BISMARK ST",158.00,N,N,A,-,N,,,,,,,,,,Y,3,0,1,2,A,-,08,22107,,N,A,C,A,A,H,-,A,D,0,,,,,Y,,A,01,0,1,0,0,0,0,0,0,0,"- ","- ",,,"SAN MATEO","DALY CITY",-122.46465301513672,37.696201324462891
9254468,2021,2021-05-17,4106,2021-04-17,0200,2164,7,6,5,6,4106,0,0,0,,0,002,"3RD AV","VALLEY ST",0.00,,Y,A,-,N,,,,,,,,,,Y,4,0,1,2,A,-,01,23152,A,N,A,E,A,A,H,-,C,A,0,,,,,Y,Y,-,,0,0,1,0,0,0,0,0,0,"- ","- ",,,"SAN MATEO","DALY CITY",-122.46212005615234,37.687915802001953
9254610,2021,2021-04-29,4100,2021-02-08,1624,18230,WDS,1,5,2,4118,0,0,0,,0,030,"FARM HILL BL","THE LOOP RD",261.00,W,N,B,-,N,,,,,,,,,,Y,3,0,1,1,A,-,03,22350,,N,E,I,A,A,H,-,A,D,0,,,,,Y,,A,01,0,1,0,0,0,0,0,0,0,"- ","- ",,,"SAN MATEO",WOODSIDE,-122.26081848144531,37.446292877197266
9254734,2021,2021-05-10,4114,2021-03-02,0822,0066,SNB1,2,5,4,4114,0,0,0,,0,001,"SAN MATEO AV","ATLANTIC AV",100.00,N,N,A,-,N,,,,,,,,,,N,4,0,1,2,A,-,05,21460,,M,C,C,A,A,H,-,A,D,0,,,,,Y,,A,01,0,0,1,0,0,0,0,0,0,"- ","- ",,,"SAN MATEO","SAN BRUNO",-122.41156005859375,37.6395263671875
9254896,2021,2021-04-29,4127,2021-03-26,2345,2151,4127,5,5,4,4127,0,0,0,,0,003,"EAST BAYSHORE RD","DONOHOE ST",520.00,S,N,A,-,N,,,,,,,,,,Y,3,0,1,1,A,-,01,23152,A,N,A,I,A,A,H,-,C,A,0,,,,,Y,Y,A,01,0,1,0,0,0,0,0,0,0,"- ","- ",,,"SAN MATEO","EAST PALO ALTO",-122.14408111572266,37.462818145751953
9255160,2021,2021-05-05,4127,2021-04-08,1743,2253,4127,4,5,4,4127,0,0,0,,0,003,"GATES ST","TATE ST",50.00,S,N,A,-,N,,,,,,,,,,Y,4,0,2,3,A,-,08,22107,,M,C,E,A,A,H,-,A,D,0,,,,,Y,,A,01,0,0,2,0,0,0,0,0,0,"- ","- ",,,"SAN MATEO","EAST PALO ALTO",-122.1328125,37.460220336914062
9256243,2021,2021-06-17,4113,2021-04-13,2118,351,5,2,5,5,4113,0,0,0,,0,005,"RT 84","HESS RD",441.00,E,N,A,-,Y,,,84,,,,,,,N,2,0,1,1,D,-,00,,,N,H,A,A,A,H,-,C,D,0,,Y,,,Y,,-,"- ",1,0,0,0,0,0,1,0,0,"- ","- ",37.471488952636719,-122.22297668457031,"SAN MATEO","REDWOOD CITY",-122.22305297851562,37.471511840820312
9256255,2021,2021-06-28,4113,2021-05-10,0224,351,3,1,5,5,4113,0,0,0,,0,003,"RT 82","LINCOLN AV",0.00,,Y,A,-,Y,SM,4,82,-,-,3.800,H,-,S,N,1,1,0,3,A,-,10,21950,A,F,G,B,D,A,H,-,C,D,0,Y,,,,Y,,A,01,0,0,0,1,0,0,0,0,0,"- ","- ",37.480068206787109,-122.22573089599609,"SAN MATEO","REDWOOD CITY",-122.22674560546875,37.480007171630859
9256261,2021,2021-11-30,4106,2021-03-04,2000,1180,10,4,5,6,4106,0,0,0,,0,004,"RT 35","WESTRIDGE AV",0.00,,Y,A,-,Y,SM,4,35,-,-,30.270,I,5,S,Y,1,1,0,2,A,-,11,21456,C,N,G,B,B,A,H,-,C,A,0,Y,,,,Y,,N,60,0,0,0,1,0,0,0,0,0,"- ","- ",,,"SAN MATEO","DALY CITY",-122.49281311035156,37.690475463867188
9256511,2021,2021-08-19,4104,2021-05-10,0359,0645,1,1,5,4,4104,0,0,0,,0,00A,"LORTON AV","BAYSWATER AV",230.00,N,N,A,-,N,,,,,,,,,,Y,1,1,1,2,A,-,01,23152,A,F,C,E,A,A,H,-,C,D,0,,,,,Y,Y,A,07,0,1,0,0,0,0,0,0,0,"- ","- ",37.577560424804688,-122.34387969970703,"SAN MATEO",BURLINGAME,-122.34382629394531,37.577083587646484
9256972,2021,2021-06-09,4114,2021-04-30,1254,1126,SNB11,5,5,4,4114,0,0,0,,0,001,"EL CAMINO REAL","BAYHILL DR",10.00,S,N,A,-,Y,SM,4,82,-,-,18.730,H,-,N,N,3,0,1,4,A,-,03,22350,,N,C,C,A,A,H,-,A,A,0,,,,,Y,,D,22,0,1,0,0,0,0,0,0,0,"- ","- ",,,"SAN MATEO","SAN BRUNO",-122.41775512695312,37.630638122558594
9257417,2021,2021-04-29,4102,2021-04-03,1540,09650,2C,6,5,4,4102,0,0,0,,0,002,"LAUREL AV","CYPRESS AV",0.00,,Y,A,-,N,,,,,,,,,,N,3,0,1,1,A,-,08,22107,,N,E,I,A,A,H,-,A,A,0,,,,,Y,,A,01,0,1,0,0,0,0,0,0,0,"- ","- ",37.522148132324219,-122.27950286865234,"SAN MATEO",BELMONT,-122.27926635742188,37.521152496337891
9257441,2021,2021-04-26,4104,2021-03-15,1945,0259,11,1,5,4,4104,0,0,0,,0,00B,"HILLSIDE DR","BALBOA AV",200.00,E,N,A,-,N,,,,,,,,,,N,4,0,1,2,A,-,09,21804,A,N,D,C,A,A,H,-,C,D,0,,,,,Y,,A,01,0,0,1,0,0,0,0,0,0,"- ","- ",37.587501525878906,-122.37190246582031,"SAN MATEO",BURLINGAME,-122.37220001220703,37.587150573730469
9258177,2021,2021-05-05,4116,2021-04-19,2135,27900,12,1,5,5,4116,0,0,0,,0,00A,"TILTON AV","DELAWARE ST",111.00,W,N,A,-,N,,,,,,,,,,N,4,0,1,2,A,-,08,22107,,F,B,E,A,A,H,-,C,D,0,,,,,Y,,A,01,0,0,1,0,0,0,0,0,0,"- ","- ",37.572330474853516,-122.32573699951172,"SAN MATEO","SAN MATEO",-122.32456207275391,37.570751190185547
9259247,2021,2021-05-18,4116,2021-05-02,0030,28536,34,7,5,5,4116,0,0,0,,0,00C,"SOUTH EL CAMINO REAL","22ND AV",0.00,,Y,A,-,N,,,,,,,,,,Y,3,0,2,2,A,-,09,21804,A,N,D,C,A,A,H,-,C,A,0,,,,,Y,,A,01,0,2,0,0,0,0,0,0,0,"- ","- ",37.545680999755859,-122.30744171142578,"SAN MATEO","SAN MATEO",-122.3077392578125,37.546363830566406
9259522,2021,2021-05-17,4119,2021-03-25,0525,1802,,4,5,2,4119,0,0,0,,0,001,"WASHINGTON AV","90TH ST",71.00,N,N,A,-,N,,,,,,,,,,N,3,0,1,2,A,-,03,22350,,N,D,E,A,A,H,-,D,D,0,,,,,Y,,A,01,0,1,0,0,0,0,0,0,0,"- ","- ",,,"SAN MATEO",BROADMOOR,-122.47688293457031,37.691135406494141
9259621,2021,2021-05-25,4127,2021-01-03,0031,2264,4127,7,5,4,4127,0,0,0,,0,001,"CLARK AV","OCCONOR ST",80.00,E,N,A,-,N,,,,,,,,,,Y,3,0,1,4,A,-,08,22107,,M,B,E,A,A,H,-,C,D,0,,,,,Y,,A,01,0,1,0,0,0,0,0,0,0,"- ","- ",,,"SAN MATEO","EAST PALO ALTO",-122.13434600830078,37.460693359375
9259623,2021,2021-05-26,4116,2021-04-27,1700,28071,11,2,5,5,4116,0,0,0,,0,00A,"NORTH AMPHLETT BL","STATE ST",330.00,N,N,A,-,N,,,,,,,,,,Y,3,0,1,7,A,-,01,23152,,F,B,E,A,A,H,-,A,D,0,,,,,Y,Y,D,72,0,1,0,0,0,0,0,0,0,"- ","- ",37.579689025878906,-122.32389068603516,"SAN MATEO","SAN MATEO",-122.32786560058594,37.583236694335938
9260111,2021,2021-05-20,4102,2021-04-29,1555,48800,5BR,4,5,4,4102,0,0,0,,0,002,"RALSTON AV","CHEVY ST",216.00,W,N,A,-,N,,,,,,,,,,Y,3,0,2,3,A,-,03,22350,,N,C,C,A,A,H,-,A,D,0,,,,,Y,,A,01,0,2,0,0,0,0,0,0,0,"- ","- ",37.513309478759766,-122.29023742675781,"SAN MATEO",BELMONT,-122.28993225097656,37.513408660888672
9260968,2021,2021-07-27,4116,2021-06-01,1900,28536,32,2,5,5,4116,0,0,0,,0,00C,"CURTISS ST","POINTSETTIA AV",0.00,,Y,A,-,N,,,,,,,,,,N,2,0,1,1,-,-,"- ",,,N,F,A,A,A,H,-,A,A,0,,,Y,,Y,,C,02,1,0,0,0,0,0,0,0,1,"- ","- ",37.538768768310547,-122.29324340820312,"SAN MATEO","SAN MATEO",-122.29322052001953,37.538784027099609
9260973,2021,2021-07-14,4116,2021-06-13,1600,27518,13,7,5,5,4116,0,0,0,,0,0DT,"S CLAREMONT","EAST 4TH AV",0.00,,Y,A,-,N,,,,,,,,,,N,3,0,1,2,A,-,11,21954,A,N,B,B,E,A,H,-,A,D,0,Y,,,,Y,,N,60,0,1,0,0,1,0,0,0,0,"- ","- ",37.565841674804688,-122.31997680664062,"SAN MATEO","SAN MATEO",-122.32000732421875,37.565845489501953