CASE_ID,ACCIDENT_YEAR,PROC_DATE,JURIS,COLLISION_DATE,COLLISION_TIME,OFFICER_ID,REPORTING_DISTRICT,DAY_OF_WEEK,CHP_SHIFT,POPULATION,CNTY_CITY_LOC,SPECIAL_COND,BEAT_TYPE,CHP_BEAT_TYPE,CITY_DIVISION_LAPD,CHP_BEAT_CLASS,BEAT_NUMBER,PRIMARY_RD,SECONDARY_RD,DISTANCE,DIRECTION,INTERSECTION,WEATHER_1,WEATHER_2,STATE_HWY_IND,CALTRANS_COUNTY,CALTRANS_DISTRICT,STATE_ROUTE,ROUTE_SUFFIX,POSTMILE_PREFIX,POSTMILE,LOCATION_TYPE,RAMP_INTERSECTION,SIDE_OF_HWY,TOW_AWAY,COLLISION_SEVERITY,NUMBER_KILLED,NUMBER_INJURED,PARTY_COUNT,PRIMARY_COLL_FACTOR,PCF_CODE_OF_VIOL,PCF_VIOL_CATEGORY,PCF_VIOLATION,PCF_VIOL_SUBSECTION,HIT_AND_RUN,TYPE_OF_COLLISION,MVIW,PED_ACTION,ROAD_SURFACE,ROAD_COND_1,ROAD_COND_2,LIGHTING,CONTROL_DEVICE,CHP_ROAD_TYPE,PEDESTRIAN_ACCIDENT,BICYCLE_ACCIDENT,MOTORCYCLE_ACCIDENT,TRUCK_ACCIDENT,NOT_PRIVATE_PROPERTY,ALCOHOL_INVOLVED,STWD_VEHTYPE_AT_FAULT,CHP_VEHTYPE_AT_FAULT,COUNT_SEVERE_INJ,COUNT_VISIBLE_INJ,COUNT_COMPLAINT_PAIN,COUNT_PED_KILLED,COUNT_PED_INJURED,COUNT_BICYCLIST_KILLED,COUNT_BICYCLIST_INJURED,COUNT_MC_KILLED,COUNT_MC_INJURED,PRIMARY_RAMP,SECONDARY_RAMP,LATITUDE,LONGITUDE,COUNTY,CITY,POINT_X,POINT_Y
9261328,2021,2021-05-14,4101,2021-02-13,1554,16KM02,,6,5,2,4101,0,0,0,,0,002,"RT 82","SELBY LN",0.00,,Y,A,-,Y,SM,4,82,-,-,2.614,I,5,S,Y,2,0,2,2,A,-,03,22350,,N,D,C,A,A,H,-,A,D,0,,,Y,,Y,,C,02,2,0,0,0,0,0,0,0,2,"- ","- ",37.468391418457031,-122.21079254150391,"SAN MATEO",ATHERTON,-122.21078491210938,37.468448638916016
9261356,2021,2021-06-15,4114,2021-03-19,0435,0941,SNB7,5,5,4,4114,0,0,0,,0,002,"EL CAMINO REAL","TAYLOR AV",0.00,,Y,A,-,Y,SM,4,82,-,-,17.990,I,5,N,Y,3,0,1,2,A,-,17,21451,A,N,D,C,A,A,H,-,C,A,0,,,,,Y,,-,,0,1,0,0,0,0,0,0,0,"- ","- ",,,"SAN MATEO","SAN BRUNO",-122.41130065917969,37.621105194091797
9261875,2021,2021-06-09,4106,2021-04-13,1848,2173,5,2,5,6,4106,0,0,0,,0,003,"MISSION ST","E CAVOUR ST",0.00,,Y,A,-,N,,,,,,,,,,N,3,0,7,2,A,-,01,23153,A,N,C,C,A,A,H,-,A,D,0,,,,,Y,Y,A,01,0,7,0,0,0,0,0,0,0,"- ","- ",,,"SAN MATEO","DALY CITY",-122.46480560302734,37.695087432861328
9262162,2021,2021-05-18,4111,2021-04-01,1551,P5152,P18,4,5,4,4111,0,0,0,,0,0P3,"LINDA MAR BL","SEVILLE DR",159.00,W,N,A,-,N,,,,,,,,,,N,3,0,1,2,A,-,09,21804,A,N,D,C,A,A,H,-,A,D,0,,,,,Y,,A,01,0,1,0,0,0,0,0,0,0,"- ","- ",37.589000701904297,-122.49434661865234,"SAN MATEO",PACIFICA,-122.49407196044922,37.588829040527344
9262237,2021,2021-05-10,4111,2021-04-16,1001,P5163,P03,5,5,4,4111,0,0,0,,0,0P1,"PALMETTO AV","ESPLANADE AVE",0.00,,Y,A,-,N,,,,,,,,,,Y,3,0,1,2,A,-,08,22107,,N,D,C,A,A,H,-,A,D,0,,,,,Y,,A,01,0,1,0,0,0,0,0,0,0,"- ","- ",37.654819488525391,-122.49150848388672,"SAN MATEO",PACIFICA,-122.49147033691406,37.654804229736328
9262961,2021,2021-05-21,4114,2021-04-12,1508,869,SNB7,1,5,4,4114,0,0,0,,0,002,"EL CAMINO REAL","CHAPMAN AV",0.00,,Y,A,-,Y,SM,4,82,-,-,17.857,I,5,N,N,3,0,2,2,A,-,04,21703,,N,C,C,A,A,H,-,A,D,0,,,,,Y,,A,08,0,1,1,0,0,0,0,0,0,"- ","- ",,,"SAN MATEO","SAN BRUNO",-122.41007995605469,37.619430541992188
9263025,2021,2021-05-24,4111,2021-03-19,0404,P5106,P06,5,5,4,4111,0,0,0,,0,0P1,"RT 35","TIMBERHILL ST",560.00,N,N,B,-,Y,SM,4,35,-,-,27.390,H,-,N,Y,3,0,2,1,A,-,03,22350,,M,E,I,A,B,H,-,C,D,0,,,,,Y,,A,01,0,1,1,0,0,0,0,0,0,"- ","- ",37.647300720214844,-122.48169708251953,"SAN MATEO",PACIFICA,-122.47147369384766,37.653480529785156
9263143,2021,2021-05-25,4116,2021-04-15,0934,28252,50,4,5,5,4116,0,0,0,,0,00D,"AIRPORT BL","PENINSULA AV",0.00,,Y,A,-,N,,,,,,,,,,N,3,0,1,2,A,-,05,21650,1,N,D,G,A,A,H,-,A,A,0,,Y,,,Y,,L,04,0,1,0,0,0,0,1,0,0,"- ","- ",37.585369110107422,-122.32765197753906,"SAN MATEO","SAN MATEO",-122.32763671875,37.585357666015625
9264065,2021,2021-05-26,4113,2021-04-21,1218,351,3,3,5,5,4113,0,0,0,,0,003,"EL CAMINO REAL","BEECH ST",0.00,,Y,A,-,Y,SM,4,82,-,-,3.794,I,5,N,Y,3,0,2,2,A,-,09,21801,A,N,D,C,A,A,H,-,A,D,0,,,,,Y,,A,01,0,2,0,0,0,0,0,0,0,"- ","- ",37.47998046875,-122.22679138183594,"SAN MATEO","REDWOOD CITY",-122.22666168212891,37.479949951171875
9264594,2021,2021-06-03,4113,2021-04-01,1144,351,6,4,5,5,4113,0,0,0,,0,006,"EL CAMINO REAL","JACKSON AV",85.00,S,N,A,-,N,,,82,,,,,,,Y,3,0,1,3,A,-,04,21703,,N,C,C,A,A,H,-,A,D,0,,,,Y,Y,,D,22,0,1,0,0,0,0,0,0,0,"- ","- ",37.481498718261719,-122.22914886474609,"SAN MATEO","REDWOOD CITY",-122.22903442382812,37.481658935546875
9264979,2021,2021-05-21,4113,2021-03-24,1700,433,2,3,5,5,4113,0,0,0,,0,002,"ALDEN ST","ARGUELLO ST",0.00,,Y,A,-,N,,,,,,,,,,Y,2,0,1,2,A,-,"- ",,,N,E,I,A,A,H,-,A,D,0,,,Y,,Y,,C,02,1,0,0,0,0,0,0,0,1,"- ","- ",37.489109039306641,-122.23487091064453,"SAN MATEO","REDWOOD CITY",-122.2353515625,37.488807678222656
9264986,2021,2021-05-21,4113,2021-04-24,1436,1175,7,6,5,5,4113,0,0,0,,0,007,"WHIPPLE AV",HUDSON,19.00,W,N,A,-,N,,,,,,,,,,Y,3,0,1,2,A,-,08,22107,,N,D,C,A,A,H,-,A,D,0,,,,,Y,,A,01,0,1,0,0,0,0,0,0,0,"- ","- ",37.485298156738281,-122.24619293212891,"SAN MATEO","REDWOOD CITY",-122.2462158203125,37.485282897949219
9265937,2021,2021-05-26,4102,2021-05-19,1605,48800,6CI,3,5,4,4102,0,0,0,,0,003,"PULLMAN AV","RALSTON AV",15.00,N,N,A,-,N,,,,,,,,,,N,3,0,1,2,A,-,21,22106,,F,A,C,A,A,H,-,A,A,0,,,,,Y,,B,01,0,1,0,0,0,0,0,0,0,"- ","- ",37.511341094970703,-122.29741668701172,"SAN MATEO",BELMONT,-122.29739379882812,37.511390686035156
9265966,2021,2021-05-27,4106,2021-04-21,1528,2173,3,3,5,6,4106,0,0,0,,0,002,"BELLEVUE AV","ROOSEVELT ST",0.00,,Y,B,-,N,,,,,,,,,,N,3,0,1,2,A,-,07,21658,A,N,B,C,A,A,H,-,A,D,0,,,,,Y,,A,01,0,1,0,0,0,0,0,0,0,"- ","- ",,,"SAN MATEO","DALY CITY",-122.45291900634766,37.704086303710938
9266245,2021,2021-05-27,4106,2021-04-26,2020,2178,8A,1,5,6,4106,0,0,0,,0,004,"PARK PLAZA DR","JOHN DALY BL",147.00,N,N,A,-,N,,,,,,,,,,N,3,0,1,2,-,-,"- ",,,N,G,B,D,A,H,-,C,D,0,Y,,,,Y,,-,"- ",0,1,0,0,1,0,0,0,0,"- ","- ",,,"SAN MATEO","DALY CITY",-122.48223114013672,37.702098846435547
9266247,2021,2021-05-27,4106,2021-04-05,1445,2176,2,1,5,6,4106,0,0,0,,0,001,"CROCKER AV","SOUTHHILL BL",0.00,,Y,A,-,N,,,,,,,,,,N,3,0,1,2,A,-,12,22450,A,F,G,B,D,A,H,-,A,D,0,Y,,,,Y,,A,01,0,1,0,0,1,0,0,0,0,"- ","- ",,,"SAN MATEO","DALY CITY",-122.44219970703125,37.701736450195312
9266316,2021,2021-05-27,4106,2021-04-15,2107,2177,2,4,5,6,4106,0,0,0,,0,001,"CROCKER AV","SOUTH HILL BL",246.00,W,N,A,-,N,,,,,,,,,,Y,3,0,1,2,A,-,01,23152,A,N,B,E,A,A,H,-,C,D,0,,,,,Y,Y,A,01,0,1,0,0,0,0,0,0,0,"- ","- ",,,"SAN MATEO","DALY CITY",-122.44303131103516,37.701622009277344
9267816,2021,2021-06-16,4106,2021-05-20,0914,2154,5,4,5,6,4106,0,0,0,,0,003,"87TH ST","SULLIVAN AV",0.00,,Y,A,-,N,,,,,,,,,,N,3,0,1,2,A,-,10,21950,A,N,G,B,B,A,H,-,A,D,0,Y,,,,Y,,D,22,0,1,0,0,1,0,0,0,0,"- ","- ",,,"SAN MATEO","DALY CITY",-122.47222900390625,37.693260192871094
9268041,2021,2021-05-26,4114,2021-03-26,2239,0062,SNB5,5,5,4,4114,0,0,0,,0,001,"WEST SAN BRUNO AV","MASSON AV",10.00,W,N,A,-,N,,,,,,,,,,Y,2,0,1,2,A,-,10,21950,A,N,G,B,B,A,H,-,C,D,0,Y,,,,Y,,A,08,1,0,0,0,1,0,0,0,0,"- ","- ",,,"SAN MATEO","SAN BRUNO",-122.41361236572266,37.629966735839844
9268180,2021,2021-05-27,4116,2021-05-05,1222,25586,14,3,5,5,4116,0,0,0,,0,00A,"SAN MATEO DR","MONTE DIABLO AV",0.00,,Y,A,-,N,,,,,,,,,,Y,4,0,1,2,A,-,09,21802,A,N,D,C,A,A,H,-,A,A,0,,,,,Y,,A,01,0,0,1,0,0,0,0,0,0,"- ","- ",37.569480895996094,-122.32964324951172,"SAN MATEO","SAN MATEO",-122.32965087890625,37.569618225097656
9268233,2021,2021-06-02,4106,2021-05-13,1419,2131,4,4,5,6,4106,0,0,0,,0,003,"SANTA BARBARA AV","HILLCREST DR",0.00,,Y,A,-,N,,,,,,,,,,N,3,0,1,2,A,-,10,21950,A,N,G,B,B,A,H,-,A,D,0,Y,,,,Y,,A,01,0,1,0,0,1,0,0,0,0,"- ","- ",,,"SAN MATEO","DALY CITY",-122.46371459960938,37.706230163574219
9268252,2021,2021-05-27,4116,2021-04-21,1750,28307,14,3,5,5,4116,0,0,0,,0,00A,"N EL CAMINO REAL","EAST SANTA INEZ AV",0.00,,Y,A,-,N,,,,,,,,,,N,3,0,2,2,A,-,08,22107,,N,C,C,A,A,H,-,A,D,0,,,,,Y,,A,01,0,2,0,0,0,0,0,0,0,"- ","- ",37.569129943847656,-122.33364105224609,"SAN MATEO","SAN MATEO",-122.33367919921875,37.569141387939453
9268678,2021,2021-05-25,4127,2021-04-10,2026,2263,4127,6,5,4,4127,0,0,0,,0,001,"BAY RD","UNIVERSITY AV",265.00,N,N,A,-,N,,,,,,,,,,N,3,0,1,2,A,-,06,21755,,F,G,B,D,A,H,-,C,D,0,Y,,,,Y,,B,07,0,1,0,0,1,0,0,0,0,"- ","- ",,,"SAN MATEO","EAST PALO ALTO",-122.13880920410156,37.471771240234375
9269642,2021,2021-06-01,4111,2021-04-29,1635,515,P02,4,5,4,4111,0,0,0,,0,0P1,"HICKEY BL","RT 35",124.00,W,N,A,-,N,,,,,,,,,,Y,3,0,2,2,A,-,08,22107,,N,A,C,A,A,H,-,A,D,0,,,,,Y,,A,01,0,2,0,0,0,0,0,0,0,"- ","- ",,,"SAN MATEO",PACIFICA,-122.47624969482422,37.66046142578125
9269883,2021,2021-06-17,4127,2021-01-12,1035,2232,4127,2,5,4,4127,0,0,0,,0,002,"WEEKS ST","CAROLE CT",89.00,S,N,B,-,Y,,,,,,,,,,N,3,0,1,2,A,-,06,21750,A,N,B,C,A,A,H,-,A,D,0,,,,Y,Y,,A,01,0,1,0,0,0,0,0,0,0,"- ","- ",,,"SAN MATEO","EAST PALO ALTO",-122.13800811767578,37.470119476318359
9270733,2021,2021-06-04,4127,2021-04-09,1010,2233,4127,5,5,4,4127,0,0,0,,0,002,"PULGAS AV","BAY RD",0.00,,Y,A,-,N,,,,,,,,,,N,4,0,1,2,A,-,08,22107,,N,D,G,A,A,H,-,A,A,0,,Y,,,Y,,L,04,0,0,1,0,0,0,1,0,0,"- ","- ",,,"SAN MATEO","EAST PALO ALTO",-122.13187408447266,37.472911834716797
9270976,2021,2021-06-08,4116,2021-05-07,1736,28307,14,5,5,5,4116,0,0,0,,0,00A,"N EL CAMINO REAL","EAST SANTA INEZ AV",0.00,,Y,A,-,N,,,,,,,,,,N,4,0,1,2,A,-,08,22107,,N,B,C,A,A,H,-,A,D,0,,,,,Y,,A,01,0,0,1,0,0,0,0,0,0,"- ","- ",37.569648742675781,-122.33394622802734,"SAN MATEO","SAN MATEO",-122.33367919921875,37.569141387939453
9270981,2021,2021-06-16,4106,2021-05-20,2100,2173,11,4,5,6,4106,0,0,0,,0,005,"SKYLINE BL","GATEWAY DR",0.00,,Y,A,-,N,,,,,,,,,,N,3,0,1,2,A,-,12,22450,A,N,G,B,B,A,H,-,D,D,0,Y,,,,Y,,A,01,0,1,0,0,1,0,0,0,0,"- ","- ",,,"SAN MATEO","DALY CITY",-122.48658752441406,37.66571044921875
9270983,2021,2021-06-16,4106,2021-05-19,2200,2137,13,3,5,6,4106,0,0,0,,0,006,"SERRAMONTE BL","CALLAN BL",726.00,E,N,G,-,N,,,,,,,,,,Y,3,0,1,1,A,-,03,22350,,N,E,J,A,A,H,-,C,D,0,,,,,Y,,A,01,0,1,0,0,0,0,0,0,0,"- ","- ",,,"SAN MATEO","DALY CITY",-122.47297668457031,37.669326782226562
9270984,2021,2021-06-16,4106,2021-05-18,1618,2177,6,2,5,6,4106,0,0,0,,0,002,"CASTLE ST","HILLSIDE BL",0.00,,Y,A,-,N,,,,,,,,,,Y,3,0,1,3,A,-,12,22450,A,F,A,C,A,A,H,-,A,D,0,,,,,Y,,A,01,0,1,0,0,0,0,0,0,0,"- ","- ",,,"SAN MATEO","DALY CITY",-122.46150970458984,37.691738128662109
9270987,2021,2021-06-16,4106,2021-05-18,1527,2154,4,2,5,6,4106,0,0,0,,0,003,"JUNIPER SERRA BL","JOHN DALY BL",762.00,S,N,A,-,N,,,,,,,,,,N,3,0,6,2,A,-,09,21801,A,N,A,C,A,A,H,-,A,A,0,,,,,Y,,A,01,0,5,1,0,0,0,0,0,0,"- ","- ",37.702770233154297,-122.47044372558594,"SAN MATEO","DALY CITY",-122.47090148925781,37.702892303466797
9270988,2021,2021-06-16,4106,2021-05-15,0637,2142,10,6,5,6,4106,0,0,0,,0,004,"SKYLINE BL","WESTRIDGE AV",840.00,N,N,A,-,N,,,,,,,,,,Y,4,0,1,1,A,-,03,22350,,N,E,I,A,B,H,-,B,D,0,,,,,Y,,A,08,0,0,1,0,0,0,0,0,0,"- ","- ",,,"SAN MATEO","DALY CITY",-122.494140625,37.692546844482422
9270989,2021,2021-06-16,4106,2021-05-06,1628,2154,1,4,5,6,4106,0,0,0,,0,001,"BAYSHORE BL","MACDONALD AV",326.00,N,N,B,-,N,,,,,,,,,,Y,4,0,3,4,A,-,03,22350,,N,C,C,A,A,H,-,A,D,0,,,,Y,Y,,A,01,0,0,3,0,0,0,0,0,0,"- ","- ",37.707141876220703,-122.4072265625,"SAN MATEO","DALY CITY",-122.40641784667969,37.706169128417969
9270990,2021,2021-06-16,4106,2021-05-03,1900,2174,9A,1,5,6,4106,0,0,0,,0,004,"SOUTHGATE AV","LAKE MERCED BL",0.00,,Y,A,-,N,,,,,,,,,,N,3,0,1,2,A,-,03,22350,,F,G,B,B,A,H,-,A,A,0,Y,,,,Y,,A,01,0,1,0,0,1,0,0,0,0,"- ","- ",,,"SAN MATEO","DALY CITY",-122.48307800292969,37.697650909423828
9270991,2021,2021-06-16,4106,2021-05-01,0406,2093,13A,6,5,6,4106,0,0,0,,0,006,"SERRAMONTE BL","GELLERT BL",0.00,,Y,A,-,N,,,,,,,,,,N,4,0,2,2,A,-,03,22350,,N,D,C,A,B,H,-,C,A,0,,,,,Y,,A,01,0,0,2,0,0,0,0,0,0,"- ","- ",,,"SAN MATEO","DALY CITY",-122.46897125244141,37.669059753417969
9271079,2021,2021-06-14,4106,2021-05-24,1515,2146,14,1,5,6,4106,0,0,0,,0,006,"PLYMOUTH CIR","GELLERT BL",0.00,,Y,A,-,N,,,,,,,,,,N,3,0,1,2,A,-,21,22106,,N,H,G,A,A,H,-,A,D,0,,Y,,,Y,,A,01,0,1,0,0,0,0,1,0,0,"- ","- ",,,"SAN MATEO","DALY CITY",-122.45658111572266,37.651050567626953
9271538,2021,2021-07-28,4116,2021-05-09,1645,28938,34,7,5,5,4116,0,0,0,,0,00C,"28TH AV","SOUTH EL CAMINO REAL",29.00,E,N,A,-,Y,SM,4,82,-,-,9.773,I,5,S,N,3,0,1,2,A,-,10,21950,A,N,G,B,B,A,H,-,A,A,0,Y,,,,Y,,-,,0,1,0,0,1,0,0,0,0,"- ","- ",37.541358947753906,-122.30294036865234,"SAN MATEO","SAN MATEO",-122.3026123046875,37.541534423828125
9271959,2021,2021-06-10,4120,2021-05-03,0656,222,1,1,5,4,4120,0,0,0,,0,00X,"EAST HILLSDALE BL","FOSTER CITY BL",0.00,,Y,A,-,N,,,,,,,,,,N,2,0,1,2,A,-,11,21954,A,N,G,B,B,A,H,-,A,A,0,Y,,,,Y,,N,60,1,0,0,0,1,0,0,0,0,"- ","- ",37.561389923095703,-122.26894378662109,"SAN MATEO","FOSTER CITY",-122.26917266845703,37.561321258544922
9272859,2021,2021-07-21,4116,2021-06-12,1827,27578,52,6,5,5,4116,0,0,0,,0,00D,"RAND ST","DAKOTA AV",65.00,S,N,A,-,N,,,,,,,,,,Y,4,0,1,2,A,-,01,23152,A,M,C,E,A,A,H,-,A,D,0,,,,,Y,Y,-,,0,0,1,0,0,0,0,0,0,"- ","- ",37.571731567382812,-122.30986785888672,"SAN MATEO","SAN MATEO",-122.30725860595703,37.571380615234375
9273103,2021,2021-06-15,4113,2021-05-25,1843,478,5,2,5,5,4113,0,0,0,,0,005,"WOODSIDE RD",GORDON,107.00,E,N,A,-,N,,,84,,,,,,,N,3,0,2,2,A,-,01,23153,A,N,C,D,A,A,H,-,A,D,0,,,,,Y,Y,A,01,0,1,1,0,0,0,0,0,0,"- ","- ",37.466670989990234,-122.22422027587891,"SAN MATEO","REDWOOD CITY",-122.22414398193359,37.466651916503906
9273104,2021,2021-06-15,4113,2021-05-03,1655,487,5,1,5,5,4113,0,0,0,,0,005,"WOODSIDE RD","CENTRAL AV",115.00,W,N,A,-,N,,,84,,,,,,,Y,3,0,1,3,A,-,03,22350,,N,C,C,A,A,H,-,A,A,0,,,,,Y,,A,01,0,1,0,0,0,0,0,0,0,"- ","- ",37.469318389892578,-122.22361755371094,"SAN MATEO","REDWOOD CITY",-122.22356414794922,37.469306945800781
9273701,2021,2021-06-29,4106,2021-05-31,1321,2146,,1,5,6,4106,0,0,0,,0,,"SAN PEDRO","DUNKS ST",0.00,,Y,A,-,N,,,,,,,,,,N,3,0,3,2,A,-,09,21801,A,N,D,C,A,A,H,-,A,D,0,,,,,Y,,A,01,0,3,0,0,0,0,0,0,0,"- ","- ",,,"SAN MATEO","DALY CITY",-122.46985626220703,37.686454772949219
9273702,2021,2021-06-29,4106,2021-05-21,2102,2151,1,5,5,6,4106,0,0,0,,0,001,"BAYSHORE BL","MACDONALD ST",17.00,E,N,A,-,N,,,,,,,,,,Y,2,0,1,2,A,-,05,21650,,N,D,C,A,A,H,-,C,D,0,,,Y,,Y,,C,02,1,0,0,0,0,0,0,0,1,"- ","- ",,,"SAN MATEO","DALY CITY",-122.40675354003906,37.705364227294922
9274791,2021,2021-07-06,4103,2021-05-22,0741,VE300,1,6,5,2,4103,0,0,0,,0,00U,"MARINA BL","SIERRA POINT PKWY",536.00,N,N,A,-,N,,,,,,,,,,N,4,0,1,2,A,-,08,22100,A,N,B,C,A,A,H,-,A,D,0,,,,Y,Y,,F,26,0,0,1,0,0,0,0,0,0,"- ","- ",37.674331665039062,-122.38770294189453,"SAN MATEO",BRISBANE,-122.3868408203125,37.674903869628906
9275129,2021,2021-07-01,4103,2021-05-06,0601,ME150,1,4,5,2,4103,0,0,0,,0,00U,"VALLEY DR","SOUTH HILL DR",0.00,,Y,A,-,N,,,,,,,,,,N,3,0,1,2,A,-,09,21801,,N,D,C,A,A,H,-,A,A,0,,,,,Y,,A,01,0,1,0,0,0,0,0,0,0,"- ","- ",37.688278198242188,-122.4111328125,"SAN MATEO",BRISBANE,-122.41110992431641,37.688282012939453
9275274,2021,2021-07-06,4100,2021-03-09,0815,25201,4100,2,5,4,4115,0,0,0,,0,052,"HOLLY ST","OLD COUNTY RD",30.00,S,N,B,-,N,,,,,,,,,,N,3,0,1,1,A,-,03,22350,,N,H,G,A,B,G,-,A,D,0,,Y,,,Y,,L,04,0,1,0,0,0,0,1,0,0,"- ","- ",,,"SAN MATEO","SAN CARLOS",-122.26122283935547,37.509021759033203
9275555,2021,2021-07-15,4113,2021-05-14,1459,477,7,5,5,5,4113,0,0,0,,0,007,"ALAMEDA DE LAS PULGAS","HOPKINS AV",0.00,,Y,A,-,N,,,,,,,,,,Y,3,0,1,2,A,-,09,21800,C,N,H,C,A,A,H,-,A,D,0,,,,,Y,,D,22,0,1,0,0,0,0,0,0,0,"- ","- ",37.479141235351562,-122.25142669677734,"SAN MATEO","REDWOOD CITY",-122.25142669677734,37.479141235351562
9276185,2021,2021-09-01,4102,2021-08-12,1443,48800,3DT,4,5,4,4102,0,0,0,,0,002,"EL CAMINO REAL","HARBOR BL",0.00,,Y,A,-,Y,SM,4,82,-,-,7.290,H,-,N,Y,3,0,2,3,A,-,03,22350,,N,C,C,A,A,H,-,A,A,0,,,,,Y,,A,08,0,1,1,0,0,0,0,0,0,"- ","- ",37.516700744628906,-122.27113342285156,"SAN MATEO",BELMONT,-122.27092742919922,37.516216278076172
9276545,2021,2021-09-30,4106,2021-09-04,1614,2083,5,6,5,6,4106,0,0,0,,0,003,"SAN PEDRO RD","ALLEMANY ST",0.00,,Y,A,-,N,,,,,,,,,,N,2,0,1,2,A,-,10,21950,,F,G,B,B,A,H,-,A,D,0,Y,,,,Y,,A,01,1,0,0,0,1,0,0,0,0,"- ","- ",,,"SAN MATEO","DALY CITY",-122.46762084960938,37.688346862792969
9277348,2021,2021-06-09,4119,2021-05-21,0000,1905,,5,5,2,4119,0,0,0,,0,,"SWEETWOOD DR","GILMAN DR",260.00,S,N,A,-,N,,,,,,,,,,Y,3,0,2,2,A,-,09,21804,A,N,D,C,A,A,H,-,D,D,0,,,,,Y,,A,07,0,2,0,0,0,0,0,0,0,"- ","- ",,,"SAN MATEO",BROADMOOR,-122.47901916503906,37.689476013183594
9278207,2021,2021-06-25,4116,2021-05-15,1415,27730,52,6,5,5,4116,0,0,0,,0,00D,"KEHOE AV","S NORFOLK ST",0.00,,Y,A,-,N,,,,,,,,,,N,3,0,2,2,D,-,00,,,N,D,C,A,A,H,-,A,D,0,,,,,Y,,-,"- ",0,1,1,0,0,0,0,0,0,"- ","- ",37.564491271972656,-122.30236053466797,"SAN MATEO","SAN MATEO",-122.30235290527344,37.564460754394531
9278863,2021,2021-06-29,4113,2021-05-30,1849,469,4,7,5,5,4113,0,0,0,,0,004,"ROLISON RD",HAVEN,0.00,,Y,A,-,N,,,,,,,,,,Y,4,0,1,2,A,-,09,21801,,N,D,C,A,A,H,-,A,C,0,,,,,Y,,A,01,0,0,1,0,0,0,0,0,0,"- ","- ",,,"SAN MATEO","REDWOOD CITY",-122.18991088867188,37.485332489013672
9278864,2021,2021-06-29,4113,2021-05-19,2101,487,3,3,5,5,4113,0,0,0,,0,003,"VETERANS BL","CHESTNUT ST",0.00,,Y,A,-,N,,,,,,,,,,Y,2,0,2,2,D,-,00,,,N,A,C,A,A,H,-,C,A,0,,,Y,,Y,,-,"- ",1,0,1,0,0,0,0,0,1,"- ","- ",37.488861083984375,-122.21684265136719,"SAN MATEO","REDWOOD CITY",-122.21704864501953,37.488754272460938
9278865,2021,2021-06-29,4113,2021-05-10,1234,464,5,1,5,5,4113,0,0,0,,0,005,"EL CAMINO REAL","CENTER ST",0.00,,Y,A,-,N,,,82,,,,,,,N,4,0,1,2,A,-,03,22350,,N,C,C,A,A,H,-,A,A,0,,,,,Y,,A,01,0,0,1,0,0,0,0,0,0,"- ","- ",37.473800659179688,-122.21823883056641,"SAN MATEO","REDWOOD CITY",-122.21820831298828,37.473846435546875
9278961,2021,2021-07-08,4102,2021-06-12,0248,82350,8SJ,6,5,4,4102,0,0,0,,0,003,"SAN JUAN BL","MARBURGER AV",153.00,E,N,A,-,N,,,,,,,,,,Y,3,0,5,2,A,-,03,22350,,F,D,C,A,A,H,-,D,D,0,,,,,Y,,A,01,0,5,0,0,0,0,0,0,0,"- ","- ",37.514938354492188,-122.30912780761719,"SAN MATEO",BELMONT,-122.31050109863281,37.515281677246094
9278962,2021,2021-07-08,4102,2021-06-05,1943,48400,3DT,6,5,4,4102,0,0,0,,0,002,"5TH AV","E ST",27.00,N,N,A,-,N,,,,,,,,,,Y,3,0,2,2,A,-,03,22350,,N,D,E,A,A,H,-,A,D,0,,,,,Y,,A,01,0,1,1,0,0,0,0,0,0,"- ","- ",37.514881134033203,-122.26969146728516,"SAN MATEO",BELMONT,-122.26982879638672,37.514728546142578
9278999,2021,2021-07-12,4113,2021-06-04,1808,453,11,5,5,5,4113,0,0,0,,0,023,"JEFFERSON AV","FRANKLIN ST",16.00,E,N,A,-,N,,,,,,,,,,N,4,0,1,2,A,-,05,21650,1,N,H,G,A,A,H,-,A,A,0,,Y,,,Y,Y,L,04,0,0,1,0,0,0,1,0,0,"- ","- ",37.483451843261719,-122.22960662841797,"SAN MATEO","REDWOOD CITY",-122.22968292236328,37.483501434326172
9279000,2021,2021-07-12,4113,2021-06-02,1654,474,2,3,5,5,4113,0,0,0,,0,002,"ARGUELLO ST","STANDISH ST",0.00,,Y,A,-,N,,,,,,,,,,N,3,0,1,2,A,-,17,21209,A,N,C,C,A,A,H,-,A,D,0,,,Y,,Y,,C,03,0,1,0,0,0,0,0,0,1,"- ","- ",37.490489959716797,-122.23725891113281,"SAN MATEO","REDWOOD CITY",-122.23729705810547,37.490489959716797
9279949,2021,2021-07-01,4106,2021-05-25,1642,2178,9A,2,5,6,4106,0,0,0,,0,004,"PARK PLAZA DR","JOHN DALY BL",467.00,S,N,A,-,N,,,,,,,,,,N,3,0,1,2,A,-,09,21804,B,N,G,B,C,A,H,-,A,D,0,Y,,,,Y,,N,60,0,1,0,0,1,0,0,0,0,"- ","- ",37.700908660888672,-122.48181915283203,"SAN MATEO","DALY CITY",-122.48162841796875,37.700912475585938