CASE_ID,ACCIDENT_YEAR,PROC_DATE,JURIS,COLLISION_DATE,COLLISION_TIME,OFFICER_ID,REPORTING_DISTRICT,DAY_OF_WEEK,CHP_SHIFT,POPULATION,CNTY_CITY_LOC,SPECIAL_COND,BEAT_TYPE,CHP_BEAT_TYPE,CITY_DIVISION_LAPD,CHP_BEAT_CLASS,BEAT_NUMBER,PRIMARY_RD,SECONDARY_RD,DISTANCE,DIRECTION,INTERSECTION,WEATHER_1,WEATHER_2,STATE_HWY_IND,CALTRANS_COUNTY,CALTRANS_DISTRICT,STATE_ROUTE,ROUTE_SUFFIX,POSTMILE_PREFIX,POSTMILE,LOCATION_TYPE,RAMP_INTERSECTION,SIDE_OF_HWY,TOW_AWAY,COLLISION_SEVERITY,NUMBER_KILLED,NUMBER_INJURED,PARTY_COUNT,PRIMARY_COLL_FACTOR,PCF_CODE_OF_VIOL,PCF_VIOL_CATEGORY,PCF_VIOLATION,PCF_VIOL_SUBSECTION,HIT_AND_RUN,TYPE_OF_COLLISION,MVIW,PED_ACTION,ROAD_SURFACE,ROAD_COND_1,ROAD_COND_2,LIGHTING,CONTROL_DEVICE,CHP_ROAD_TYPE,PEDESTRIAN_ACCIDENT,BICYCLE_ACCIDENT,MOTORCYCLE_ACCIDENT,TRUCK_ACCIDENT,NOT_PRIVATE_PROPERTY,ALCOHOL_INVOLVED,STWD_VEHTYPE_AT_FAULT,CHP_VEHTYPE_AT_FAULT,COUNT_SEVERE_INJ,COUNT_VISIBLE_INJ,COUNT_COMPLAINT_PAIN,COUNT_PED_KILLED,COUNT_PED_INJURED,COUNT_BICYCLIST_KILLED,COUNT_BICYCLIST_INJURED,COUNT_MC_KILLED,COUNT_MC_INJURED,PRIMARY_RAMP,SECONDARY_RAMP,LATITUDE,LONGITUDE,COUNTY,CITY,POINT_X,POINT_Y
9280024,2021,2021-07-01,4116,2021-06-05,2125,28536,62,6,5,5,4116,0,0,0,,0,00D,"LA SELVA ST","CASA DE CAMPO",422.00,S,N,A,-,N,,,,,,,,,,Y,3,0,3,3,A,-,01,23153,A,N,D,C,A,A,H,-,C,D,0,,,,,Y,Y,A,01,0,2,1,0,0,0,0,0,0,"- ","- ",37.540149688720703,-122.28288269042969,"SAN MATEO","SAN MATEO",-122.28514862060547,37.542301177978516
9280161,2021,2021-06-21,4113,2021-02-18,1417,433,GEO,4,5,5,4113,0,0,0,,0,099,"EL CAMINO REAL","DUMBARTON AV",176.00,,N,A,-,Y,SM,4,82,-,-,2.800,H,-,N,Y,3,0,2,2,A,-,03,22350,,N,C,C,A,A,H,-,A,A,0,,,,,Y,,A,08,0,1,1,0,0,0,0,0,0,"- ","- ",37.470409393310547,-122.21276092529297,"SAN MATEO","REDWOOD CITY",-122.21327209472656,37.47027587890625
9281610,2021,2021-06-29,4104,2021-05-12,0732,0645,1,3,5,4,4104,0,0,0,,0,00A,"RT 82","HOWARD AV",0.00,,Y,A,-,Y,SM,4,82,-,-,13.234,I,5,N,Y,3,0,2,3,A,-,09,21801,A,N,A,C,A,A,H,-,A,A,0,,,,,Y,,D,72,0,2,0,0,0,0,0,0,0,"- ","- ",37.575790405273438,-122.34771728515625,"SAN MATEO",BURLINGAME,-122.34778594970703,37.575798034667969
9281630,2021,2021-07-02,4106,2021-06-03,0824,2154,1,4,5,6,4106,0,0,0,,0,001,"BAY RIDGE DR","NANCY LN",35.00,W,N,A,-,N,,,,,,,,,,N,4,0,1,2,A,-,03,22350,,M,C,C,A,A,H,-,A,D,0,,,,,Y,,-,,0,0,1,0,0,0,0,0,0,"- ","- ",,,"SAN MATEO","DALY CITY",-122.42279815673828,37.701736450195312
9281667,2021,2021-07-02,4113,2021-06-04,1922,461,3,5,5,5,4113,0,0,0,,0,003,"MAIN ST","CHESTNUT ST",0.00,,Y,A,-,N,,,,,,,,,,N,4,0,2,2,A,-,09,21804,A,M,D,C,A,A,H,-,A,D,0,,,,,Y,,D,22,0,0,2,0,0,0,0,0,0,"- ","- ",37.479290008544922,-122.22366333007812,"SAN MATEO","REDWOOD CITY",-122.22367095947266,37.479320526123047
9281776,2021,2021-06-23,4111,2021-05-09,2200,P5150,P04,7,5,4,4111,0,0,0,,0,0P1,"MONTEREY RD","MANOR DR",341.00,N,N,A,-,N,,,,,,,,,,N,4,0,1,2,A,-,21,22106,,M,C,E,A,A,H,-,C,D,0,,,,,Y,,A,01,0,0,1,0,0,0,0,0,0,"- ","- ",,,"SAN MATEO",PACIFICA,-122.47785186767578,37.646099090576172
9283716,2021,2021-07-29,4113,2021-06-30,1551,487,3,3,5,5,4113,0,0,0,,0,003,"CHESTNUT ST","SHASTA ST",0.00,,Y,A,-,N,,,,,,,,,,Y,3,0,2,2,A,-,09,21804,A,N,D,C,A,A,H,-,A,D,0,,,,,Y,,A,01,0,2,0,0,0,0,0,0,0,"- ","- ",37.479290008544922,-122.22366333007812,"SAN MATEO","REDWOOD CITY",-122.2235107421875,37.479625701904297
9284151,2021,2021-07-23,4106,2021-06-20,0955,2146,9A,7,5,6,4106,0,0,0,,0,004,"PARK PLAZA DR","SOUTHGATE AV",0.00,,Y,A,-,N,,,,,,,,,,N,3,0,1,2,A,-,10,21950,A,N,G,B,B,A,H,-,B,A,0,Y,,,,Y,,A,01,0,1,0,0,1,0,0,0,0,"- ","- ",37.699199676513672,-122.48235321044922,"SAN MATEO","DALY CITY",-122.48050689697266,37.698444366455078
9284165,2021,2021-07-27,4113,2021-06-07,1700,475,2,1,5,5,4113,0,0,0,,0,002,"WHIPPLE AV",INDUSTRIAL,0.00,,Y,A,-,N,,,,,,,,,,N,3,0,1,2,A,-,10,21950,A,F,G,B,B,A,H,-,A,A,0,Y,,,,Y,,A,01,0,1,0,0,1,0,0,0,0,"- ","- ",37.493450164794922,-122.23612213134766,"SAN MATEO","REDWOOD CITY",-122.23602294921875,37.493461608886719
9284166,2021,2021-07-21,4113,2021-06-03,1451,482,8,4,5,5,4113,0,0,0,,0,008,"HAMPTON WY","HAMPTON AV",18.00,N,N,A,-,N,,,,,,,,,,N,3,0,1,2,A,-,"- ",,,N,C,D,A,A,H,-,A,D,0,,,,,Y,,A,01,0,1,0,0,0,0,0,0,0,"- ","- ",37.461910247802734,-122.23198699951172,"SAN MATEO","REDWOOD CITY",,
9284255,2021,2021-07-09,4113,2021-05-28,2010,469,4,5,5,5,4113,0,0,0,,0,004,"6TH AV","BAY RD",0.00,,Y,A,-,N,,,,,,,,,,N,4,0,1,2,A,-,00,22197,,N,C,E,A,A,H,-,A,D,0,,,Y,,Y,,C,03,0,0,1,0,0,0,0,0,1,"- ","- ",37.481300354003906,-122.19773101806641,"SAN MATEO","REDWOOD CITY",-122.19777679443359,37.481292724609375
9284446,2021,2021-08-31,4106,2021-06-22,1105,2146,1,2,5,6,4106,0,0,0,,0,001,"ACCACIA ST","GENEVA AV",0.00,,Y,A,-,N,,,,,,,,,,N,3,0,1,2,A,-,11,21954,A,M,G,B,E,A,H,-,A,D,0,Y,,,,Y,,N,60,0,1,0,0,1,0,0,0,0,"- ","- ",,,"SAN MATEO","DALY CITY",-122.41494750976562,37.706832885742188
9285812,2021,2021-07-06,4106,2021-06-01,0955,2146,1,2,5,6,4106,0,0,0,,0,001,"CALGARY ST","GENEVA AV",0.00,,Y,A,-,N,,,,,,,,,,N,3,0,2,3,A,-,11,21954,A,N,A,C,D,A,H,-,A,D,0,Y,,,,Y,,N,60,0,2,0,0,0,0,0,0,0,"- ","- ",,,"SAN MATEO","DALY CITY",-122.41664123535156,37.707328796386719
9285814,2021,2021-07-06,4106,2021-06-17,1459,2154,8,4,5,6,4106,0,0,0,,0,004,"JOHN DALY BL","PONCETTA DR",425.00,E,N,A,-,N,,,,,,,,,,Y,4,0,1,2,A,-,03,22350,,N,C,C,A,A,H,-,A,A,0,,,,,Y,,A,07,0,0,1,0,0,0,0,0,0,"- ","- ",,,"SAN MATEO","DALY CITY",-122.47414398193359,37.704410552978516
9285815,2021,2021-07-06,4106,2021-06-14,2015,2069,14,1,5,6,4106,0,0,0,,0,006,"BROSNAN CT","PLYMOUTH CIR",0.00,,Y,B,-,N,,,,,,,,,,N,3,0,1,2,A,-,09,21804,,N,D,G,A,A,H,-,C,D,0,,Y,,,Y,,A,01,0,1,0,0,0,0,1,0,0,"- ","- ",,,"SAN MATEO","DALY CITY",-122.45603942871094,37.651660919189453
9286364,2021,2021-07-20,4113,2021-06-07,1711,487,3,1,5,5,4113,0,0,0,,0,003,"WOODSIDE RD",BROADWAY,0.00,,Y,A,-,Y,SM,4,84,-,-,25.540,H,-,N,Y,2,0,2,3,A,-,03,22350,,N,C,C,A,A,H,-,A,A,0,,,,,Y,,A,01,2,0,0,0,0,0,0,0,0,"- ","- ",37.487049102783203,-122.21421051025391,"SAN MATEO","REDWOOD CITY",-122.21408081054688,37.487026214599609
9286366,2021,2021-07-22,4113,2021-06-03,0816,384,8,4,5,5,4113,0,0,0,,0,008,"WOODSIDE RD",KENTUCKY,0.00,,Y,A,-,Y,SM,4,84,-,-,23.140,H,-,N,Y,3,0,2,3,C,-,18,,,N,A,C,A,A,H,-,A,D,0,,,,,Y,,-,"- ",0,2,0,0,0,0,0,0,0,"- ","- ",37.454719543457031,-122.22879791259766,"SAN MATEO","REDWOOD CITY",-122.22868347167969,37.454875946044922
9286525,2021,2021-08-28,4106,2021-07-02,1807,2054,3,5,5,6,4106,0,0,0,,0,002,"BRUNSWICK ST","WELLINGTON AV",24.00,S,N,A,-,N,,,,,,,,,,Y,3,0,2,4,A,-,09,21804,A,N,D,C,A,A,H,-,A,D,0,,,,,Y,,A,01,0,2,0,0,0,0,0,0,0,"- ","- ",,,"SAN MATEO","DALY CITY",-122.45995330810547,37.704795837402344
9287031,2021,2021-08-09,4104,2021-06-12,0522,0241,6,6,5,4,4104,0,0,0,,0,00A,"ROLLINS RD","TOYON DR",768.00,N,N,A,-,N,,,,,,,,,,Y,3,0,1,3,A,-,03,22350,,N,B,C,A,A,H,-,A,D,0,,,,,Y,,A,01,0,1,0,0,0,0,0,0,0,"- ","- ",37.588470458984375,-122.35920715332031,"SAN MATEO",BURLINGAME,-122.35848999023438,37.58819580078125
9287089,2021,2021-09-03,4106,2021-07-08,1348,2139,13,4,5,6,4106,0,0,0,,0,006,"CALLAN BL","POLE A1552",66.00,S,N,A,-,N,,,,,,,,,,Y,4,0,3,3,A,-,08,22107,,N,D,C,A,A,H,-,A,A,0,,,,,Y,,A,01,0,0,3,0,0,0,0,0,0,"- ","- ",,,"SAN MATEO","DALY CITY",,
9287090,2021,2021-09-01,4106,2021-07-12,2137,2170,4,1,5,6,4106,0,0,0,,0,003,"JOHN DALY BL","DELONG ST",0.00,S,N,E,-,N,,,,,,,,,,N,3,0,1,2,A,-,10,21950,A,N,G,B,B,A,H,-,C,A,0,Y,,,,Y,,A,01,0,1,0,0,1,0,0,0,0,"- ","- ",,,"SAN MATEO","DALY CITY",-122.46782684326172,37.705284118652344
9287092,2021,2021-09-03,4106,2021-07-15,1334,2146,10,4,5,6,4106,0,0,0,,0,004,"SKYLINE BL","JOHN DALY BL",0.00,,Y,A,-,N,,,,,,,,,,N,3,0,2,2,A,-,03,22350,,N,D,C,A,A,H,-,A,A,0,,,,,Y,,A,01,0,2,0,0,0,0,0,0,0,"- ","- ",,,"SAN MATEO","DALY CITY",-122.49485778808594,37.698444366455078
9287405,2021,2021-07-23,4101,2021-06-16,0142,20VK03,4101,3,5,2,4101,0,0,0,,0,001,"RT 82","ALMENDRAL AV",225.00,S,N,A,-,Y,SM,4,82,-,-,2.140,H,-,N,N,2,0,1,2,A,-,11,21954,A,N,G,B,D,A,H,-,D,D,0,Y,,,,Y,,N,60,1,0,0,0,1,0,0,0,0,"- ","- ",,,"SAN MATEO",ATHERTON,-122.20413970947266,37.464107513427734
9287639,2021,2021-08-02,4116,2021-07-18,1807,26199,34,7,5,5,4116,0,0,0,,0,00C,"RT 82","23RD AV",15.00,S,N,A,-,Y,SM,4,82,-,-,10.130,I,5,N,N,4,0,2,2,A,-,03,22350,,N,C,C,A,A,H,-,A,D,0,,,,,Y,,A,01,0,0,2,0,0,0,0,0,0,"- ","- ",37.545700073242188,-122.30692291259766,"SAN MATEO","SAN MATEO",-122.306884765625,37.545578002929688
9287658,2021,2021-08-02,4116,2021-05-13,1836,28880,14,4,5,5,4116,0,0,0,,0,00A,"EL CAMINO REAL","MONTE DIABLO AV",0.00,,Y,A,-,Y,SM,4,82,-,-,12.210,H,-,S,N,3,0,1,2,A,-,08,22107,,N,B,C,A,A,H,-,A,D,0,,,,,Y,,A,01,0,1,0,0,0,0,0,0,0,"- ","- ",37.568870544433594,-122.33074188232422,"SAN MATEO","SAN MATEO",-122.33203125,37.568199157714844
9289071,2021,2021-08-06,4111,2021-06-11,1410,P5163,P14,5,5,4,4111,0,0,0,,0,0P3,"LINDA MAR BL","RT 1",3.00,S,N,A,-,Y,SM,4,1,-,-,40.959,I,5,N,N,3,0,1,2,A,-,17,21200,A,N,H,G,A,A,H,-,A,A,0,,Y,,,Y,,L,04,0,1,0,0,0,0,1,0,0,"- ","- ",,,"SAN MATEO",PACIFICA,-122.50373077392578,37.595981597900391
9291096,2021,2021-07-19,4120,2021-06-12,1240,201,11,6,5,4,4120,0,0,0,,0,00X,"CHESS DR","FOSTER CITY BL",20.00,W,N,A,-,N,,,,,,,,,,N,3,0,1,1,A,-,03,22350,,N,E,J,A,A,H,-,A,A,0,,,,,Y,,A,01,0,1,0,0,0,0,0,0,0,"- ","- ",37.568050384521484,-122.27615356445312,"SAN MATEO","FOSTER CITY",-122.27607727050781,37.568050384521484
9291097,2021,2021-07-22,4120,2021-06-11,1210,201,1,5,5,4,4120,0,0,0,,0,00X,"COMET DR","BOUNTY DR",0.00,,Y,A,-,N,,,,,,,,,,N,4,0,1,1,A,-,03,22350,,N,E,I,A,A,H,-,A,A,0,,,,,Y,,A,07,0,0,1,0,0,0,0,0,0,"- ","- ",37.558589935302734,-122.25958251953125,"SAN MATEO","FOSTER CITY",-122.25959014892578,37.558582305908203
9291792,2021,2021-07-26,4119,2021-06-05,1700,2006,,6,5,2,4119,0,0,0,,0,002,"SAN PEDRO RD","REINER ST",20.00,E,N,A,-,N,,,,,,,,,,N,3,0,1,2,A,-,11,21950,B,N,G,B,D,A,H,-,A,A,0,Y,,,,Y,,N,60,0,1,0,0,1,0,0,0,0,"- ","- ",,,"SAN MATEO",BROADMOOR,-122.46659851074219,37.689083099365234
9291923,2021,2021-09-01,4113,2021-07-02,0929,351,6,5,5,5,4113,0,0,0,,0,006,"ROOSEVELT AV","CLINTON ST",18.00,E,N,A,-,N,,,,,,,,,,N,3,0,1,2,A,-,04,21703,,N,C,C,A,D,H,-,A,D,0,,,,,Y,,D,22,0,1,0,0,0,0,0,0,0,"- ","- ",37.477920532226562,-122.22760772705078,"SAN MATEO","REDWOOD CITY",-122.22801208496094,37.477146148681641
9292666,2021,2021-08-11,4106,2021-06-24,1657,2069,1,4,5,6,4106,0,0,0,,0,001,"GENEVA AV","SCHWERIN ST",0.00,,Y,A,-,N,,,,,,,,,,Y,3,0,2,3,A,-,00,23103,,F,D,C,A,A,H,-,A,A,0,,,,,Y,,A,01,0,2,0,0,0,0,0,0,0,"- ","- ",,,"SAN MATEO","DALY CITY",-122.41324615478516,37.706329345703125
9292678,2021,2021-08-11,4116,2021-06-11,1753,27730,34,5,5,5,4116,0,0,0,,0,00C,"IVY ST","20TH AV",0.00,,Y,A,-,N,,,,,,,,,,N,3,0,1,2,A,-,09,21804,A,N,B,C,A,A,H,-,A,D,0,,,,,Y,,M,94,0,1,0,0,0,0,0,0,0,"- ","- ",37.549018859863281,-122.30976104736328,"SAN MATEO","SAN MATEO",-122.30905151367188,37.548721313476562
9292679,2021,2021-08-11,4116,2021-06-25,2315,28536,34,5,5,5,4116,0,0,0,,0,00C,"PALM AV","21ST AV",323.00,S,N,A,-,N,,,,,,,,,,Y,3,0,1,2,A,-,01,23152,A,M,C,E,A,A,H,-,C,D,0,,,,,Y,Y,A,01,0,1,0,0,0,0,0,0,0,"- ","- ",37.548191070556641,-122.30683135986328,"SAN MATEO","SAN MATEO",-122.30694580078125,37.547821044921875
9292680,2021,2021-08-11,4116,2021-06-23,2115,28536,32,3,5,5,4116,0,0,0,,0,00C,"EAST HILLSDALE BL","CURTISS ST",0.00,,Y,A,-,N,,,,,,,,,,Y,3,0,1,2,A,-,01,23152,B,N,A,C,A,A,H,-,C,A,0,,,,,Y,Y,A,01,0,1,0,0,0,0,0,0,0,"- ","- ",37.539451599121094,-122.29389953613281,"SAN MATEO","SAN MATEO",-122.29390716552734,37.539432525634766
9293920,2021,2021-08-18,4106,2021-07-22,0503,1150,6,4,5,6,4106,0,0,0,,0,002,"WYANDOTTE AV","THIERS ST",170.00,N,N,A,-,N,,,,,,,,,,Y,3,0,1,2,A,-,01,23152,,N,B,E,A,A,H,-,C,D,0,,,,,Y,Y,A,01,0,1,0,0,0,0,0,0,0,"- ","- ",,,"SAN MATEO","DALY CITY",-122.46026611328125,37.697906494140625
9294937,2021,2021-08-06,4127,2021-03-30,1653,2245,4127,2,5,4,4127,0,0,0,,0,003,"COOLEY AV","DONOHOE ST",27.00,E,N,A,-,N,,,,,,,,,,N,3,0,1,2,A,-,08,22107,,N,D,C,A,A,H,-,A,A,0,,,,,Y,,A,01,0,1,0,0,0,0,0,0,0,"- ","- ",,,"SAN MATEO","EAST PALO ALTO",-122.13923645019531,37.462539672851562
9295805,2021,2021-08-25,4116,2021-07-11,1755,28444,21,7,5,5,4116,0,0,0,,0,00A,"FOLKSTONE AV","GRANT ST",0.00,,Y,A,-,N,,,,,,,,,,N,3,0,1,3,A,-,08,22107,,N,B,C,A,A,H,-,A,A,0,,,,,Y,,D,22,0,1,0,0,0,0,0,0,0,"- ","- ",37.560840606689453,-122.30668640136719,"SAN MATEO","SAN MATEO",-122.30667877197266,37.560832977294922
9296252,2021,2021-10-07,4127,2021-07-24,1514,2268,4127,6,5,4,4127,0,0,0,,0,001,"UNIVERSITY AV","KAVANAUGH DR",0.00,,Y,A,-,N,,,,,,,,,,N,4,0,1,2,A,-,12,21453,,M,D,C,A,A,H,-,A,A,0,,,,,Y,,A,01,0,0,1,0,0,0,0,0,0,"- ","- ",,,"SAN MATEO","EAST PALO ALTO",-122.13951873779297,37.475494384765625
9297011,2021,2021-09-15,4101,2021-07-15,0741,16KM02,,4,5,2,4101,0,0,0,,0,001,"MIDDLEFIELD RD","HOLBROOK LN",108.00,N,N,A,-,N,,,,,,,,,,Y,3,0,2,3,A,-,05,21650,,N,B,C,E,A,H,-,A,D,0,Y,,,Y,Y,,F,26,0,1,1,0,1,0,0,0,0,"- ","- ",37.469329833984375,-122.19344329833984,"SAN MATEO",ATHERTON,-122.19356536865234,37.469486236572266
9297220,2021,2021-08-23,4127,2021-04-08,0838,2253,4127,4,5,4,4127,0,0,0,,0,003,"UNIVERSITY AV","RUNNYMEDE ST",30.00,W,N,A,-,N,,,,,,,,,,Y,4,0,1,1,A,-,08,22107,,N,E,I,A,A,H,-,A,A,0,,,,,Y,,A,01,0,0,1,0,0,0,0,0,0,"- ","- ",,,"SAN MATEO","EAST PALO ALTO",-122.14137268066406,37.468441009521484
9297676,2021,2021-08-24,4102,2021-07-22,2245,06500,ID,4,5,4,4102,0,0,0,,0,001,"RALSTON AV","OLD COUNTY RD",0.00,,Y,A,-,N,,,,,,,,,,Y,3,0,1,2,A,-,09,21801,A,N,D,C,A,A,H,-,C,A,0,,,,,Y,,A,01,0,1,0,0,0,0,0,0,0,"- ","- ",37.521030426025391,-122.27468872070312,"SAN MATEO",BELMONT,-122.27527618408203,37.520992279052734
9297877,2021,2021-08-12,4113,2021-07-20,1624,486,2,2,5,5,4113,0,0,0,,0,002,"VETERANS BL","MAPLE ST",0.00,,Y,A,-,N,,,,,,,,,,N,3,0,1,2,A,-,03,22350,,N,C,D,A,A,H,-,A,A,0,,,,,Y,,A,01,0,1,0,0,0,0,0,0,0,"- ","- ",37.489898681640625,-122.2235107421875,"SAN MATEO","REDWOOD CITY",-122.22184753417969,37.489337921142578
9297879,2021,2021-08-17,4113,2021-07-16,1712,462,11,5,5,5,4113,0,0,0,,0,"2 3","JEFFERSON AV","MIDDLEFIELD RD",68.00,N,N,A,-,N,,,,,,,,,,N,3,0,1,2,A,-,08,22107,,N,G,B,E,A,H,-,A,A,0,Y,,,,Y,,A,07,0,1,0,0,1,0,0,0,0,"- ","- ",37.484821319580078,-122.22820281982422,"SAN MATEO","REDWOOD CITY",-122.22805786132812,37.484939575195312
9297903,2021,2021-08-05,4113,2021-05-14,2144,474,3,5,5,5,4113,0,0,0,,0,003,"MIDDLEFIELD RD",CASSIA,0.00,,Y,A,-,N,,,,,,,,,,Y,4,0,1,1,A,-,08,22107,,M,E,I,A,A,H,-,C,D,0,,,,,Y,,A,01,0,0,1,0,0,0,0,0,0,"- ","- ",37.483970642089844,-122.22509002685547,"SAN MATEO","REDWOOD CITY",-122.22480010986328,37.483615875244141
9297998,2021,2021-08-11,4103,2021-06-12,1615,PE300,1,6,5,2,4103,0,0,0,,0,00U,"BAYSHORE BL","VALLEY DR",0.00,,Y,A,-,N,,,,,,,,,,N,3,0,2,3,A,-,03,22350,,N,C,C,A,A,H,-,A,A,0,,,,,Y,,A,01,0,1,1,0,0,0,0,0,0,"- ","- ",37.687290191650391,-122.40067291259766,"SAN MATEO",BRISBANE,-122.40071105957031,37.687294006347656
9298657,2021,2021-08-12,4111,2021-06-13,1700,P5158,P02,7,5,4,4111,0,0,0,,0,0P1,"INVERNESS DR","HICKEY BL",0.00,,Y,A,-,N,,,,,,,,,,N,2,0,1,2,A,-,10,21950,A,F,G,B,E,A,H,-,A,A,0,Y,,,,Y,Y,-,99,1,0,0,0,1,0,0,0,0,"- ","- ",,,"SAN MATEO",PACIFICA,-122.47955322265625,37.654651641845703
9298901,2021,2021-08-16,4111,2021-07-01,1355,P5164,P06,4,5,4,4111,0,0,0,,0,0P1,"MANOR DR","FREMONT AV",18.00,E,N,B,-,N,,,,,,,,,,Y,3,0,2,3,A,-,12,22450,A,N,D,C,A,A,H,-,A,A,0,,,,,Y,,D,72,0,2,0,0,0,0,0,0,0,"- ","- ",37.648849487304688,-122.48721313476562,"SAN MATEO",PACIFICA,-122.48709869384766,37.648845672607422
9299211,2021,2021-09-03,4111,2021-07-02,1956,P5136,P13,5,5,4,4111,0,0,0,,0,0P2,"SHARP PARK RD","GYPSY HILL RD",861.00,W,N,A,-,N,,,,,,,,,,N,4,0,1,1,A,-,03,22350,,N,E,I,A,A,H,-,A,D,0,,,,,Y,,A,01,0,0,1,0,0,0,0,0,0,"- ","- ",37.629619598388672,-122.47786712646484,"SAN MATEO",PACIFICA,-122.47813415527344,37.627449035644531
9299701,2021,2021-09-13,4106,2021-07-07,1840,2104,13A,3,5,6,4106,0,0,0,,0,006,"SOUTHGATE AV","SERRAMONTE MALL NORTH ENTRANCE",0.00,,Y,A,-,N,,,,,,,,,,Y,3,0,2,2,A,-,12,22450,A,N,A,C,A,A,H,-,A,A,0,,,,,Y,,A,01,0,2,0,0,0,0,0,0,0,"- ","- ",,,"SAN MATEO","DALY CITY",,
9299702,2021,2021-09-13,4106,2021-07-22,1326,2146,5,4,5,6,4106,0,0,0,,0,003,"JUNIPERO BL","D ST",0.00,,Y,A,-,N,,,,,,,,,,N,3,0,1,2,D,-,00,,,N,D,C,A,A,H,-,A,A,0,,,,,Y,,-,"- ",0,1,0,0,0,0,0,0,0,"- ","- ",,,"SAN MATEO","DALY CITY",,
9299873,2021,2021-10-08,4106,2021-08-03,2002,2174,6,2,5,6,4106,0,0,0,,0,002,"HILLSIDE BL","BRUNSWICK ST",0.00,,Y,A,-,N,,,,,,,,,,N,3,0,1,3,A,-,01,23152,A,F,A,C,A,A,H,-,B,A,0,,,,,Y,Y,D,22,0,1,0,0,0,0,0,0,0,"- ","- ",,,"SAN MATEO","DALY CITY",-122.46205902099609,37.704124450683594
9301116,2021,2021-08-16,4104,2021-06-24,0558,0259,5,4,5,4,4104,0,0,0,,0,00A,"ARC WY","RT 82",0.00,,Y,A,-,Y,SM,4,82,-,-,13.859,I,5,N,N,3,0,2,2,A,-,09,21801,A,N,A,C,A,A,H,-,A,A,0,,,,,Y,,A,01,0,2,0,0,0,0,0,0,0,"- ","- ",37.580219268798828,-122.359130859375,"SAN MATEO",BURLINGAME,-122.3582763671875,37.579746246337891
9301937,2021,2021-10-05,4102,2021-08-26,0753,69800,10BC,4,5,4,4102,0,0,0,,0,003,"RALSTON AV","BELMONT CANYON RD",28.00,W,N,A,-,N,,,,,,,,,,Y,3,0,1,2,A,-,09,21453,B,N,D,D,A,A,H,-,A,A,0,,,Y,,Y,,A,01,0,1,0,0,0,0,0,0,1,"- ","- ",37.511058807373047,-122.32147216796875,"SAN MATEO",BELMONT,-122.32273864746094,37.511077880859375
9302020,2021,2021-10-07,4102,2021-08-26,1454,48800,10BC,4,5,4,4102,0,0,0,,0,003,"RALSTON AV","HALLMARK DR",0.00,,Y,A,-,N,,,,,,,,,,Y,3,0,1,2,A,-,04,21703,,N,C,C,A,A,H,-,A,A,0,,,,,Y,,A,07,0,1,0,0,0,0,0,0,0,"- ","- ",37.511440277099609,-122.31916046142578,"SAN MATEO",BELMONT,-122.31910705566406,37.511341094970703
9302216,2021,2021-08-27,4102,2021-07-12,1220,09650,2C,1,5,4,4102,0,0,0,,0,002,"RALSTON AV","SOUTH RD",528.00,W,N,A,-,N,,,,,,,,,,N,4,0,1,3,A,-,03,22350,,N,C,C,A,A,H,-,A,A,0,,,,,Y,,A,01,0,0,1,0,0,0,0,0,0,"- ","- ",37.516189575195312,-122.28095245361328,"SAN MATEO",BELMONT,-122.28073120117188,37.516738891601562
9303068,2021,2021-10-16,4106,2021-07-15,0900,2146,4,4,5,6,4106,0,0,0,,0,003,"JUNIPERO SERRA BL","JOHN DALY BL",0.00,,Y,E,-,N,,,,,,,,,,N,3,0,1,2,A,-,10,21950,A,N,G,B,B,B,H,-,A,A,0,Y,,,,Y,Y,A,01,0,1,0,0,1,0,0,0,0,"- ","- ",,,"SAN MATEO","DALY CITY",-122.47087097167969,37.704978942871094
9303364,2021,2021-08-20,4127,2021-06-14,1126,2263,4127,1,5,4,4127,0,0,0,,0,003,"UNIVERSITY AV","BELL ST",380.00,W,N,A,-,N,,,,,,,,,,Y,3,0,1,2,A,-,09,21804,,N,D,C,A,A,H,-,A,D,0,,,,,Y,,A,01,0,1,0,0,0,0,0,0,0,"- ","- ",,,"SAN MATEO","EAST PALO ALTO",-122.14156341552734,37.465591430664062
9313316,2021,2021-09-14,4111,2021-07-22,1613,P5119,P07,4,5,4,4111,0,0,0,,0,0P2,"1ST AV","DAHLBERG AV",132.00,N,N,B,-,N,,,,,,,,,,N,3,0,1,1,A,-,"- ",,,N,E,I,A,A,H,-,A,D,0,,,,,Y,,A,01,0,1,0,0,0,0,0,0,0,"- ","- ",,,"SAN MATEO",PACIFICA,-122.49265289306641,37.640682220458984
9315112,2021,2021-10-18,4113,2021-08-05,1736,458,8,4,5,5,4113,0,0,0,,0,008,"VALOTA RD","REDWOOD AV",0.00,,Y,A,-,N,,,,,,,,,,Y,3,0,2,2,A,-,09,21800,C,N,D,C,A,A,H,-,A,A,0,,,,,Y,,A,07,0,1,1,0,0,0,0,0,0,"- ","- ",37.466739654541016,-122.23539733886719,"SAN MATEO","REDWOOD CITY",-122.23539733886719,37.466720581054688
9315477,2021,2021-09-10,4113,2021-07-31,1028,486,11,6,5,5,4113,0,0,0,,0,023,"JEFFERSON AV","VETERANS BL",0.00,,Y,A,-,N,,,,,,,,,,Y,3,0,1,2,A,-,03,22350,,N,D,C,A,A,H,-,A,A,0,,,,,Y,,D,72,0,1,0,0,0,0,0,0,0,"- ","- ",37.490459442138672,-122.2283935546875,"SAN MATEO","REDWOOD CITY",-122.22840881347656,37.490299224853516