CASE_ID,ACCIDENT_YEAR,PROC_DATE,JURIS,COLLISION_DATE,COLLISION_TIME,OFFICER_ID,REPORTING_DISTRICT,DAY_OF_WEEK,CHP_SHIFT,POPULATION,CNTY_CITY_LOC,SPECIAL_COND,BEAT_TYPE,CHP_BEAT_TYPE,CITY_DIVISION_LAPD,CHP_BEAT_CLASS,BEAT_NUMBER,PRIMARY_RD,SECONDARY_RD,DISTANCE,DIRECTION,INTERSECTION,WEATHER_1,WEATHER_2,STATE_HWY_IND,CALTRANS_COUNTY,CALTRANS_DISTRICT,STATE_ROUTE,ROUTE_SUFFIX,POSTMILE_PREFIX,POSTMILE,LOCATION_TYPE,RAMP_INTERSECTION,SIDE_OF_HWY,TOW_AWAY,COLLISION_SEVERITY,NUMBER_KILLED,NUMBER_INJURED,PARTY_COUNT,PRIMARY_COLL_FACTOR,PCF_CODE_OF_VIOL,PCF_VIOL_CATEGORY,PCF_VIOLATION,PCF_VIOL_SUBSECTION,HIT_AND_RUN,TYPE_OF_COLLISION,MVIW,PED_ACTION,ROAD_SURFACE,ROAD_COND_1,ROAD_COND_2,LIGHTING,CONTROL_DEVICE,CHP_ROAD_TYPE,PEDESTRIAN_ACCIDENT,BICYCLE_ACCIDENT,MOTORCYCLE_ACCIDENT,TRUCK_ACCIDENT,NOT_PRIVATE_PROPERTY,ALCOHOL_INVOLVED,STWD_VEHTYPE_AT_FAULT,CHP_VEHTYPE_AT_FAULT,COUNT_SEVERE_INJ,COUNT_VISIBLE_INJ,COUNT_COMPLAINT_PAIN,COUNT_PED_KILLED,COUNT_PED_INJURED,COUNT_BICYCLIST_KILLED,COUNT_BICYCLIST_INJURED,COUNT_MC_KILLED,COUNT_MC_INJURED,PRIMARY_RAMP,SECONDARY_RAMP,LATITUDE,LONGITUDE,COUNTY,CITY,POINT_X,POINT_Y
9316267,2021,2021-09-21,4111,2021-07-29,1530,P5153,P12,4,5,4,4111,0,0,0,,0,0P2,"CABRILLO HWY","FASSLER AV",230.00,S,N,A,-,N,,,,,,,,,,Y,4,0,1,4,A,-,03,22350,,N,C,E,A,A,H,-,A,D,0,,,,,Y,,A,01,0,0,1,0,0,0,0,0,0,"- ","- ",,,"SAN MATEO",PACIFICA,-122.495849609375,37.608322143554688
9316268,2021,2021-09-17,4111,2021-07-17,0944,P5162,P14,6,5,4,4111,0,0,0,,0,0P3,"SAN PEDRO AV","RT 1",191.00,S,N,A,-,N,,,,,,,,,,N,2,0,1,2,A,-,11,21954,A,F,G,B,D,A,H,-,A,D,0,Y,,,,Y,,N,60,1,0,0,0,1,0,0,0,0,"- ","- ",,,"SAN MATEO",PACIFICA,-122.50343322753906,37.595558166503906
9316354,2021,2021-09-28,4104,2021-08-08,2152,0253,22,7,5,4,4104,0,0,0,,0,00C,BROADWAY,"OLD BAYSHORE BL",0.00,,Y,A,-,N,,,,,,,,,,N,3,0,2,2,A,-,17,21461,A,N,D,C,A,A,H,-,C,A,0,,,,,Y,,-,"- ",0,2,0,0,0,0,0,0,0,"- ","- ",37.577869415283203,-122.34809112548828,"SAN MATEO",BURLINGAME,-122.36089324951172,37.591217041015625
9316610,2021,2021-09-13,4127,2021-02-18,2215,2259,4127,4,5,4,4127,0,0,0,,0,001,"POPLAR AV","POPLAR AV 2202",50.00,S,N,A,-,N,,,,,,,,,,N,4,0,1,3,A,-,08,22107,,M,D,E,A,A,H,-,C,D,0,,,,,Y,,-,,0,0,1,0,0,0,0,0,0,"- ","- ",,,"SAN MATEO","EAST PALO ALTO",,
9317352,2021,2021-09-20,4102,2021-08-12,0050,29350,9HK,4,5,4,4102,0,0,0,,0,003,"WEMBERLY DR","FIRE HYDRNT BETWEEN 2735/2739",64.00,W,N,A,-,N,,,,,,,,,,N,3,0,1,2,A,-,03,22350,,N,C,E,A,A,H,-,C,D,0,,,,,Y,,A,01,0,1,0,0,0,0,0,0,0,"- ","- ",37.505771636962891,-122.31584167480469,"SAN MATEO",BELMONT,,
9318225,2021,2021-10-13,4113,2021-08-25,1907,470,2,3,5,5,4113,0,0,0,,0,002,"VETERANS BL","BREWSTER AV",6.00,S,N,A,-,N,,,,,,,,,,Y,4,0,1,2,A,-,03,22350,,M,C,C,A,A,H,-,B,A,0,,,,,Y,,A,01,0,0,1,0,0,0,0,0,0,"- ","- ",37.491218566894531,-122.23052978515625,"SAN MATEO","REDWOOD CITY",-122.23049163818359,37.4912109375
9318342,2021,2021-09-22,4113,2021-08-19,0614,316,6,4,5,5,4113,0,0,0,,0,006,"MAPLE ST","EL CAMINO REAL",0.00,,Y,A,-,N,,,,,,,,,,N,3,0,1,2,A,-,12,21453,A,N,B,C,A,A,H,-,A,A,0,,,,,Y,,-,"- ",0,1,0,0,0,0,0,0,0,"- ","- ",37.479888916015625,-122.22647857666016,"SAN MATEO","REDWOOD CITY",-122.22720336914062,37.480293273925781
9318345,2021,2021-09-18,4113,2021-08-22,1905,469,3,7,5,5,4113,0,0,0,,0,003,"MIDDLEFIELD RD",CASSIA,0.00,,Y,A,-,N,,,,,,,,,,N,4,0,1,2,A,-,09,21804,,N,D,C,A,A,H,-,A,A,0,,,,,Y,,A,01,0,0,1,0,0,0,0,0,0,"- ","- ",37.479270935058594,-122.22267150878906,"SAN MATEO","REDWOOD CITY",-122.22480010986328,37.483615875244141
9320518,2021,2023-06-19,4127,2021-04-05,1532,2232,4127,1,5,4,4127,0,0,0,,0,002,"FORDHAM ST","MICHIGAN AV",332.00,E,N,A,-,N,,,,,,,,,,Y,1,1,0,2,A,-,06,21750,A,N,B,C,A,A,H,-,A,B,0,,,Y,,Y,,C,02,0,0,0,0,0,0,0,1,0,"- ","- ",,,"SAN MATEO","EAST PALO ALTO",-122.13710784912109,37.473640441894531
9321109,2021,2023-06-17,4104,2021-10-18,0004,0259,9,1,5,4,4104,0,0,0,,0,00B,"RT 82","CARMELITA AV",200.00,N,N,A,-,Y,SM,4,82,-,-,14.310,H,-,N,Y,1,2,1,3,A,-,03,22350,,N,F,I,A,B,H,-,C,A,0,,,,,Y,Y,A,01,1,0,0,0,0,0,0,0,0,"- ","- ",37.584228515625,-122.36628723144531,"SAN MATEO",BURLINGAME,-122.36466217041016,37.583293914794922
9321533,2021,2021-10-13,4106,2021-08-19,1530,2146,10,4,5,6,4106,0,0,0,,0,004,"WESTMOOR AV","SKYLINE DR",0.00,,Y,A,G,N,,,,,,,,,,N,3,0,1,3,-,-,"- ",,,N,G,B,E,A,H,-,A,D,0,Y,,,,Y,,N,60,0,1,0,0,1,0,0,0,0,"- ","- ",,,"SAN MATEO","DALY CITY",-122.49012756347656,37.683467864990234
9321534,2021,2021-10-05,4106,2021-08-10,1600,2146,11,2,5,6,4106,0,0,0,,0,005,"SKYLINE DR","MENLO AV",488.00,S,N,A,-,N,,,,,,,,,,N,3,0,2,3,A,-,09,21801,A,N,D,C,A,A,H,-,A,D,0,,,,,Y,,A,01,0,1,1,0,0,0,0,0,0,"- ","- ",,,"SAN MATEO","DALY CITY",-122.49012756347656,37.674736022949219
9321535,2021,2021-10-05,4106,2021-08-23,1251,1180,,1,5,6,4106,0,0,0,,0,,"CASTLE ST","MISSION ST",0.00,,Y,A,-,N,,,,,,,,,,N,4,0,2,3,A,-,09,21803,A,N,D,C,A,A,H,-,A,D,0,,,,,Y,,A,07,0,0,2,0,0,0,0,0,0,"- ","- ",,,"SAN MATEO","DALY CITY",-122.46532440185547,37.691623687744141
9322173,2021,2021-09-16,4104,2021-08-18,0953,0252,10,3,5,4,4104,0,0,0,,0,00B,"CARMELITA AV","RT 82",0.00,,Y,A,-,Y,SM,4,82,-,-,14.266,I,5,N,N,3,0,2,3,A,-,12,21453,A,N,A,C,A,A,H,-,A,A,0,,,,,Y,,A,01,0,2,0,0,0,0,0,0,0,"- ","- ",37.582981109619141,-122.36406707763672,"SAN MATEO",BURLINGAME,-122.36402893066406,37.582939147949219
9322209,2021,2021-09-16,4111,2021-08-10,1440,P5158,P12,2,5,4,4111,0,0,0,,0,0P2,"CABRILLO HWY","SAN MARLO WY",1252.00,N,N,A,-,Y,SM,4,1,-,R,42.370,H,-,S,Y,3,0,2,3,A,-,04,21703,,N,C,C,A,A,H,-,A,D,0,,,,,Y,,A,07,0,1,1,0,0,0,0,0,0,"- ","- ",,,"SAN MATEO",PACIFICA,-122.49020385742188,37.611919403076172
9322738,2021,2021-10-06,4127,2021-08-19,0753,2222,4127,4,5,4,4127,0,0,0,,0,001,"RUNNYMEDE ST","UNIVERSITY AV",0.00,,Y,A,-,N,,,,,,,,,,N,2,0,2,2,A,-,09,21801,,N,D,G,A,A,H,-,A,A,0,,Y,,,Y,,A,01,1,1,0,0,0,0,2,0,0,"- ","- ",,,"SAN MATEO","EAST PALO ALTO",-122.14134979248047,37.468521118164062
9322795,2021,2021-10-05,4102,2021-08-31,1653,69800,3DT,2,5,4,4102,0,0,0,,0,002,"RALSTON AV","EL CAMINO REAL",0.00,,Y,A,-,Y,SM,4,82,-,-,7.690,I,5,N,Y,3,0,3,2,A,-,12,21453,A,N,D,D,A,A,H,-,A,A,0,,,,,Y,,A,01,0,3,0,0,0,0,0,0,0,"- ","- ",37.520420074462891,-122.27603149414062,"SAN MATEO",BELMONT,-122.27594757080078,37.520416259765625
9323183,2021,2021-09-23,4113,2021-07-19,0857,316,3,1,5,5,4113,0,0,0,,0,003,BROADWAY,"CASSIA ST",0.00,,Y,A,-,N,,,,,,,,,,Y,3,0,2,2,A,-,09,21804,A,N,D,C,A,A,H,-,A,D,0,,,,,Y,,A,01,0,1,1,0,0,0,0,0,0,"- ","- ",37.486789703369141,-122.22255706787109,"SAN MATEO","REDWOOD CITY",-122.22254943847656,37.486782073974609
9323373,2021,2021-10-04,4106,2021-08-31,1651,2070,9,2,5,6,4106,0,0,0,,0,004,"S MAAYFAIR AV","CRESTON AV",410.00,N,N,A,-,N,,,,,,,,,,Y,2,0,1,1,A,-,03,22350,,N,E,J,A,A,H,-,A,D,0,,,Y,,Y,,C,02,1,0,0,0,0,0,0,0,1,"- ","- ",,,"SAN MATEO","DALY CITY",-122.49388122558594,37.693889617919922
9324170,2021,2021-09-24,4120,2021-08-19,0900,201,9,4,5,4,4120,0,0,0,,0,00Y,"EDGEWATER BL","EMERALD BAY LN",15.00,S,N,F,-,N,,,,,,,,,,N,3,0,1,2,D,-,00,,,N,B,G,A,A,H,-,A,A,0,,Y,,,Y,,-,"- ",0,1,0,0,0,0,1,0,0,"- ","- ",37.555038452148438,-122.28111267089844,"SAN MATEO","FOSTER CITY",-122.28121185302734,37.554981231689453
9325573,2021,2021-10-14,4113,2021-09-04,1318,363,3,6,5,5,4113,0,0,0,,0,003,"CASSIA ST","MIDDLEFIELD RD",0.00,,Y,A,-,N,,,,,,,,,,Y,4,0,1,2,A,-,03,22350,,N,D,C,A,A,H,-,A,D,0,,,,,Y,,-,,0,0,1,0,0,0,0,0,0,"- ","- ",37.483600616455078,-122.22479248046875,"SAN MATEO","REDWOOD CITY",-122.22480010986328,37.483615875244141
9325806,2021,2021-10-09,4127,2021-06-26,1700,2253,4127,6,5,4,4127,0,0,0,,0,003,"CAMELLIA DR","VERBENA DR",0.00,,Y,A,-,N,,,,,,,,,,Y,4,0,1,2,A,-,09,21800,,N,D,C,A,A,H,-,A,A,0,,,,,Y,,D,22,0,0,1,0,0,0,0,0,0,"- ","- ",,,"SAN MATEO","EAST PALO ALTO",-122.12904357910156,37.455722808837891
9327675,2021,2021-09-15,4127,2021-06-21,1258,2263,4127,1,5,4,4127,0,0,0,,0,003,"DONOHOE ST","UNIVERSITY AV",300.00,S,N,A,-,N,,,,,,,,,,N,3,0,1,2,A,-,05,21651,B,N,H,G,A,A,H,-,A,A,0,,Y,,,Y,,L,04,0,1,0,0,0,0,1,0,0,"- ","- ",,,"SAN MATEO","EAST PALO ALTO",-122.14170074462891,37.462661743164062
9336065,2021,2021-09-30,4127,2021-08-17,0723,2246,4127,2,5,4,4127,0,0,0,,0,022,"UNIVERSITY AV","BAY RD",0.00,,Y,A,-,N,,,,,,,,,,Y,3,0,1,2,-,-,"- ",,A,N,D,C,A,A,H,-,A,A,0,,,,,Y,,A,01,0,1,0,0,0,0,0,0,0,"- ","- ",,,"SAN MATEO","EAST PALO ALTO",-122.139404296875,37.471652984619141
9337259,2021,2021-10-27,4127,2021-05-27,1306,2268,4127,4,5,4,4127,0,0,0,,0,001,"RUNNYMEDE ST","GLEN WY",0.00,,Y,A,-,N,,,,,,,,,,N,3,0,1,2,A,-,"- ",,,N,D,G,A,A,H,-,A,D,0,,Y,,,Y,,L,04,0,1,0,0,0,0,1,0,0,"- ","- ",,,"SAN MATEO","EAST PALO ALTO",-122.14373016357422,37.468711853027344
9337816,2021,2021-09-27,4127,2021-08-18,1618,2233,4127,3,5,4,4127,0,0,0,,0,001,"BAY RD","RALMAR AV",0.00,,Y,A,-,N,,,,,,,,,,N,3,0,1,2,A,-,08,22107,,N,A,C,A,A,H,-,A,D,0,,,,,Y,,D,72,0,1,0,0,0,0,0,0,0,"- ","- ",,,"SAN MATEO","EAST PALO ALTO",-122.14822387695312,37.4705810546875
9339090,2021,2021-10-29,4102,2021-09-10,1600,12775,1D,5,5,4,4102,0,0,0,,0,001,"OLD COUNTY RD","OLD COUNTY RD 220",10.00,E,N,A,-,N,,,,,,,,,,N,3,0,1,2,A,-,17,22517,,N,H,G,A,A,H,-,A,D,0,,Y,,,Y,,A,01,0,1,0,0,0,0,1,0,0,"- ","- ",37.528560638427734,-122.28543090820312,"SAN MATEO",BELMONT,,
9339449,2021,2021-10-15,4106,2021-08-23,1314,1222,13,1,5,6,4106,0,0,0,,0,006,"HICKEY BL","SAINT FRANCIS BL",233.00,W,N,A,-,N,,,,,,,,,,Y,4,0,1,3,A,-,08,22107,,N,B,E,A,A,H,-,A,D,0,,,,,Y,,A,01,0,0,1,0,0,0,0,0,0,"- ","- ",,,"SAN MATEO","DALY CITY",-122.47586059570312,37.663967132568359
9341337,2021,2021-11-06,4106,2021-09-03,2116,2161,14,5,5,6,4106,0,0,0,,0,006,"KING DR","VERDUCCI DR",0.00,,Y,A,-,N,,,,,,,,,,N,2,0,2,4,A,-,01,23152,,N,A,C,A,A,H,-,C,A,0,,,,,Y,,A,01,1,1,0,0,0,0,0,0,0,"- ","- ",,,"SAN MATEO","DALY CITY",-122.46292877197266,37.650222778320312
9342980,2021,2022-08-24,4116,2021-09-26,1618,26651,12,7,5,5,4116,0,0,0,,0,00A,"EAST SANTA INEZ AV","N HUMBOLDT ST",0.00,,Y,A,-,N,,,,,,,,,,N,1,1,2,3,A,-,01,23153,A,N,D,D,A,A,H,-,A,A,0,,,,,Y,Y,A,01,0,0,2,0,0,0,0,0,0,"- ","- ",37.576190948486328,-122.32346343994141,"SAN MATEO","SAN MATEO",-122.32344818115234,37.576187133789062
9343151,2021,2021-10-07,4103,2021-08-25,0023,VA100,1,3,5,2,4103,0,0,0,,0,00U,"GUADALUPE CANYON PKWY","N HILL DR",0.00,,Y,A,-,N,,,,,,,,,,Y,3,0,1,1,A,-,08,22107,,N,F,A,A,A,H,-,C,D,0,,,Y,,Y,,C,02,0,1,0,0,0,0,0,0,1,"- ","- ",37.692588806152344,-122.40632629394531,"SAN MATEO",BRISBANE,-122.40628814697266,37.692638397216797
9343152,2021,2021-10-07,4103,2021-08-15,2240,LU400,1,7,5,2,4103,0,0,0,,0,00U,"SIERRA POINT PKWY","SHORELINE CT",473.00,W,N,A,-,N,,,,,,,,,,Y,2,0,1,1,A,-,01,23152,A,N,E,I,A,A,H,-,D,D,0,,,,,Y,Y,A,01,1,0,0,0,0,0,0,0,0,"- ","- ",37.672828674316406,-122.38807678222656,"SAN MATEO",BRISBANE,-122.3887939453125,37.673820495605469
9343677,2021,2021-10-19,4116,2021-08-24,1845,27498,61,2,5,5,4116,0,0,0,,0,00D,"S NORFOLK ST","HILLSDALE BL",175.00,E,N,A,-,N,,,,,,,,,,N,3,0,1,2,A,-,08,22107,,N,D,C,A,A,H,-,A,D,0,,,,,Y,,A,01,0,1,0,0,0,0,0,0,0,"- ","- ",37.546230316162109,-122.28515625,"SAN MATEO","SAN MATEO",-122.28482818603516,37.545860290527344
9343678,2021,2021-10-19,4116,2021-08-22,1742,26651,35,7,5,5,4116,0,0,0,,0,00C,"WEST HILLSDALE BL","HACIENDA ST",0.00,,Y,A,-,N,,,,,,,,,,N,3,0,2,2,A,-,12,22450,A,N,D,C,A,A,H,-,A,A,0,,,,,Y,,A,01,0,2,0,0,0,0,0,0,0,"- ","- ",37.533779144287109,-122.30452728271484,"SAN MATEO","SAN MATEO",-122.30454254150391,37.533798217773438
9343740,2021,2021-10-22,4127,2021-06-01,1236,2263,4127,2,5,4,4127,0,0,0,,0,003,"PULGAS AV","OAKES ST",37.00,S,N,A,-,N,,,,,,,,,,N,4,0,1,2,A,-,08,22107,,N,B,G,A,A,H,-,A,D,0,,Y,,,Y,,L,04,0,0,1,0,0,0,1,0,0,"- ","- ",,,"SAN MATEO","EAST PALO ALTO",-122.12998962402344,37.458000183105469
9346421,2021,2021-10-20,4111,2021-08-26,1703,P5154,P14,4,5,4,4111,0,0,0,,0,0P3,"LA MIRADA WY","ALTA VISTA DR",10.00,N,N,A,-,N,,,,,,,,,,N,2,0,1,2,A,-,21,22106,,N,G,B,E,A,H,-,A,D,0,Y,,,,Y,,I,11,1,0,0,0,1,0,0,0,0,"- ","- ",37.595279693603516,-122.48995971679688,"SAN MATEO",PACIFICA,-122.48995971679688,37.595317840576172
9346685,2021,2021-11-02,4111,2021-09-11,2252,P5150,P04,6,5,4,4111,0,0,0,,0,0P1,"FARALLON AV","HICKEY BL",108.00,N,N,A,-,N,,,,,,,,,,N,4,0,1,2,A,-,08,22107,,M,B,E,A,A,H,-,C,D,0,,,,,Y,,-,,0,0,1,0,0,0,0,0,0,"- ","- ",,,"SAN MATEO",PACIFICA,-122.4813232421875,37.651649475097656
9348843,2021,2022-02-14,4127,2021-10-13,0945,2268,4127,3,5,4,4127,0,0,0,,0,003,"UNIVERSITY AV","BELL ST",0.00,,Y,A,-,N,,,,,,,,,,N,3,0,1,2,A,-,21,22106,,N,C,D,A,A,H,-,A,A,0,,,,,Y,,D,22,0,1,0,0,0,0,0,0,0,"- ","- ",,,"SAN MATEO","EAST PALO ALTO",-122.14156341552734,37.465587615966797
9349683,2021,2021-11-18,4106,2021-10-04,1130,2146,14,1,5,6,4106,0,0,0,,0,006,"CALLAN BL","HICKEY BL",0.00,,Y,A,-,N,,,,,,,,,,Y,2,0,3,3,A,-,17,21451,A,N,D,C,A,A,H,-,A,A,0,,,,,Y,,A,01,1,1,1,0,0,0,0,0,0,"- ","- ",,,"SAN MATEO","DALY CITY",-122.47473907470703,37.665298461914062
9349866,2021,2021-10-26,4106,2021-08-29,1412,2177,14,7,5,6,4106,0,0,0,,0,006,"HICKEY BL","IMPERIAL WY",0.00,,Y,A,-,N,,,,,,,,,,N,4,0,1,3,A,-,09,21802,A,N,D,C,A,A,H,-,A,B,0,,,,,Y,,A,07,0,0,1,0,0,0,0,0,0,"- ","- ",,,"SAN MATEO","DALY CITY",-122.46405029296875,37.663299560546875
9349974,2021,2021-10-25,4102,2021-09-07,0900,51875,2C,2,5,4,4102,0,0,0,,0,002,"RALSTON AV","EL CAMINO REAL",0.00,,Y,A,-,Y,SM,4,82,-,-,7.690,I,5,N,Y,4,0,1,2,A,-,12,21453,A,N,D,C,A,A,H,-,A,A,0,,,,,Y,,D,22,0,0,1,0,0,0,0,0,0,"- ","- ",37.520431518554688,-122.27603149414062,"SAN MATEO",BELMONT,-122.27594757080078,37.520416259765625
9351622,2021,2021-11-13,4120,2021-09-21,1248,222,10,2,5,4,4120,0,0,0,,0,00Y,"SHELL BL","EAST HILLSDALE BL",0.00,,Y,A,-,N,,,,,,,,,,N,3,0,1,2,A,-,12,21453,A,N,A,G,A,A,H,-,A,A,0,,Y,,,Y,,-,"- ",0,1,0,0,0,0,1,0,0,"- ","- ",37.558521270751953,-122.2713623046875,"SAN MATEO","FOSTER CITY",-122.27149963378906,37.558639526367188
9351737,2021,2021-11-15,4120,2021-10-02,1017,213,2,6,5,4,4120,0,0,0,,0,00X,"BEACH PARK BL","BEACH PARK BL 1999",0.00,,-,A,-,N,,,,,,,,,,N,3,0,1,2,A,-,03,22350,,N,B,E,A,A,H,-,A,A,0,,Y,,,Y,,L,04,0,1,0,0,0,0,1,0,0,"- ","- ",37.569320678710938,-122.26445770263672,"SAN MATEO","FOSTER CITY",,
9353332,2021,2021-11-05,4101,2021-09-27,1502,17DR01,4101,1,5,2,4101,0,0,0,,0,001,"MIDDLEFIELD RD","OAK GROVE AV",0.00,,Y,A,-,N,,,,,,,,,,Y,4,0,1,2,A,-,09,21804,A,N,B,C,A,A,H,-,A,A,0,,,,,Y,,A,01,0,0,1,0,0,0,0,0,0,"- ","- ",37.461868286132812,-122.17851257324219,"SAN MATEO",ATHERTON,-122.17852783203125,37.461898803710938
9353920,2021,2021-11-17,4106,2021-10-04,2141,2146,13B,1,5,6,4106,0,0,0,,0,006,"GELLERT BL","PETSMART SHOPPING CENTER",0.00,,Y,A,-,N,,,,,,,,,,N,3,0,1,2,A,-,10,21950,A,N,G,B,B,A,H,-,C,A,0,Y,,,,Y,,A,01,0,1,0,0,1,0,0,0,0,"- ","- ",,,"SAN MATEO","DALY CITY",,
9354436,2021,2021-11-13,4106,2021-09-19,1044,1262,5,7,5,6,4106,0,0,0,,0,003,"MISSION ST","CASTLE ST",78.00,S,N,A,-,N,,,82,,,,,,,N,3,0,2,2,A,-,03,22350,,N,C,C,A,A,H,-,A,D,0,,,,,Y,Y,D,22,0,1,1,0,0,0,0,0,0,"- ","- ",37.691650390625,-122.46530151367188,"SAN MATEO","DALY CITY",-122.46537780761719,37.691673278808594
9354883,2021,2021-11-04,4106,2021-09-13,1254,2154,5,1,5,6,4106,0,0,0,,0,003,"JUNIPERO SERRA BL","88TH ST",0.00,,Y,A,-,N,,,280,,,,,,,N,4,0,1,2,A,-,09,21802,A,N,A,C,A,A,H,-,A,D,0,,,,,Y,,A,01,0,0,1,0,0,0,0,0,0,"- ","- ",37.692539215087891,-122.47102355957031,"SAN MATEO","DALY CITY",-122.47053527832031,37.692554473876953
9354884,2021,2021-11-04,4106,2021-09-15,2233,2035,9A,3,5,6,4106,0,0,0,,0,004,"LAKE MERCED BL","BEL MAR AV",17.00,N,N,A,-,N,,,,,,,,,,N,3,0,1,2,A,-,05,21650,,N,A,J,A,A,H,-,C,D,0,,,,,Y,,-,,0,1,0,0,0,0,0,0,0,"- ","- ",,,"SAN MATEO","DALY CITY",-122.48397064208984,37.699413299560547
9355312,2021,2021-11-06,4106,2021-09-24,1600,2151,9,5,5,6,4106,0,0,0,,0,004,"WESTFIELD AV","STONEYFORD DR",0.00,,Y,A,-,N,,,,,,,,,,Y,3,0,1,3,A,-,08,22107,,N,E,J,A,A,H,-,A,D,0,,,,,Y,,A,01,0,1,0,0,0,0,0,0,0,"- ","- ",,,"SAN MATEO","DALY CITY",-122.48584747314453,37.687255859375
9355314,2021,2021-11-06,4106,2021-09-30,0915,2154,13,4,5,6,4106,0,0,0,,0,006,"CAMPUS DR","HICKEY BL",35.00,N,N,A,-,N,,,,,,,,,,N,3,0,1,2,A,-,03,22350,,N,C,C,A,A,H,-,A,A,0,,,Y,,Y,,C,02,0,1,0,0,0,0,0,0,1,"- ","- ",37.664569854736328,-122.47561645507812,"SAN MATEO","DALY CITY",-122.47569274902344,37.664642333984375
9355315,2021,2021-11-06,4106,2021-09-14,2103,2177,3,2,5,6,4106,0,0,0,,0,002,"BRUNSWICK ST","HILLSIDE BL",0.00,,Y,A,-,N,,,,,,,,,,N,4,0,1,2,A,-,10,21950,,N,G,B,B,A,H,-,D,D,0,Y,,,,Y,,A,07,0,0,1,0,1,0,0,0,0,"- ","- ",,,"SAN MATEO","DALY CITY",-122.46205902099609,37.704124450683594
9355498,2021,2021-11-15,4106,2021-10-13,1255,2146,10,3,5,6,4106,0,0,0,,0,004,"N SKYLINE BL","WESTMOOR AV",0.00,,Y,B,E,N,,,,,,,,,,N,3,0,1,3,A,-,03,22350,,N,C,C,A,A,H,-,A,A,0,,,,,Y,,D,22,0,1,0,0,0,0,0,0,0,"- ","- ",37.683338165283203,-122.48911285400391,"SAN MATEO","DALY CITY",-122.48910522460938,37.683341979980469
9355680,2021,2021-10-29,4113,2021-09-22,2341,445,2,3,5,5,4113,0,0,0,,0,002,"EAST BAYSHORE RD","WHIPPLE AV",0.00,,Y,A,-,N,,,,,,,,,,N,3,0,1,2,A,-,09,21802,A,F,D,C,A,A,H,-,C,D,0,,,,,Y,Y,A,07,0,1,0,0,0,0,0,0,0,"- ","- ",37.496780395507812,-122.2310791015625,"SAN MATEO","REDWOOD CITY",-122.23258972167969,37.497409820556641
9356184,2021,2021-10-29,4113,2021-10-06,1652,476,2,3,5,5,4113,0,0,0,,0,002,"STAFFORD ST","B ST",0.00,,Y,A,-,N,,,,,,,,,,N,3,0,2,3,A,-,09,21802,A,N,A,C,A,A,H,-,A,A,0,,,,,Y,,A,01,0,2,0,0,0,0,0,0,0,"- ","- ",37.491920471191406,-122.24078369140625,"SAN MATEO","REDWOOD CITY",-122.24079895019531,37.491920471191406
9356284,2021,2021-11-03,4113,2021-09-14,1348,351,3,2,5,5,4113,0,0,0,,0,003,"PINE ST","MAIN ST",0.00,,Y,A,-,N,,,,,,,,,,N,3,0,1,2,A,-,09,21802,A,N,D,C,A,A,H,-,A,A,0,,,,,Y,,A,01,0,1,0,0,0,0,0,0,0,"- ","- ",37.477809906005859,-122.22306823730469,"SAN MATEO","REDWOOD CITY",-122.22318267822266,37.478500366210938
9356285,2021,2021-11-02,4113,2021-09-21,1454,470,7,2,5,5,4113,0,0,0,,0,007,"EL CA,OMP REAL","WHIPPLE AV",0.00,,Y,A,-,N,,,,,,,,,,N,3,0,1,1,A,-,08,22107,,N,E,I,A,A,H,-,A,D,0,,Y,,,Y,,-,,0,1,0,0,0,0,1,0,0,"- ","- ",37.489711761474609,-122.23940277099609,"SAN MATEO","REDWOOD CITY",,
9356286,2021,2021-11-03,4113,2021-09-09,1300,438,6,4,5,5,4113,0,0,0,,0,006,"ROOSEVELT AV","EBENER ST",0.00,,Y,A,-,N,,,,,,,,,,Y,3,0,2,2,A,-,03,22350,,N,A,E,A,A,H,-,A,D,0,,,,,Y,,-,,0,1,1,0,0,0,0,0,0,"- ","- ",37.474990844726562,-122.23021697998047,"SAN MATEO","REDWOOD CITY",-122.23075866699219,37.474956512451172
9357381,2021,2021-11-19,4127,2021-05-22,2217,2242,4127,6,5,4,4127,0,0,0,,0,003,"GREEN ST","CLARKE AV",23.00,N,N,A,-,N,,,,,,,,,,Y,3,0,3,3,A,-,03,22350,,F,C,C,A,A,H,-,C,D,0,,,,,Y,,A,01,0,2,1,0,0,0,0,0,0,"- ","- ",,,"SAN MATEO","EAST PALO ALTO",-122.13472747802734,37.464351654052734
9359044,2021,2021-11-09,4106,2021-10-02,1155,2154,13A,6,5,6,4106,0,0,0,,0,006,"SERRAMONTE BL","GELLERT BL",20.00,E,N,A,-,N,,,,,,,,,,N,4,0,1,2,A,-,03,22350,,N,C,C,A,A,H,-,A,A,0,,,,,Y,,A,01,0,0,1,0,0,0,0,0,0,"- ","- ",37.669109344482422,-122.46880340576172,"SAN MATEO","DALY CITY",-122.46890258789062,37.669063568115234
9359263,2021,2021-11-30,4111,2021-10-09,1641,P5146,P09,6,5,4,4111,0,0,0,,0,0P2,"SHARP PARK RD","LUNDY WAY",451.00,E,N,A,-,N,,,,,,,,,,Y,3,0,1,1,A,-,03,22350,,N,E,I,A,A,H,-,A,D,0,,,,,Y,,A,01,0,1,0,0,0,0,0,0,0,"- ","- ",,,"SAN MATEO",PACIFICA,-122.48579406738281,37.626560211181641