CASE_ID,ACCIDENT_YEAR,PROC_DATE,JURIS,COLLISION_DATE,COLLISION_TIME,OFFICER_ID,REPORTING_DISTRICT,DAY_OF_WEEK,CHP_SHIFT,POPULATION,CNTY_CITY_LOC,SPECIAL_COND,BEAT_TYPE,CHP_BEAT_TYPE,CITY_DIVISION_LAPD,CHP_BEAT_CLASS,BEAT_NUMBER,PRIMARY_RD,SECONDARY_RD,DISTANCE,DIRECTION,INTERSECTION,WEATHER_1,WEATHER_2,STATE_HWY_IND,CALTRANS_COUNTY,CALTRANS_DISTRICT,STATE_ROUTE,ROUTE_SUFFIX,POSTMILE_PREFIX,POSTMILE,LOCATION_TYPE,RAMP_INTERSECTION,SIDE_OF_HWY,TOW_AWAY,COLLISION_SEVERITY,NUMBER_KILLED,NUMBER_INJURED,PARTY_COUNT,PRIMARY_COLL_FACTOR,PCF_CODE_OF_VIOL,PCF_VIOL_CATEGORY,PCF_VIOLATION,PCF_VIOL_SUBSECTION,HIT_AND_RUN,TYPE_OF_COLLISION,MVIW,PED_ACTION,ROAD_SURFACE,ROAD_COND_1,ROAD_COND_2,LIGHTING,CONTROL_DEVICE,CHP_ROAD_TYPE,PEDESTRIAN_ACCIDENT,BICYCLE_ACCIDENT,MOTORCYCLE_ACCIDENT,TRUCK_ACCIDENT,NOT_PRIVATE_PROPERTY,ALCOHOL_INVOLVED,STWD_VEHTYPE_AT_FAULT,CHP_VEHTYPE_AT_FAULT,COUNT_SEVERE_INJ,COUNT_VISIBLE_INJ,COUNT_COMPLAINT_PAIN,COUNT_PED_KILLED,COUNT_PED_INJURED,COUNT_BICYCLIST_KILLED,COUNT_BICYCLIST_INJURED,COUNT_MC_KILLED,COUNT_MC_INJURED,PRIMARY_RAMP,SECONDARY_RAMP,LATITUDE,LONGITUDE,COUNTY,CITY,POINT_X,POINT_Y
9365386,2021,2021-12-08,4113,2021-10-24,2231,480,3,7,5,5,4113,0,0,0,,0,003,BROADWAY,"WOODSIDE RD",0.00,,Y,C,-,N,,,,,,,,,,Y,3,0,1,2,A,-,12,21453,A,N,D,D,A,B,-,-,C,A,0,,,,,Y,Y,A,01,0,1,0,0,0,0,0,0,0,"- ","- ",37.487049102783203,-122.21421051025391,"SAN MATEO","REDWOOD CITY",-122.21422576904297,37.487068176269531
9365389,2021,2021-12-08,4113,2021-10-12,0805,351,6,2,5,5,4113,0,0,0,,0,006,"FULTON ST","LINCOLN AV",0.00,,Y,A,-,N,,,,,,,,,,N,3,0,1,2,A,-,09,21801,A,N,H,G,A,A,G,-,A,B,0,,Y,,,Y,,L,04,0,1,0,0,0,0,1,0,0,"- ","- ",37.476001739501953,-122.23136901855469,"SAN MATEO","REDWOOD CITY",-122.23136901855469,37.475990295410156
9365390,2021,2021-12-08,4113,2021-10-05,0926,363,2,2,5,5,4113,0,0,0,,0,002,"VETERANS BL","WHIPPLE AV",850.00,N,N,A,-,N,,,,,,,,,,Y,3,0,1,3,A,-,03,22350,,N,C,C,A,A,H,-,A,D,0,,,,,Y,,A,01,0,1,0,0,0,0,0,0,0,"- ","- ",37.494678497314453,-122.23441314697266,"SAN MATEO","REDWOOD CITY",-122.23643493652344,37.496315002441406
9365391,2021,2021-12-08,4113,2021-10-21,1713,474,5,4,5,5,4113,0,0,0,,0,005,"WOODSIDE RD","HESS RD",500.00,E,N,B,-,N,,,84,,,,,,,Y,3,0,3,3,A,-,03,22350,,N,C,C,A,A,H,-,A,D,0,,,,,Y,,A,01,0,2,1,0,0,0,0,0,0,"- ","- ",37.473068237304688,-122.22252655029297,"SAN MATEO","REDWOOD CITY",-122.22263336181641,37.473094940185547
9366146,2021,2021-12-06,4113,2021-10-06,0904,438,6,3,5,5,4113,0,0,0,,0,006,"CLINTON ST","VERA AV",0.00,,Y,A,-,N,,,,,,,,,,N,4,0,1,2,A,-,12,21453,A,N,B,C,A,A,H,-,A,A,0,,,,,Y,,A,01,0,0,1,0,0,0,0,0,0,"- ","- ",37.478691101074219,-122.22988891601562,"SAN MATEO","REDWOOD CITY",-122.22988128662109,37.478683471679688
9366366,2021,2021-11-23,4104,2021-08-05,1235,0237,5,4,5,4,4104,0,0,0,,0,00A,"CALIFORNIA DR","OAK GROVE",350.00,N,N,A,-,N,,,,,,,,,,N,3,0,1,2,A,-,09,21804,A,N,D,C,A,A,H,-,A,D,0,,,,,Y,,A,01,0,1,0,0,0,0,0,0,0,"- ","- ",37.582668304443359,-122.35262298583984,"SAN MATEO",BURLINGAME,-122.35218048095703,37.582721710205078
9368695,2021,2021-12-15,4106,2021-11-07,1540,2083,4,7,5,6,4106,0,0,0,,0,003,"SAN JOSE AV","FLOURNOY ST",0.00,,Y,A,-,N,,,,,,,,,,Y,3,0,3,2,A,-,21,22106,,N,B,C,A,A,H,-,A,A,0,,,,,Y,,A,01,0,2,1,0,0,0,0,0,0,"- ","- ",37.707328796386719,-122.45993804931641,"SAN MATEO","DALY CITY",-122.45999908447266,37.707370758056641
9368697,2021,2021-12-21,4106,2021-11-07,0756,1262,14,7,5,6,4106,0,0,0,,0,006,"HICKEY BL","RT 280",0.00,,Y,A,-,Y,SM,4,280,-,R,24.421,R,4,S,N,4,0,2,2,A,-,12,21453,A,N,D,C,A,A,H,-,A,A,0,,,,,Y,,A,01,0,0,2,0,0,0,0,0,0,"- ",SF,,,"SAN MATEO","DALY CITY",-122.46590423583984,37.666717529296875
9369010,2021,2022-01-10,4120,2021-11-04,0856,213,4,4,5,4,4120,0,0,0,,0,00X,"SHELL BL","CATAMARAN ST",0.00,,Y,A,-,N,,,,,,,,,,N,3,0,1,2,A,-,12,22450,A,N,A,B,B,B,H,-,A,A,0,Y,,,,Y,,A,01,0,1,0,0,1,0,0,0,0,"- ","- ",37.552219390869141,-122.26349639892578,"SAN MATEO","FOSTER CITY",-122.26358795166016,37.552211761474609
9369011,2021,2022-01-10,4120,2021-11-15,1931,183,REC,1,5,4,4120,0,0,0,,0,00Y,"SHELL BL","SOUTH REC CENTER DR",44.00,N,N,A,-,N,,,,,,,,,,N,3,0,2,3,A,-,09,21804,A,N,D,C,A,A,H,-,C,D,0,,,,,Y,,A,01,0,2,0,0,0,0,0,0,0,"- ","- ",37.557060241699219,-122.27001953125,"SAN MATEO","FOSTER CITY",,
9369012,2021,2022-01-10,4120,2021-11-07,1935,212,11,7,5,4,4120,0,0,0,,0,00X,"TRITON DR","FOSTER CITY BL",0.00,,Y,A,-,N,,,,,,,,,,N,2,0,1,2,A,-,03,22350,,N,G,B,D,A,H,-,C,D,0,Y,,,,Y,,A,07,1,0,0,0,1,0,0,0,0,"- ","- ",37.562931060791016,-122.27094268798828,"SAN MATEO","FOSTER CITY",-122.27146148681641,37.562911987304688
9370432,2021,2022-01-10,4113,2021-12-01,1445,351,99,3,5,5,4113,0,0,0,,0,,"EAST BAYSHORE RD","HAVEN AV",950.00,N,N,A,-,N,,,,,,,,,,Y,3,0,1,2,A,-,01,23152,A,N,A,C,A,A,H,-,A,D,0,,,,,Y,Y,D,22,0,1,0,0,0,0,0,0,0,"- ","- ",37.486499786376953,-122.19280242919922,"SAN MATEO","REDWOOD CITY",-122.18959808349609,37.486579895019531
9370448,2021,2022-01-10,4113,2021-12-07,1756,475,4,2,5,5,4113,0,0,0,,0,004,"MIDDLEFIELD RD","DOUGLAS AV",0.00,,Y,A,-,N,,,,,,,,,,Y,4,0,1,2,A,-,09,21801,A,N,D,C,A,A,H,-,C,A,0,,,,,Y,,A,01,0,0,1,0,0,0,0,0,0,"- ","- ",37.477668762207031,-122.21286773681641,"SAN MATEO","REDWOOD CITY",-122.21286010742188,37.477645874023438
9371403,2021,2022-01-21,4106,2021-12-31,0018,2178,10,5,5,6,4106,0,0,0,,0,004,"SKYLINE BL","JOHN DALY BL",1260.00,S,N,A,-,Y,SM,4,35,-,-,30.590,H,-,N,N,4,0,2,2,A,-,01,23153,A,N,A,C,A,A,H,-,D,D,0,,,,,Y,Y,A,01,0,0,2,0,0,0,0,0,0,"- ","- ",37.698459625244141,-122.49484252929688,"SAN MATEO","DALY CITY",-122.49452972412109,37.695144653320312
9371755,2021,2022-01-24,4113,2021-11-25,0142,365,4,4,5,5,4113,0,0,0,,0,004,"MIDDLEFIELD RD","BUCKEYE ST",0.00,,Y,A,-,N,,,,,,,,,,N,3,0,1,2,A,-,05,21650,,N,H,G,A,A,H,-,C,D,0,,Y,,,Y,,L,04,0,1,0,0,0,0,1,0,0,"- ","- ",37.481098175048828,-122.21898651123047,"SAN MATEO","REDWOOD CITY",-122.22007751464844,37.48150634765625
9372477,2021,2021-11-30,4113,2021-09-22,1122,316,6,3,5,5,4113,0,0,0,,0,006,"JEFFERSON AV","SAINT FRANCIS",0.00,,Y,A,-,N,,,,,,,,,,N,3,0,1,2,A,-,08,22107,,N,D,C,A,A,H,-,A,D,0,,,,,Y,,-,,0,1,0,0,0,0,0,0,0,"- ","- ",37.472278594970703,-122.24070739746094,"SAN MATEO","REDWOOD CITY",-122.24076843261719,37.472572326660156
9373479,2021,2022-02-17,4111,2021-11-07,1540,P5150,P11,7,5,4,4111,0,0,0,,0,0P2,"RT 1","WESTPORT DR",21.00,N,N,A,-,Y,SM,4,1,-,R,43.080,I,5,S,Y,3,0,2,3,A,-,09,21802,A,N,D,C,A,A,H,-,A,D,0,,,,,Y,,A,07,0,2,0,0,0,0,0,0,0,"- ","- ",,,"SAN MATEO",PACIFICA,-122.48517608642578,37.620670318603516
9375064,2021,2021-12-16,4106,2021-11-12,1808,2154,5,5,5,6,4106,0,0,0,,0,003,"HILL ST","D ST",0.00,,Y,A,-,N,,,,,,,,,,Y,3,0,5,2,A,-,12,21453,A,N,A,C,A,A,H,-,C,A,0,,,,,Y,,A,01,0,2,3,0,0,0,0,0,0,"- ","- ",37.683929443359375,-122.46865844726562,"SAN MATEO","DALY CITY",-122.46865081787109,37.68389892578125
9378310,2021,2022-01-19,4102,2021-12-24,2030,484800,2C,5,5,4,4102,0,0,0,,0,002,"RALSTON AV","EL CAMINO REAL",30.00,W,N,A,-,N,,,82,,,,,,,N,4,0,1,2,A,-,01,23152,A,N,C,C,A,B,H,-,C,A,0,,,,,Y,Y,A,01,0,0,1,0,0,0,0,0,0,"- ","- ",37.520328521728516,-122.27609252929688,"SAN MATEO",BELMONT,-122.27599334716797,37.520454406738281
9378847,2021,2021-12-30,4113,2021-09-20,0743,387,6,1,5,5,4113,0,0,0,,0,006,"ROOSEVELT AV","EL CAMINO REAL",56.00,W,N,A,-,Y,SM,4,82,-,-,3.710,I,5,N,N,3,0,1,2,A,-,12,21453,A,N,D,C,A,A,H,-,A,A,0,,,Y,,Y,,A,01,0,1,0,0,0,0,0,0,1,"- ","- ",37.479179382324219,-122.22547912597656,"SAN MATEO","REDWOOD CITY",-122.22554016113281,37.479137420654297
9379480,2021,2022-01-31,4113,2021-12-13,2100,474,5,1,5,5,4113,0,0,0,,0,005,"EL CAMINO REAL","CHARTER ST",0.00,,Y,C,-,Y,SM,4,82,-,-,3.240,H,-,S,Y,4,0,1,1,A,-,08,22107,,M,E,I,A,B,H,-,C,A,0,,,,,Y,,A,07,0,0,1,0,0,0,0,0,0,"- ","- ",37.473808288574219,-122.21823883056641,"SAN MATEO","REDWOOD CITY",-122.21920013427734,37.474563598632812
9379502,2021,2022-01-20,4113,2021-12-16,1520,474,6,4,5,5,4113,0,0,0,,0,006,"JEFFERSON AV","UPTON ST",0.00,,Y,A,-,N,,,,,,,,,,N,3,0,1,2,A,-,09,21802,A,N,H,G,A,A,H,-,A,D,0,,Y,,,Y,,L,04,0,1,0,0,0,0,1,0,0,"- ","- ",37.470138549804688,-122.24617004394531,"SAN MATEO","REDWOOD CITY",-122.24615478515625,37.470157623291016
9379505,2021,2022-01-25,4104,2021-11-14,1056,0263,1,7,5,4,4104,0,0,0,,0,00A,"RT 82","HOWARD AV",0.00,,Y,A,-,Y,SM,4,82,-,-,13.234,I,5,S,Y,4,0,1,2,A,-,09,21801,A,N,D,C,A,-,H,-,A,A,0,,,,,Y,,A,01,0,0,1,0,0,0,0,0,0,"- ","- ",37.575790405273438,-122.34773254394531,"SAN MATEO",BURLINGAME,-122.34778594970703,37.575798034667969
9379509,2021,2022-01-20,4104,2021-12-05,1644,246,4,7,5,4,4104,0,0,0,,0,00A,"CALIFORNIA DR","LORTON AV",0.00,,Y,A,-,N,,,,,,,,,,N,3,0,1,2,A,-,03,22350,,N,C,C,A,A,H,-,A,A,0,,,,,Y,,A,08,0,1,0,0,0,0,0,0,0,"- ","- ",37.580650329589844,-122.34722900390625,"SAN MATEO",BURLINGAME,-122.34727478027344,37.580341339111328
9380691,2021,2022-02-08,4106,2021-12-02,0809,2146,14,4,5,6,4106,0,0,0,,0,006,"CALLAN BL","WEMBLEY DR",0.00,,Y,A,-,N,,,,,,,,,,N,3,0,1,2,A,-,10,21950,A,N,G,B,B,A,H,-,A,D,0,Y,,,,Y,,A,01,0,1,0,0,1,0,0,0,0,"- ","- ",37.662010192871094,-122.4715576171875,"SAN MATEO","DALY CITY",-122.4715576171875,37.661975860595703
9380738,2021,2022-02-01,4104,2021-12-16,1824,0249,22,4,5,4,4104,0,0,0,,0,00C,BROADWAY,"ROLLINS RD",380.00,E,N,A,-,N,,,,,,,,,,Y,3,0,1,3,A,-,12,21453,A,N,D,C,A,A,H,-,C,A,0,,,,,Y,,A,01,0,1,0,0,0,0,0,0,0,"- ","- ",37.577869415283203,-122.34809112548828,"SAN MATEO",BURLINGAME,-122.36177062988281,37.589912414550781
9382624,2021,2021-12-23,4106,2021-10-14,0830,2093,4,4,5,6,4106,0,0,0,,0,003,"MISSION ST","BISMARK ST",0.00,,Y,A,-,N,,,,,,,,,,N,3,0,1,2,A,-,17,22517,,N,H,G,A,A,H,-,A,D,0,,Y,,,Y,,A,01,0,1,0,0,0,0,1,0,0,"- ","- ",,,"SAN MATEO","DALY CITY",-122.46469879150391,37.695770263671875
9382841,2021,2021-12-30,4113,2021-11-08,0913,351,2,1,5,5,4113,0,0,0,,0,002,"EL CAMINO REAL","EDGEWOOD RD",54.00,N,N,A,-,Y,SM,4,82,-,-,4.980,H,-,N,Y,3,0,1,2,A,-,09,21804,A,N,D,C,A,A,H,-,A,D,0,,,,,Y,,A,01,0,1,0,0,0,0,0,0,0,"- ","- ",37.492568969726562,-122.24259185791016,"SAN MATEO","REDWOOD CITY",-122.24209594726562,37.49188232421875
9383278,2021,2021-12-29,4113,2021-11-28,1731,469,3,7,5,5,4113,0,0,0,,0,004,"WOODSIDE RD","MIDDLEFIELD RD",0.00,,Y,A,-,N,,,84,,,,,,,N,3,0,1,2,A,-,03,22350,,N,C,C,A,A,H,-,C,A,0,,,,,Y,,A,01,0,1,0,0,0,0,0,0,0,"- ","- ",37.487049102783203,-122.21421051025391,"SAN MATEO","REDWOOD CITY",-122.21422576904297,37.487052917480469
9383279,2021,2021-12-29,4113,2021-11-14,0222,480,3,7,5,5,4113,0,0,0,,0,003,"CHESTNUT ST","STAMBAUGH ST",227.00,E,N,A,-,N,,,,,,,,,,Y,3,0,1,1,A,-,01,23152,A,N,E,J,A,A,G,-,C,A,0,,,,,Y,,A,01,0,1,0,0,0,0,0,0,0,"- ","- ",37.483951568603516,-122.22048187255859,"SAN MATEO","REDWOOD CITY",-122.22071838378906,37.483615875244141
9383565,2021,2022-01-12,4127,2021-11-18,0117,2259,4127,4,5,4,4127,0,0,0,,0,003,"UNIVERSITY AV","BELL ST",37.00,W,N,A,-,N,,,,,,,,,,N,3,0,2,2,A,-,09,21804,A,N,D,D,A,A,H,-,C,D,0,,,,,Y,,A,01,0,2,0,0,0,0,0,0,0,"- ","- ",,,"SAN MATEO","EAST PALO ALTO",-122.14156341552734,37.465591430664062
9384036,2021,2021-12-28,4113,2021-10-31,0933,455,5,7,5,5,4113,0,0,0,,0,005,"UNION AV","KANDEL WY",0.00,,Y,A,-,N,,,,,,,,,,Y,3,0,1,2,A,-,21,22106,,N,C,C,A,A,H,-,A,D,0,,,,,Y,,A,01,0,1,0,0,0,0,0,0,0,"- ","- ",37.465229034423828,-122.22754669189453,"SAN MATEO","REDWOOD CITY",-122.22705841064453,37.465396881103516
9384357,2021,2022-01-11,4102,2021-12-03,2249,68850,8SJ,5,5,4,4102,0,0,0,,0,003,"CIPRIANI BL","MONSERAT AV",17.00,S,N,A,-,N,,,,,,,,,,Y,3,0,1,2,A,-,08,22107,,N,D,C,A,A,H,-,C,D,0,,,,,Y,,A,01,0,1,0,0,0,0,0,0,0,"- ","- ",37.513851165771484,-122.30393218994141,"SAN MATEO",BELMONT,-122.30394744873047,37.5137939453125
9386331,2021,2022-01-18,4127,2021-12-03,2250,2259,4127,5,5,4,4127,0,0,0,,0,001,"BELL ST","UNIVERSITY AV",275.00,N,N,A,-,N,,,,,,,,,,N,3,0,2,2,A,-,21,22106,,N,D,C,A,A,H,-,C,A,0,,,,,Y,Y,A,01,0,2,0,0,0,0,0,0,0,"- ","- ",,,"SAN MATEO","EAST PALO ALTO",-122.14156341552734,37.465591430664062
9389953,2021,2022-01-25,4127,2021-10-21,0809,2268,4127,4,5,4,4127,0,0,0,,0,003,"CAMELLIA DR","VERBENA DR",0.00,,Y,B,-,N,,,,,,,,,,Y,3,0,2,2,A,-,08,22107,,N,D,D,A,A,H,-,A,D,0,,,,,Y,,A,01,0,1,1,0,0,0,0,0,0,"- ","- ",,,"SAN MATEO","EAST PALO ALTO",-122.12904357910156,37.455722808837891
9390249,2021,2022-01-14,4106,2021-11-30,0733,1137,1,2,5,6,4106,0,0,0,,0,001,"ORIENTE ST","GENEVA AV",10.00,S,N,A,-,N,,,,,,,,,,N,4,0,1,2,A,-,10,21950,A,M,G,B,B,A,H,-,A,D,0,Y,,,,Y,,A,01,0,0,1,0,1,0,0,0,0,"- ","- ",37.706588745117188,-122.41410064697266,"SAN MATEO","DALY CITY",-122.41412353515625,37.706535339355469
9390252,2021,2022-01-24,4111,2021-11-17,1749,P5150,P07,3,5,4,4111,0,0,0,,0,0P2,MONTECITO,"BEACH BL",28.00,E,N,A,-,N,,,,,,,,,,N,3,0,1,2,A,-,00,22106,A,N,H,G,A,A,H,-,A,D,0,,Y,,,Y,,A,01,0,1,0,0,0,0,1,0,0,"- ","- ",,,"SAN MATEO",PACIFICA,-122.49407958984375,37.63275146484375
9390337,2021,2022-01-24,4111,2021-12-18,1158,P5150,P13,6,5,4,4111,0,0,0,,0,0P2,"SHARP PARK RD","COLLEGE DR",2816.00,W,N,A,-,N,,,,,,,,,,N,3,0,1,1,A,-,03,22350,A,N,H,J,A,A,H,-,A,D,0,,,Y,,Y,,C,02,0,1,0,0,0,0,0,0,1,"- ","- ",,,"SAN MATEO",PACIFICA,-122.47796630859375,37.629344940185547
9390338,2021,2022-01-24,4111,2021-12-11,1600,P5164,P06,6,5,4,4111,0,0,0,,0,0P1,"OCEANA BL","AVALON DR",0.00,,Y,B,-,N,,,,,,,,,,N,3,0,1,2,A,-,06,21760,C,N,B,G,A,A,H,-,B,D,0,,Y,,,Y,,A,01,0,1,0,0,0,0,1,0,0,"- ","- ",,,"SAN MATEO",PACIFICA,-122.49089050292969,37.647171020507812
9390339,2021,2022-01-24,4111,2021-12-26,1210,P5162,P18,7,5,4,4111,0,0,0,,0,0P3,"PERALTA RD","LINDA MAR BL",16.00,S,N,B,-,N,,,,,,,,,,N,3,0,1,2,A,-,04,21703,,N,C,G,A,A,H,-,A,A,0,,Y,,,Y,,A,01,0,1,0,0,0,0,1,0,0,"- ","- ",,,"SAN MATEO",PACIFICA,-122.49740600585938,37.591110229492188
9390657,2021,2022-01-20,4106,2021-10-14,0850,2146,7,4,5,6,4106,0,0,0,,0,002,"ORANGE ST","EAST MARKET ST",0.00,,Y,A,-,N,,,,,,,,,,N,3,0,1,2,A,-,11,21954,A,M,G,B,E,A,H,-,A,D,0,Y,,,,Y,,N,60,0,1,0,0,1,0,0,0,0,"- ","- ",,,"SAN MATEO","DALY CITY",-122.45716094970703,37.691738128662109
9391629,2021,2022-01-20,4113,2021-12-12,1335,479,8,7,5,5,4113,0,0,0,,0,008,"VALOTA RD","KANSAS ST",100.00,N,N,C,-,N,,,,,,,,,,N,4,0,1,2,A,-,21,22106,,N,C,C,A,B,H,-,A,D,0,,,,,Y,,A,01,0,0,1,0,0,0,0,0,0,"- ","- ",37.461601257324219,-122.22933959960938,"SAN MATEO","REDWOOD CITY",-122.22911071777344,37.461803436279297
9400360,2021,2022-02-07,4116,2021-06-30,0000,2247,4127,3,5,5,4116,0,0,0,,0,002,"CLARKE AV","RUNNYMEDE ST",36.00,E,N,A,-,N,,,,,,,,,,N,3,0,1,2,A,-,09,21800,A,N,D,G,A,A,H,-,A,A,0,,,,,Y,,A,01,0,1,0,0,0,0,0,0,0,"- ","- ",,,"SAN MATEO","SAN MATEO",-122.13485717773438,37.468570709228516
9400372,2021,2022-02-07,4127,2021-09-18,1804,2233,4127,6,5,4,4127,0,0,0,,0,004,"UNIVERSITY AV","RUNNYMEDE ST",0.00,,Y,A,-,N,,,,,,,,,,Y,4,0,2,2,A,-,00,21450,,N,D,C,A,A,H,-,A,D,0,,,,,Y,,A,07,0,0,2,0,0,0,0,0,0,"- ","- ",,,"SAN MATEO","EAST PALO ALTO",-122.14134979248047,37.468521118164062
9400382,2021,2022-02-07,4106,2021-10-31,1121,2081,4,7,5,6,4106,0,0,0,,0,003,"LOS BANOS AV","SAN DIEGO AV",0.00,,Y,B,-,N,,,,,,,,,,N,4,0,3,4,A,-,21,22106,,N,B,C,A,A,H,-,A,D,0,,,,,Y,,-,,0,0,3,0,0,0,0,0,0,"- ","- ",37.705471038818359,-122.46436309814453,"SAN MATEO","DALY CITY",-122.46665954589844,37.70538330078125
9402560,2021,2022-02-10,4120,2021-12-31,1230,213,11,5,5,4,4120,0,0,0,,0,00X,"FOSTER CITY BL","TRITON DR",0.00,,Y,A,-,N,,,,,,,,,,N,4,0,1,3,A,-,08,22107,,N,B,C,A,A,H,-,A,A,0,,,,,Y,,A,01,0,0,1,0,0,0,0,0,0,"- ","- ",37.562889099121094,-122.27143096923828,"SAN MATEO","FOSTER CITY",-122.27146148681641,37.562911987304688
9403243,2021,2022-02-18,4127,2021-05-29,1118,2269,4127,6,5,4,4127,0,0,0,,0,003,"EAST BAYSHORE RD","PULGAS AV",350.00,N,N,A,-,N,,,,,,,,,,Y,2,0,2,2,A,-,05,21651,,N,A,E,A,A,H,-,A,D,0,,,,,Y,,D,22,1,0,1,0,0,0,0,0,0,"- ","- ",,,"SAN MATEO","EAST PALO ALTO",-122.13092041015625,37.454940795898438
9404862,2021,2022-12-06,4108,2021-05-06,0744,1585,3,4,5,3,4108,0,0,0,,0,0SS,"BRENTWOOD RD","ASCOT RD",0.00,,Y,A,-,N,,,,,,,,,,N,4,0,1,2,A,-,09,21800,A,N,D,G,A,A,H,-,A,A,0,,Y,,,Y,,A,01,0,0,1,0,0,0,1,0,0,"- ","- ",37.560958862304688,-122.34623718261719,"SAN MATEO",HILLSBOROUGH,-122.34623718261719,37.560958862304688
9404866,2021,2022-12-06,4108,2021-09-28,1445,9913,3,2,5,3,4108,0,0,0,,0,0SS,"EL CERRITO AV","CRYSTAL SPRINGS RD",269.00,N,N,A,-,N,,,,,,,,,,N,3,0,1,2,A,-,07,21658,A,N,A,C,A,A,H,-,A,D,0,,,,,Y,,-,,0,1,0,0,0,0,0,0,0,"- ","- ",37.553321838378906,-122.33933258056641,"SAN MATEO",HILLSBOROUGH,-122.33985900878906,37.553134918212891
9411379,2021,2022-06-03,4127,2021-11-15,0000,2243,4127,1,5,4,4127,0,0,0,,0,004,"GREEN ST","ADDISON AV",0.00,,Y,A,-,N,,,,,,,,,,N,3,0,2,2,A,-,03,22350,,N,H,E,A,A,H,-,A,D,0,,,,,Y,,A,01,0,2,0,0,0,0,0,0,0,"- ","- ",,,"SAN MATEO","EAST PALO ALTO",-122.14888763427734,37.464633941650391
9411898,2021,2022-02-23,4127,2021-12-19,0114,2269,4127,7,5,4,4127,0,0,0,,0,003,"CLARKE AV",OCONNOR,73.00,E,N,A,-,N,,,,,,,,,,Y,3,0,1,2,A,-,08,22107,,M,B,E,A,A,H,-,C,D,0,,,,,Y,Y,A,01,0,1,0,0,0,0,0,0,0,"- ","- ",,,"SAN MATEO","EAST PALO ALTO",-122.13462066650391,37.460700988769531
9411956,2021,2022-04-04,4102,2021-12-18,1150,31500,2C,6,5,4,4102,0,0,0,,0,002,"RALSTON AV","SOUTH RD",217.00,W,N,A,-,N,,,,,,,,,,N,3,0,1,2,D,-,00,,,N,B,C,A,A,H,-,A,D,0,,,,,Y,,-,"- ",0,1,0,0,0,0,0,0,0,"- ","- ",37.517120361328125,-122.28130340576172,"SAN MATEO",BELMONT,-122.2796630859375,37.516834259033203
9412920,2021,2022-03-07,4106,2021-12-22,1730,2184,7,3,5,6,4106,0,0,0,,0,002,"EAST MARKET ST","HILLSIDE BL",0.00,,Y,A,-,N,,,,,,,,,,N,3,0,2,2,A,-,10,21950,A,N,B,B,B,B,H,-,C,A,0,Y,,,,Y,,-,,0,2,0,0,1,0,0,0,0,"- ","- ",37.689968109130859,-122.461181640625,"SAN MATEO","DALY CITY",-122.46116638183594,37.689956665039062
9414553,2021,2022-03-22,4127,2021-11-21,0043,2242,4127,7,5,4,4127,0,0,0,,0,001,"EAST BAYSHORE RD","OAKWOOD DR",114.00,N,N,A,-,N,,,,,,,,,,N,2,0,1,2,A,-,14,21201,D,F,C,G,A,A,H,-,C,A,0,,Y,,,Y,Y,L,04,1,0,0,0,0,0,1,0,0,"- ","- ",,,"SAN MATEO","EAST PALO ALTO",-122.14810943603516,37.465023040771484
9416859,2021,2022-03-16,4127,2021-11-15,1759,2264,4127,1,5,4,4127,0,0,0,,0,001,"WEEKS ST","UNIVERSITY AV",1.00,E,N,A,-,N,,,,,,,,,,N,4,0,1,2,A,-,10,21950,,F,G,B,B,A,H,-,C,D,0,Y,,,,Y,,A,01,0,0,1,0,1,0,0,0,0,"- ","- ",,,"SAN MATEO","EAST PALO ALTO",-122.14009094238281,37.470500946044922
9420916,2021,2022-05-10,4111,2021-11-09,1415,P5150,P12,2,5,4,4111,0,0,0,,0,0P2,"RT 1","FASSLER AV",0.00,,Y,A,-,Y,SM,4,1,-,-,42.014,I,5,S,Y,2,0,7,5,C,-,18,,,N,D,C,A,A,H,-,A,A,0,,,,Y,Y,,-,"- ",1,6,0,0,0,0,0,0,0,"- ","- ",,,"SAN MATEO",PACIFICA,-122.49526214599609,37.608806610107422
9425860,2021,2022-03-24,4106,2021-10-23,2305,2174,,6,5,6,4106,0,0,0,,0,,"CLARINADA AV","SAINT FRANCIS BL",0.00,,Y,C,-,N,,,,,,,,,,Y,3,0,2,2,A,-,12,22450,,F,D,C,A,B,H,-,C,A,0,,,,,Y,,A,01,0,1,1,0,0,0,0,0,0,"- ","- ",,,"SAN MATEO","DALY CITY",-122.48015594482422,37.671226501464844
9514812,2021,2022-12-06,4108,2021-05-11,1550,9904,3,2,5,3,4108,0,0,0,,0,0SS,STONEHEDGE,UPLANDS,0.00,,Y,A,-,N,,,,,,,,,,Y,3,0,1,2,A,-,09,21801,A,N,A,C,A,A,H,-,A,D,0,,,,,Y,,A,01,0,1,0,0,0,0,0,0,0,"- ","- ",37.560371398925781,-122.33277130126953,"SAN MATEO",HILLSBOROUGH,-122.33268737792969,37.560394287109375